[2025-02-04 05:45:57] local.ERROR: Command "db:ssed" is not defined.

Did you mean one of these?
    db
    db:monitor
    db:seed
    db:show
    db:table
    db:wipe {"exception":"[object] (Symfony\\Component\\Console\\Exception\\CommandNotFoundException(code: 0): Command \"db:ssed\" is not defined.

Did you mean one of these?
    db
    db:monitor
    db:seed
    db:show
    db:table
    db:wipe at C:\\xampp\\htdocs\\laravel-dev-assessment\\vendor\\symfony\\console\\Application.php:726)
[stacktrace]
#0 C:\\xampp\\htdocs\\laravel-dev-assessment\\vendor\\symfony\\console\\Application.php(284): Symfony\\Component\\Console\\Application->find('db:ssed')
#1 C:\\xampp\\htdocs\\laravel-dev-assessment\\vendor\\symfony\\console\\Application.php(193): Symfony\\Component\\Console\\Application->doRun(Object(Symfony\\Component\\Console\\Input\\ArgvInput), Object(Symfony\\Component\\Console\\Output\\ConsoleOutput))
#2 C:\\xampp\\htdocs\\laravel-dev-assessment\\vendor\\laravel\\framework\\src\\Illuminate\\Foundation\\Console\\Kernel.php(198): Symfony\\Component\\Console\\Application->run(Object(Symfony\\Component\\Console\\Input\\ArgvInput), Object(Symfony\\Component\\Console\\Output\\ConsoleOutput))
#3 C:\\xampp\\htdocs\\laravel-dev-assessment\\vendor\\laravel\\framework\\src\\Illuminate\\Foundation\\Application.php(1205): Illuminate\\Foundation\\Console\\Kernel->handle(Object(Symfony\\Component\\Console\\Input\\ArgvInput), Object(Symfony\\Component\\Console\\Output\\ConsoleOutput))
#4 C:\\xampp\\htdocs\\laravel-dev-assessment\\artisan(13): Illuminate\\Foundation\\Application->handleCommand(Object(Symfony\\Component\\Console\\Input\\ArgvInput))
#5 {main}
"} 
[2025-02-04 05:46:18] local.ERROR: No application encryption key has been specified. {"exception":"[object] (Illuminate\\Encryption\\MissingAppKeyException(code: 0): No application encryption key has been specified. at C:\\xampp\\htdocs\\laravel-dev-assessment\\vendor\\laravel\\framework\\src\\Illuminate\\Encryption\\EncryptionServiceProvider.php:83)
[stacktrace]
#0 C:\\xampp\\htdocs\\laravel-dev-assessment\\vendor\\laravel\\framework\\src\\Illuminate\\Support\\helpers.php(393): Illuminate\\Encryption\\EncryptionServiceProvider->Illuminate\\Encryption\\{closure}('')
#1 C:\\xampp\\htdocs\\laravel-dev-assessment\\vendor\\laravel\\framework\\src\\Illuminate\\Encryption\\EncryptionServiceProvider.php(81): tap('', Object(Closure))
#2 C:\\xampp\\htdocs\\laravel-dev-assessment\\vendor\\laravel\\framework\\src\\Illuminate\\Encryption\\EncryptionServiceProvider.php(64): Illuminate\\Encryption\\EncryptionServiceProvider->key(Array)
#3 C:\\xampp\\htdocs\\laravel-dev-assessment\\vendor\\laravel\\framework\\src\\Illuminate\\Encryption\\EncryptionServiceProvider.php(32): Illuminate\\Encryption\\EncryptionServiceProvider->parseKey(Array)
#4 C:\\xampp\\htdocs\\laravel-dev-assessment\\vendor\\laravel\\framework\\src\\Illuminate\\Container\\Container.php(937): Illuminate\\Encryption\\EncryptionServiceProvider->Illuminate\\Encryption\\{closure}(Object(Illuminate\\Foundation\\Application), Array)
#5 C:\\xampp\\htdocs\\laravel-dev-assessment\\vendor\\laravel\\framework\\src\\Illuminate\\Container\\Container.php(819): Illuminate\\Container\\Container->build(Object(Closure))
#6 C:\\xampp\\htdocs\\laravel-dev-assessment\\vendor\\laravel\\framework\\src\\Illuminate\\Foundation\\Application.php(1048): Illuminate\\Container\\Container->resolve('encrypter', Array, true)
#7 C:\\xampp\\htdocs\\laravel-dev-assessment\\vendor\\laravel\\framework\\src\\Illuminate\\Container\\Container.php(755): Illuminate\\Foundation\\Application->resolve('encrypter', Array)
#8 C:\\xampp\\htdocs\\laravel-dev-assessment\\vendor\\laravel\\framework\\src\\Illuminate\\Foundation\\Application.php(1030): Illuminate\\Container\\Container->make('encrypter', Array)
#9 C:\\xampp\\htdocs\\laravel-dev-assessment\\vendor\\laravel\\framework\\src\\Illuminate\\Container\\Container.php(1118): Illuminate\\Foundation\\Application->make('encrypter')
#10 C:\\xampp\\htdocs\\laravel-dev-assessment\\vendor\\laravel\\framework\\src\\Illuminate\\Container\\Container.php(1028): Illuminate\\Container\\Container->resolveClass(Object(ReflectionParameter))
#11 C:\\xampp\\htdocs\\laravel-dev-assessment\\vendor\\laravel\\framework\\src\\Illuminate\\Container\\Container.php(979): Illuminate\\Container\\Container->resolveDependencies(Array)
#12 C:\\xampp\\htdocs\\laravel-dev-assessment\\vendor\\laravel\\framework\\src\\Illuminate\\Container\\Container.php(819): Illuminate\\Container\\Container->build('Illuminate\\\\Cook...')
#13 C:\\xampp\\htdocs\\laravel-dev-assessment\\vendor\\laravel\\framework\\src\\Illuminate\\Foundation\\Application.php(1048): Illuminate\\Container\\Container->resolve('Illuminate\\\\Cook...', Array, true)
#14 C:\\xampp\\htdocs\\laravel-dev-assessment\\vendor\\laravel\\framework\\src\\Illuminate\\Container\\Container.php(755): Illuminate\\Foundation\\Application->resolve('Illuminate\\\\Cook...', Array)
#15 C:\\xampp\\htdocs\\laravel-dev-assessment\\vendor\\laravel\\framework\\src\\Illuminate\\Foundation\\Application.php(1030): Illuminate\\Container\\Container->make('Illuminate\\\\Cook...', Array)
#16 C:\\xampp\\htdocs\\laravel-dev-assessment\\vendor\\laravel\\framework\\src\\Illuminate\\Pipeline\\Pipeline.php(172): Illuminate\\Foundation\\Application->make('Illuminate\\\\Cook...')
#17 C:\\xampp\\htdocs\\laravel-dev-assessment\\vendor\\laravel\\framework\\src\\Illuminate\\Pipeline\\Pipeline.php(119): Illuminate\\Pipeline\\Pipeline->Illuminate\\Pipeline\\{closure}(Object(Illuminate\\Http\\Request))
#18 C:\\xampp\\htdocs\\laravel-dev-assessment\\vendor\\laravel\\framework\\src\\Illuminate\\Routing\\Router.php(807): Illuminate\\Pipeline\\Pipeline->then(Object(Closure))
#19 C:\\xampp\\htdocs\\laravel-dev-assessment\\vendor\\laravel\\framework\\src\\Illuminate\\Routing\\Router.php(786): Illuminate\\Routing\\Router->runRouteWithinStack(Object(Illuminate\\Routing\\Route), Object(Illuminate\\Http\\Request))
#20 C:\\xampp\\htdocs\\laravel-dev-assessment\\vendor\\laravel\\framework\\src\\Illuminate\\Routing\\Router.php(750): Illuminate\\Routing\\Router->runRoute(Object(Illuminate\\Http\\Request), Object(Illuminate\\Routing\\Route))
#21 C:\\xampp\\htdocs\\laravel-dev-assessment\\vendor\\laravel\\framework\\src\\Illuminate\\Routing\\Router.php(739): Illuminate\\Routing\\Router->dispatchToRoute(Object(Illuminate\\Http\\Request))
#22 C:\\xampp\\htdocs\\laravel-dev-assessment\\vendor\\laravel\\framework\\src\\Illuminate\\Foundation\\Http\\Kernel.php(201): Illuminate\\Routing\\Router->dispatch(Object(Illuminate\\Http\\Request))
#23 C:\\xampp\\htdocs\\laravel-dev-assessment\\vendor\\laravel\\framework\\src\\Illuminate\\Pipeline\\Pipeline.php(144): Illuminate\\Foundation\\Http\\Kernel->Illuminate\\Foundation\\Http\\{closure}(Object(Illuminate\\Http\\Request))
#24 C:\\xampp\\htdocs\\laravel-dev-assessment\\vendor\\livewire\\livewire\\src\\Features\\SupportDisablingBackButtonCache\\DisableBackButtonCacheMiddleware.php(19): Illuminate\\Pipeline\\Pipeline->Illuminate\\Pipeline\\{closure}(Object(Illuminate\\Http\\Request))
#25 C:\\xampp\\htdocs\\laravel-dev-assessment\\vendor\\laravel\\framework\\src\\Illuminate\\Pipeline\\Pipeline.php(183): Livewire\\Features\\SupportDisablingBackButtonCache\\DisableBackButtonCacheMiddleware->handle(Object(Illuminate\\Http\\Request), Object(Closure))
#26 C:\\xampp\\htdocs\\laravel-dev-assessment\\vendor\\barryvdh\\laravel-debugbar\\src\\Middleware\\InjectDebugbar.php(66): Illuminate\\Pipeline\\Pipeline->Illuminate\\Pipeline\\{closure}(Object(Illuminate\\Http\\Request))
#27 C:\\xampp\\htdocs\\laravel-dev-assessment\\vendor\\laravel\\framework\\src\\Illuminate\\Pipeline\\Pipeline.php(183): Barryvdh\\Debugbar\\Middleware\\InjectDebugbar->handle(Object(Illuminate\\Http\\Request), Object(Closure))
#28 C:\\xampp\\htdocs\\laravel-dev-assessment\\vendor\\laravel\\framework\\src\\Illuminate\\Foundation\\Http\\Middleware\\TransformsRequest.php(21): Illuminate\\Pipeline\\Pipeline->Illuminate\\Pipeline\\{closure}(Object(Illuminate\\Http\\Request))
#29 C:\\xampp\\htdocs\\laravel-dev-assessment\\vendor\\laravel\\framework\\src\\Illuminate\\Foundation\\Http\\Middleware\\ConvertEmptyStringsToNull.php(31): Illuminate\\Foundation\\Http\\Middleware\\TransformsRequest->handle(Object(Illuminate\\Http\\Request), Object(Closure))
#30 C:\\xampp\\htdocs\\laravel-dev-assessment\\vendor\\laravel\\framework\\src\\Illuminate\\Pipeline\\Pipeline.php(183): Illuminate\\Foundation\\Http\\Middleware\\ConvertEmptyStringsToNull->handle(Object(Illuminate\\Http\\Request), Object(Closure))
#31 C:\\xampp\\htdocs\\laravel-dev-assessment\\vendor\\laravel\\framework\\src\\Illuminate\\Foundation\\Http\\Middleware\\TransformsRequest.php(21): Illuminate\\Pipeline\\Pipeline->Illuminate\\Pipeline\\{closure}(Object(Illuminate\\Http\\Request))
#32 C:\\xampp\\htdocs\\laravel-dev-assessment\\vendor\\laravel\\framework\\src\\Illuminate\\Foundation\\Http\\Middleware\\TrimStrings.php(51): Illuminate\\Foundation\\Http\\Middleware\\TransformsRequest->handle(Object(Illuminate\\Http\\Request), Object(Closure))
#33 C:\\xampp\\htdocs\\laravel-dev-assessment\\vendor\\laravel\\framework\\src\\Illuminate\\Pipeline\\Pipeline.php(183): Illuminate\\Foundation\\Http\\Middleware\\TrimStrings->handle(Object(Illuminate\\Http\\Request), Object(Closure))
#34 C:\\xampp\\htdocs\\laravel-dev-assessment\\vendor\\laravel\\framework\\src\\Illuminate\\Http\\Middleware\\ValidatePostSize.php(27): Illuminate\\Pipeline\\Pipeline->Illuminate\\Pipeline\\{closure}(Object(Illuminate\\Http\\Request))
#35 C:\\xampp\\htdocs\\laravel-dev-assessment\\vendor\\laravel\\framework\\src\\Illuminate\\Pipeline\\Pipeline.php(183): Illuminate\\Http\\Middleware\\ValidatePostSize->handle(Object(Illuminate\\Http\\Request), Object(Closure))
#36 C:\\xampp\\htdocs\\laravel-dev-assessment\\vendor\\laravel\\framework\\src\\Illuminate\\Foundation\\Http\\Middleware\\PreventRequestsDuringMaintenance.php(110): Illuminate\\Pipeline\\Pipeline->Illuminate\\Pipeline\\{closure}(Object(Illuminate\\Http\\Request))
#37 C:\\xampp\\htdocs\\laravel-dev-assessment\\vendor\\laravel\\framework\\src\\Illuminate\\Pipeline\\Pipeline.php(183): Illuminate\\Foundation\\Http\\Middleware\\PreventRequestsDuringMaintenance->handle(Object(Illuminate\\Http\\Request), Object(Closure))
#38 C:\\xampp\\htdocs\\laravel-dev-assessment\\vendor\\laravel\\framework\\src\\Illuminate\\Http\\Middleware\\HandleCors.php(49): Illuminate\\Pipeline\\Pipeline->Illuminate\\Pipeline\\{closure}(Object(Illuminate\\Http\\Request))
#39 C:\\xampp\\htdocs\\laravel-dev-assessment\\vendor\\laravel\\framework\\src\\Illuminate\\Pipeline\\Pipeline.php(183): Illuminate\\Http\\Middleware\\HandleCors->handle(Object(Illuminate\\Http\\Request), Object(Closure))
#40 C:\\xampp\\htdocs\\laravel-dev-assessment\\vendor\\laravel\\framework\\src\\Illuminate\\Http\\Middleware\\TrustProxies.php(58): Illuminate\\Pipeline\\Pipeline->Illuminate\\Pipeline\\{closure}(Object(Illuminate\\Http\\Request))
#41 C:\\xampp\\htdocs\\laravel-dev-assessment\\vendor\\laravel\\framework\\src\\Illuminate\\Pipeline\\Pipeline.php(183): Illuminate\\Http\\Middleware\\TrustProxies->handle(Object(Illuminate\\Http\\Request), Object(Closure))
#42 C:\\xampp\\htdocs\\laravel-dev-assessment\\vendor\\laravel\\framework\\src\\Illuminate\\Foundation\\Http\\Middleware\\InvokeDeferredCallbacks.php(22): Illuminate\\Pipeline\\Pipeline->Illuminate\\Pipeline\\{closure}(Object(Illuminate\\Http\\Request))
#43 C:\\xampp\\htdocs\\laravel-dev-assessment\\vendor\\laravel\\framework\\src\\Illuminate\\Pipeline\\Pipeline.php(183): Illuminate\\Foundation\\Http\\Middleware\\InvokeDeferredCallbacks->handle(Object(Illuminate\\Http\\Request), Object(Closure))
#44 C:\\xampp\\htdocs\\laravel-dev-assessment\\vendor\\laravel\\framework\\src\\Illuminate\\Pipeline\\Pipeline.php(119): Illuminate\\Pipeline\\Pipeline->Illuminate\\Pipeline\\{closure}(Object(Illuminate\\Http\\Request))
#45 C:\\xampp\\htdocs\\laravel-dev-assessment\\vendor\\laravel\\framework\\src\\Illuminate\\Foundation\\Http\\Kernel.php(176): Illuminate\\Pipeline\\Pipeline->then(Object(Closure))
#46 C:\\xampp\\htdocs\\laravel-dev-assessment\\vendor\\laravel\\framework\\src\\Illuminate\\Foundation\\Http\\Kernel.php(145): Illuminate\\Foundation\\Http\\Kernel->sendRequestThroughRouter(Object(Illuminate\\Http\\Request))
#47 C:\\xampp\\htdocs\\laravel-dev-assessment\\vendor\\laravel\\framework\\src\\Illuminate\\Foundation\\Application.php(1190): Illuminate\\Foundation\\Http\\Kernel->handle(Object(Illuminate\\Http\\Request))
#48 C:\\xampp\\htdocs\\laravel-dev-assessment\\public\\index.php(17): Illuminate\\Foundation\\Application->handleRequest(Object(Illuminate\\Http\\Request))
#49 {main}
"} 
[2025-02-04 05:46:23] local.ERROR: No application encryption key has been specified. {"exception":"[object] (Illuminate\\Encryption\\MissingAppKeyException(code: 0): No application encryption key has been specified. at C:\\xampp\\htdocs\\laravel-dev-assessment\\vendor\\laravel\\framework\\src\\Illuminate\\Encryption\\EncryptionServiceProvider.php:83)
[stacktrace]
#0 C:\\xampp\\htdocs\\laravel-dev-assessment\\vendor\\laravel\\framework\\src\\Illuminate\\Support\\helpers.php(393): Illuminate\\Encryption\\EncryptionServiceProvider->Illuminate\\Encryption\\{closure}('')
#1 C:\\xampp\\htdocs\\laravel-dev-assessment\\vendor\\laravel\\framework\\src\\Illuminate\\Encryption\\EncryptionServiceProvider.php(81): tap('', Object(Closure))
#2 C:\\xampp\\htdocs\\laravel-dev-assessment\\vendor\\laravel\\framework\\src\\Illuminate\\Encryption\\EncryptionServiceProvider.php(64): Illuminate\\Encryption\\EncryptionServiceProvider->key(Array)
#3 C:\\xampp\\htdocs\\laravel-dev-assessment\\vendor\\laravel\\framework\\src\\Illuminate\\Encryption\\EncryptionServiceProvider.php(32): Illuminate\\Encryption\\EncryptionServiceProvider->parseKey(Array)
#4 C:\\xampp\\htdocs\\laravel-dev-assessment\\vendor\\laravel\\framework\\src\\Illuminate\\Container\\Container.php(937): Illuminate\\Encryption\\EncryptionServiceProvider->Illuminate\\Encryption\\{closure}(Object(Illuminate\\Foundation\\Application), Array)
#5 C:\\xampp\\htdocs\\laravel-dev-assessment\\vendor\\laravel\\framework\\src\\Illuminate\\Container\\Container.php(819): Illuminate\\Container\\Container->build(Object(Closure))
#6 C:\\xampp\\htdocs\\laravel-dev-assessment\\vendor\\laravel\\framework\\src\\Illuminate\\Foundation\\Application.php(1048): Illuminate\\Container\\Container->resolve('encrypter', Array, true)
#7 C:\\xampp\\htdocs\\laravel-dev-assessment\\vendor\\laravel\\framework\\src\\Illuminate\\Container\\Container.php(755): Illuminate\\Foundation\\Application->resolve('encrypter', Array)
#8 C:\\xampp\\htdocs\\laravel-dev-assessment\\vendor\\laravel\\framework\\src\\Illuminate\\Foundation\\Application.php(1030): Illuminate\\Container\\Container->make('encrypter', Array)
#9 C:\\xampp\\htdocs\\laravel-dev-assessment\\vendor\\laravel\\framework\\src\\Illuminate\\Container\\Container.php(1118): Illuminate\\Foundation\\Application->make('encrypter')
#10 C:\\xampp\\htdocs\\laravel-dev-assessment\\vendor\\laravel\\framework\\src\\Illuminate\\Container\\Container.php(1028): Illuminate\\Container\\Container->resolveClass(Object(ReflectionParameter))
#11 C:\\xampp\\htdocs\\laravel-dev-assessment\\vendor\\laravel\\framework\\src\\Illuminate\\Container\\Container.php(979): Illuminate\\Container\\Container->resolveDependencies(Array)
#12 C:\\xampp\\htdocs\\laravel-dev-assessment\\vendor\\laravel\\framework\\src\\Illuminate\\Container\\Container.php(819): Illuminate\\Container\\Container->build('Illuminate\\\\Cook...')
#13 C:\\xampp\\htdocs\\laravel-dev-assessment\\vendor\\laravel\\framework\\src\\Illuminate\\Foundation\\Application.php(1048): Illuminate\\Container\\Container->resolve('Illuminate\\\\Cook...', Array, true)
#14 C:\\xampp\\htdocs\\laravel-dev-assessment\\vendor\\laravel\\framework\\src\\Illuminate\\Container\\Container.php(755): Illuminate\\Foundation\\Application->resolve('Illuminate\\\\Cook...', Array)
#15 C:\\xampp\\htdocs\\laravel-dev-assessment\\vendor\\laravel\\framework\\src\\Illuminate\\Foundation\\Application.php(1030): Illuminate\\Container\\Container->make('Illuminate\\\\Cook...', Array)
#16 C:\\xampp\\htdocs\\laravel-dev-assessment\\vendor\\laravel\\framework\\src\\Illuminate\\Foundation\\Http\\Kernel.php(258): Illuminate\\Foundation\\Application->make('Illuminate\\\\Cook...')
#17 C:\\xampp\\htdocs\\laravel-dev-assessment\\vendor\\laravel\\framework\\src\\Illuminate\\Foundation\\Http\\Kernel.php(216): Illuminate\\Foundation\\Http\\Kernel->terminateMiddleware(Object(Illuminate\\Http\\Request), Object(Illuminate\\Http\\Response))
#18 C:\\xampp\\htdocs\\laravel-dev-assessment\\vendor\\laravel\\framework\\src\\Illuminate\\Foundation\\Application.php(1192): Illuminate\\Foundation\\Http\\Kernel->terminate(Object(Illuminate\\Http\\Request), Object(Illuminate\\Http\\Response))
#19 C:\\xampp\\htdocs\\laravel-dev-assessment\\public\\index.php(17): Illuminate\\Foundation\\Application->handleRequest(Object(Illuminate\\Http\\Request))
#20 {main}
"} 
[2025-02-04 05:46:59] local.ERROR: Vite manifest not found at: C:\xampp\htdocs\laravel-dev-assessment\public\build/manifest.json (View: C:\xampp\htdocs\laravel-dev-assessment\resources\views\app.blade.php) {"exception":"[object] (Illuminate\\View\\ViewException(code: 0): Vite manifest not found at: C:\\xampp\\htdocs\\laravel-dev-assessment\\public\\build/manifest.json (View: C:\\xampp\\htdocs\\laravel-dev-assessment\\resources\\views\\app.blade.php) at C:\\xampp\\htdocs\\laravel-dev-assessment\\vendor\\laravel\\framework\\src\\Illuminate\\Foundation\\Vite.php:934)
[stacktrace]
#0 C:\\xampp\\htdocs\\laravel-dev-assessment\\vendor\\livewire\\livewire\\src\\Mechanisms\\ExtendBlade\\ExtendedCompilerEngine.php(58): Illuminate\\View\\Engines\\CompilerEngine->handleViewException(Object(Illuminate\\Foundation\\ViteManifestNotFoundException), 1)
#1 C:\\xampp\\htdocs\\laravel-dev-assessment\\vendor\\laravel\\framework\\src\\Illuminate\\View\\Engines\\PhpEngine.php(60): Livewire\\Mechanisms\\ExtendBlade\\ExtendedCompilerEngine->handleViewException(Object(Illuminate\\Foundation\\ViteManifestNotFoundException), 1)
#2 C:\\xampp\\htdocs\\laravel-dev-assessment\\vendor\\livewire\\livewire\\src\\Mechanisms\\ExtendBlade\\ExtendedCompilerEngine.php(22): Illuminate\\View\\Engines\\PhpEngine->evaluatePath('C:\\\\xampp\\\\htdocs...', Array)
#3 C:\\xampp\\htdocs\\laravel-dev-assessment\\vendor\\laravel\\framework\\src\\Illuminate\\View\\Engines\\CompilerEngine.php(74): Livewire\\Mechanisms\\ExtendBlade\\ExtendedCompilerEngine->evaluatePath('C:\\\\xampp\\\\htdocs...', Array)
#4 C:\\xampp\\htdocs\\laravel-dev-assessment\\vendor\\livewire\\livewire\\src\\Mechanisms\\ExtendBlade\\ExtendedCompilerEngine.php(10): Illuminate\\View\\Engines\\CompilerEngine->get('C:\\\\xampp\\\\htdocs...', Array)
#5 C:\\xampp\\htdocs\\laravel-dev-assessment\\vendor\\laravel\\framework\\src\\Illuminate\\View\\View.php(209): Livewire\\Mechanisms\\ExtendBlade\\ExtendedCompilerEngine->get('C:\\\\xampp\\\\htdocs...', Array)
#6 C:\\xampp\\htdocs\\laravel-dev-assessment\\vendor\\laravel\\framework\\src\\Illuminate\\View\\View.php(192): Illuminate\\View\\View->getContents()
#7 C:\\xampp\\htdocs\\laravel-dev-assessment\\vendor\\laravel\\framework\\src\\Illuminate\\View\\View.php(161): Illuminate\\View\\View->renderContents()
#8 C:\\xampp\\htdocs\\laravel-dev-assessment\\vendor\\laravel\\framework\\src\\Illuminate\\Http\\Response.php(70): Illuminate\\View\\View->render()
#9 C:\\xampp\\htdocs\\laravel-dev-assessment\\vendor\\laravel\\framework\\src\\Illuminate\\Http\\Response.php(35): Illuminate\\Http\\Response->setContent(Object(Illuminate\\View\\View))
#10 C:\\xampp\\htdocs\\laravel-dev-assessment\\vendor\\laravel\\framework\\src\\Illuminate\\Routing\\ResponseFactory.php(58): Illuminate\\Http\\Response->__construct(Object(Illuminate\\View\\View), 200, Array)
#11 C:\\xampp\\htdocs\\laravel-dev-assessment\\vendor\\laravel\\framework\\src\\Illuminate\\Routing\\ResponseFactory.php(88): Illuminate\\Routing\\ResponseFactory->make(Object(Illuminate\\View\\View), 200, Array)
#12 C:\\xampp\\htdocs\\laravel-dev-assessment\\vendor\\laravel\\framework\\src\\Illuminate\\Support\\Facades\\Facade.php(359): Illuminate\\Routing\\ResponseFactory->view('app', Array)
#13 C:\\xampp\\htdocs\\laravel-dev-assessment\\vendor\\inertiajs\\inertia-laravel\\src\\Response.php(106): Illuminate\\Support\\Facades\\Facade::__callStatic('view', Array)
#14 C:\\xampp\\htdocs\\laravel-dev-assessment\\vendor\\laravel\\framework\\src\\Illuminate\\Routing\\Router.php(902): Inertia\\Response->toResponse(Object(Illuminate\\Http\\Request))
#15 C:\\xampp\\htdocs\\laravel-dev-assessment\\vendor\\laravel\\framework\\src\\Illuminate\\Routing\\Router.php(887): Illuminate\\Routing\\Router::toResponse(Object(Illuminate\\Http\\Request), Object(Inertia\\Response))
#16 C:\\xampp\\htdocs\\laravel-dev-assessment\\vendor\\laravel\\framework\\src\\Illuminate\\Routing\\Router.php(807): Illuminate\\Routing\\Router->prepareResponse(Object(Illuminate\\Http\\Request), Object(Inertia\\Response))
#17 C:\\xampp\\htdocs\\laravel-dev-assessment\\vendor\\laravel\\framework\\src\\Illuminate\\Pipeline\\Pipeline.php(144): Illuminate\\Routing\\Router->Illuminate\\Routing\\{closure}(Object(Illuminate\\Http\\Request))
#18 C:\\xampp\\htdocs\\laravel-dev-assessment\\vendor\\laravel\\framework\\src\\Illuminate\\Http\\Middleware\\AddLinkHeadersForPreloadedAssets.php(20): Illuminate\\Pipeline\\Pipeline->Illuminate\\Pipeline\\{closure}(Object(Illuminate\\Http\\Request))
#19 C:\\xampp\\htdocs\\laravel-dev-assessment\\vendor\\laravel\\framework\\src\\Illuminate\\Pipeline\\Pipeline.php(183): Illuminate\\Http\\Middleware\\AddLinkHeadersForPreloadedAssets->handle(Object(Illuminate\\Http\\Request), Object(Closure))
#20 C:\\xampp\\htdocs\\laravel-dev-assessment\\vendor\\inertiajs\\inertia-laravel\\src\\Middleware.php(86): Illuminate\\Pipeline\\Pipeline->Illuminate\\Pipeline\\{closure}(Object(Illuminate\\Http\\Request))
#21 C:\\xampp\\htdocs\\laravel-dev-assessment\\vendor\\laravel\\framework\\src\\Illuminate\\Pipeline\\Pipeline.php(183): Inertia\\Middleware->handle(Object(Illuminate\\Http\\Request), Object(Closure))
#22 C:\\xampp\\htdocs\\laravel-dev-assessment\\vendor\\laravel\\framework\\src\\Illuminate\\Routing\\Middleware\\SubstituteBindings.php(51): Illuminate\\Pipeline\\Pipeline->Illuminate\\Pipeline\\{closure}(Object(Illuminate\\Http\\Request))
#23 C:\\xampp\\htdocs\\laravel-dev-assessment\\vendor\\laravel\\framework\\src\\Illuminate\\Pipeline\\Pipeline.php(183): Illuminate\\Routing\\Middleware\\SubstituteBindings->handle(Object(Illuminate\\Http\\Request), Object(Closure))
#24 C:\\xampp\\htdocs\\laravel-dev-assessment\\vendor\\laravel\\framework\\src\\Illuminate\\Foundation\\Http\\Middleware\\VerifyCsrfToken.php(88): Illuminate\\Pipeline\\Pipeline->Illuminate\\Pipeline\\{closure}(Object(Illuminate\\Http\\Request))
#25 C:\\xampp\\htdocs\\laravel-dev-assessment\\vendor\\laravel\\framework\\src\\Illuminate\\Pipeline\\Pipeline.php(183): Illuminate\\Foundation\\Http\\Middleware\\VerifyCsrfToken->handle(Object(Illuminate\\Http\\Request), Object(Closure))
#26 C:\\xampp\\htdocs\\laravel-dev-assessment\\vendor\\laravel\\framework\\src\\Illuminate\\View\\Middleware\\ShareErrorsFromSession.php(49): Illuminate\\Pipeline\\Pipeline->Illuminate\\Pipeline\\{closure}(Object(Illuminate\\Http\\Request))
#27 C:\\xampp\\htdocs\\laravel-dev-assessment\\vendor\\laravel\\framework\\src\\Illuminate\\Pipeline\\Pipeline.php(183): Illuminate\\View\\Middleware\\ShareErrorsFromSession->handle(Object(Illuminate\\Http\\Request), Object(Closure))
#28 C:\\xampp\\htdocs\\laravel-dev-assessment\\vendor\\laravel\\framework\\src\\Illuminate\\Session\\Middleware\\StartSession.php(121): Illuminate\\Pipeline\\Pipeline->Illuminate\\Pipeline\\{closure}(Object(Illuminate\\Http\\Request))
#29 C:\\xampp\\htdocs\\laravel-dev-assessment\\vendor\\laravel\\framework\\src\\Illuminate\\Session\\Middleware\\StartSession.php(64): Illuminate\\Session\\Middleware\\StartSession->handleStatefulRequest(Object(Illuminate\\Http\\Request), Object(Illuminate\\Session\\Store), Object(Closure))
#30 C:\\xampp\\htdocs\\laravel-dev-assessment\\vendor\\laravel\\framework\\src\\Illuminate\\Pipeline\\Pipeline.php(183): Illuminate\\Session\\Middleware\\StartSession->handle(Object(Illuminate\\Http\\Request), Object(Closure))
#31 C:\\xampp\\htdocs\\laravel-dev-assessment\\vendor\\laravel\\framework\\src\\Illuminate\\Cookie\\Middleware\\AddQueuedCookiesToResponse.php(37): Illuminate\\Pipeline\\Pipeline->Illuminate\\Pipeline\\{closure}(Object(Illuminate\\Http\\Request))
#32 C:\\xampp\\htdocs\\laravel-dev-assessment\\vendor\\laravel\\framework\\src\\Illuminate\\Pipeline\\Pipeline.php(183): Illuminate\\Cookie\\Middleware\\AddQueuedCookiesToResponse->handle(Object(Illuminate\\Http\\Request), Object(Closure))
#33 C:\\xampp\\htdocs\\laravel-dev-assessment\\vendor\\laravel\\framework\\src\\Illuminate\\Cookie\\Middleware\\EncryptCookies.php(75): Illuminate\\Pipeline\\Pipeline->Illuminate\\Pipeline\\{closure}(Object(Illuminate\\Http\\Request))
#34 C:\\xampp\\htdocs\\laravel-dev-assessment\\vendor\\laravel\\framework\\src\\Illuminate\\Pipeline\\Pipeline.php(183): Illuminate\\Cookie\\Middleware\\EncryptCookies->handle(Object(Illuminate\\Http\\Request), Object(Closure))
#35 C:\\xampp\\htdocs\\laravel-dev-assessment\\vendor\\laravel\\framework\\src\\Illuminate\\Pipeline\\Pipeline.php(119): Illuminate\\Pipeline\\Pipeline->Illuminate\\Pipeline\\{closure}(Object(Illuminate\\Http\\Request))
#36 C:\\xampp\\htdocs\\laravel-dev-assessment\\vendor\\laravel\\framework\\src\\Illuminate\\Routing\\Router.php(807): Illuminate\\Pipeline\\Pipeline->then(Object(Closure))
#37 C:\\xampp\\htdocs\\laravel-dev-assessment\\vendor\\laravel\\framework\\src\\Illuminate\\Routing\\Router.php(786): Illuminate\\Routing\\Router->runRouteWithinStack(Object(Illuminate\\Routing\\Route), Object(Illuminate\\Http\\Request))
#38 C:\\xampp\\htdocs\\laravel-dev-assessment\\vendor\\laravel\\framework\\src\\Illuminate\\Routing\\Router.php(750): Illuminate\\Routing\\Router->runRoute(Object(Illuminate\\Http\\Request), Object(Illuminate\\Routing\\Route))
#39 C:\\xampp\\htdocs\\laravel-dev-assessment\\vendor\\laravel\\framework\\src\\Illuminate\\Routing\\Router.php(739): Illuminate\\Routing\\Router->dispatchToRoute(Object(Illuminate\\Http\\Request))
#40 C:\\xampp\\htdocs\\laravel-dev-assessment\\vendor\\laravel\\framework\\src\\Illuminate\\Foundation\\Http\\Kernel.php(201): Illuminate\\Routing\\Router->dispatch(Object(Illuminate\\Http\\Request))
#41 C:\\xampp\\htdocs\\laravel-dev-assessment\\vendor\\laravel\\framework\\src\\Illuminate\\Pipeline\\Pipeline.php(144): Illuminate\\Foundation\\Http\\Kernel->Illuminate\\Foundation\\Http\\{closure}(Object(Illuminate\\Http\\Request))
#42 C:\\xampp\\htdocs\\laravel-dev-assessment\\vendor\\livewire\\livewire\\src\\Features\\SupportDisablingBackButtonCache\\DisableBackButtonCacheMiddleware.php(19): Illuminate\\Pipeline\\Pipeline->Illuminate\\Pipeline\\{closure}(Object(Illuminate\\Http\\Request))
#43 C:\\xampp\\htdocs\\laravel-dev-assessment\\vendor\\laravel\\framework\\src\\Illuminate\\Pipeline\\Pipeline.php(183): Livewire\\Features\\SupportDisablingBackButtonCache\\DisableBackButtonCacheMiddleware->handle(Object(Illuminate\\Http\\Request), Object(Closure))
#44 C:\\xampp\\htdocs\\laravel-dev-assessment\\vendor\\barryvdh\\laravel-debugbar\\src\\Middleware\\InjectDebugbar.php(66): Illuminate\\Pipeline\\Pipeline->Illuminate\\Pipeline\\{closure}(Object(Illuminate\\Http\\Request))
#45 C:\\xampp\\htdocs\\laravel-dev-assessment\\vendor\\laravel\\framework\\src\\Illuminate\\Pipeline\\Pipeline.php(183): Barryvdh\\Debugbar\\Middleware\\InjectDebugbar->handle(Object(Illuminate\\Http\\Request), Object(Closure))
#46 C:\\xampp\\htdocs\\laravel-dev-assessment\\vendor\\laravel\\framework\\src\\Illuminate\\Foundation\\Http\\Middleware\\TransformsRequest.php(21): Illuminate\\Pipeline\\Pipeline->Illuminate\\Pipeline\\{closure}(Object(Illuminate\\Http\\Request))
#47 C:\\xampp\\htdocs\\laravel-dev-assessment\\vendor\\laravel\\framework\\src\\Illuminate\\Foundation\\Http\\Middleware\\ConvertEmptyStringsToNull.php(31): Illuminate\\Foundation\\Http\\Middleware\\TransformsRequest->handle(Object(Illuminate\\Http\\Request), Object(Closure))
#48 C:\\xampp\\htdocs\\laravel-dev-assessment\\vendor\\laravel\\framework\\src\\Illuminate\\Pipeline\\Pipeline.php(183): Illuminate\\Foundation\\Http\\Middleware\\ConvertEmptyStringsToNull->handle(Object(Illuminate\\Http\\Request), Object(Closure))
#49 C:\\xampp\\htdocs\\laravel-dev-assessment\\vendor\\laravel\\framework\\src\\Illuminate\\Foundation\\Http\\Middleware\\TransformsRequest.php(21): Illuminate\\Pipeline\\Pipeline->Illuminate\\Pipeline\\{closure}(Object(Illuminate\\Http\\Request))
#50 C:\\xampp\\htdocs\\laravel-dev-assessment\\vendor\\laravel\\framework\\src\\Illuminate\\Foundation\\Http\\Middleware\\TrimStrings.php(51): Illuminate\\Foundation\\Http\\Middleware\\TransformsRequest->handle(Object(Illuminate\\Http\\Request), Object(Closure))
#51 C:\\xampp\\htdocs\\laravel-dev-assessment\\vendor\\laravel\\framework\\src\\Illuminate\\Pipeline\\Pipeline.php(183): Illuminate\\Foundation\\Http\\Middleware\\TrimStrings->handle(Object(Illuminate\\Http\\Request), Object(Closure))
#52 C:\\xampp\\htdocs\\laravel-dev-assessment\\vendor\\laravel\\framework\\src\\Illuminate\\Http\\Middleware\\ValidatePostSize.php(27): Illuminate\\Pipeline\\Pipeline->Illuminate\\Pipeline\\{closure}(Object(Illuminate\\Http\\Request))
#53 C:\\xampp\\htdocs\\laravel-dev-assessment\\vendor\\laravel\\framework\\src\\Illuminate\\Pipeline\\Pipeline.php(183): Illuminate\\Http\\Middleware\\ValidatePostSize->handle(Object(Illuminate\\Http\\Request), Object(Closure))
#54 C:\\xampp\\htdocs\\laravel-dev-assessment\\vendor\\laravel\\framework\\src\\Illuminate\\Foundation\\Http\\Middleware\\PreventRequestsDuringMaintenance.php(110): Illuminate\\Pipeline\\Pipeline->Illuminate\\Pipeline\\{closure}(Object(Illuminate\\Http\\Request))
#55 C:\\xampp\\htdocs\\laravel-dev-assessment\\vendor\\laravel\\framework\\src\\Illuminate\\Pipeline\\Pipeline.php(183): Illuminate\\Foundation\\Http\\Middleware\\PreventRequestsDuringMaintenance->handle(Object(Illuminate\\Http\\Request), Object(Closure))
#56 C:\\xampp\\htdocs\\laravel-dev-assessment\\vendor\\laravel\\framework\\src\\Illuminate\\Http\\Middleware\\HandleCors.php(49): Illuminate\\Pipeline\\Pipeline->Illuminate\\Pipeline\\{closure}(Object(Illuminate\\Http\\Request))
#57 C:\\xampp\\htdocs\\laravel-dev-assessment\\vendor\\laravel\\framework\\src\\Illuminate\\Pipeline\\Pipeline.php(183): Illuminate\\Http\\Middleware\\HandleCors->handle(Object(Illuminate\\Http\\Request), Object(Closure))
#58 C:\\xampp\\htdocs\\laravel-dev-assessment\\vendor\\laravel\\framework\\src\\Illuminate\\Http\\Middleware\\TrustProxies.php(58): Illuminate\\Pipeline\\Pipeline->Illuminate\\Pipeline\\{closure}(Object(Illuminate\\Http\\Request))
#59 C:\\xampp\\htdocs\\laravel-dev-assessment\\vendor\\laravel\\framework\\src\\Illuminate\\Pipeline\\Pipeline.php(183): Illuminate\\Http\\Middleware\\TrustProxies->handle(Object(Illuminate\\Http\\Request), Object(Closure))
#60 C:\\xampp\\htdocs\\laravel-dev-assessment\\vendor\\laravel\\framework\\src\\Illuminate\\Foundation\\Http\\Middleware\\InvokeDeferredCallbacks.php(22): Illuminate\\Pipeline\\Pipeline->Illuminate\\Pipeline\\{closure}(Object(Illuminate\\Http\\Request))
#61 C:\\xampp\\htdocs\\laravel-dev-assessment\\vendor\\laravel\\framework\\src\\Illuminate\\Pipeline\\Pipeline.php(183): Illuminate\\Foundation\\Http\\Middleware\\InvokeDeferredCallbacks->handle(Object(Illuminate\\Http\\Request), Object(Closure))
#62 C:\\xampp\\htdocs\\laravel-dev-assessment\\vendor\\laravel\\framework\\src\\Illuminate\\Pipeline\\Pipeline.php(119): Illuminate\\Pipeline\\Pipeline->Illuminate\\Pipeline\\{closure}(Object(Illuminate\\Http\\Request))
#63 C:\\xampp\\htdocs\\laravel-dev-assessment\\vendor\\laravel\\framework\\src\\Illuminate\\Foundation\\Http\\Kernel.php(176): Illuminate\\Pipeline\\Pipeline->then(Object(Closure))
#64 C:\\xampp\\htdocs\\laravel-dev-assessment\\vendor\\laravel\\framework\\src\\Illuminate\\Foundation\\Http\\Kernel.php(145): Illuminate\\Foundation\\Http\\Kernel->sendRequestThroughRouter(Object(Illuminate\\Http\\Request))
#65 C:\\xampp\\htdocs\\laravel-dev-assessment\\vendor\\laravel\\framework\\src\\Illuminate\\Foundation\\Application.php(1190): Illuminate\\Foundation\\Http\\Kernel->handle(Object(Illuminate\\Http\\Request))
#66 C:\\xampp\\htdocs\\laravel-dev-assessment\\public\\index.php(17): Illuminate\\Foundation\\Application->handleRequest(Object(Illuminate\\Http\\Request))
#67 {main}

[previous exception] [object] (Illuminate\\Foundation\\ViteManifestNotFoundException(code: 0): Vite manifest not found at: C:\\xampp\\htdocs\\laravel-dev-assessment\\public\\build/manifest.json at C:\\xampp\\htdocs\\laravel-dev-assessment\\vendor\\laravel\\framework\\src\\Illuminate\\Foundation\\Vite.php:934)
[stacktrace]
#0 C:\\xampp\\htdocs\\laravel-dev-assessment\\vendor\\laravel\\framework\\src\\Illuminate\\Foundation\\Vite.php(384): Illuminate\\Foundation\\Vite->manifest('build')
#1 C:\\xampp\\htdocs\\laravel-dev-assessment\\storage\\framework\\views\\7e606c3c9803510b6cc7577ec664755c.php(23): Illuminate\\Foundation\\Vite->__invoke(Object(Illuminate\\Support\\Collection))
#2 C:\\xampp\\htdocs\\laravel-dev-assessment\\vendor\\laravel\\framework\\src\\Illuminate\\Filesystem\\Filesystem.php(123): require('C:\\\\xampp\\\\htdocs...')
#3 C:\\xampp\\htdocs\\laravel-dev-assessment\\vendor\\laravel\\framework\\src\\Illuminate\\Filesystem\\Filesystem.php(124): Illuminate\\Filesystem\\Filesystem::Illuminate\\Filesystem\\{closure}()
#4 C:\\xampp\\htdocs\\laravel-dev-assessment\\vendor\\laravel\\framework\\src\\Illuminate\\View\\Engines\\PhpEngine.php(58): Illuminate\\Filesystem\\Filesystem->getRequire('C:\\\\xampp\\\\htdocs...', Array)
#5 C:\\xampp\\htdocs\\laravel-dev-assessment\\vendor\\livewire\\livewire\\src\\Mechanisms\\ExtendBlade\\ExtendedCompilerEngine.php(22): Illuminate\\View\\Engines\\PhpEngine->evaluatePath('C:\\\\xampp\\\\htdocs...', Array)
#6 C:\\xampp\\htdocs\\laravel-dev-assessment\\vendor\\laravel\\framework\\src\\Illuminate\\View\\Engines\\CompilerEngine.php(74): Livewire\\Mechanisms\\ExtendBlade\\ExtendedCompilerEngine->evaluatePath('C:\\\\xampp\\\\htdocs...', Array)
#7 C:\\xampp\\htdocs\\laravel-dev-assessment\\vendor\\livewire\\livewire\\src\\Mechanisms\\ExtendBlade\\ExtendedCompilerEngine.php(10): Illuminate\\View\\Engines\\CompilerEngine->get('C:\\\\xampp\\\\htdocs...', Array)
#8 C:\\xampp\\htdocs\\laravel-dev-assessment\\vendor\\laravel\\framework\\src\\Illuminate\\View\\View.php(209): Livewire\\Mechanisms\\ExtendBlade\\ExtendedCompilerEngine->get('C:\\\\xampp\\\\htdocs...', Array)
#9 C:\\xampp\\htdocs\\laravel-dev-assessment\\vendor\\laravel\\framework\\src\\Illuminate\\View\\View.php(192): Illuminate\\View\\View->getContents()
#10 C:\\xampp\\htdocs\\laravel-dev-assessment\\vendor\\laravel\\framework\\src\\Illuminate\\View\\View.php(161): Illuminate\\View\\View->renderContents()
#11 C:\\xampp\\htdocs\\laravel-dev-assessment\\vendor\\laravel\\framework\\src\\Illuminate\\Http\\Response.php(70): Illuminate\\View\\View->render()
#12 C:\\xampp\\htdocs\\laravel-dev-assessment\\vendor\\laravel\\framework\\src\\Illuminate\\Http\\Response.php(35): Illuminate\\Http\\Response->setContent(Object(Illuminate\\View\\View))
#13 C:\\xampp\\htdocs\\laravel-dev-assessment\\vendor\\laravel\\framework\\src\\Illuminate\\Routing\\ResponseFactory.php(58): Illuminate\\Http\\Response->__construct(Object(Illuminate\\View\\View), 200, Array)
#14 C:\\xampp\\htdocs\\laravel-dev-assessment\\vendor\\laravel\\framework\\src\\Illuminate\\Routing\\ResponseFactory.php(88): Illuminate\\Routing\\ResponseFactory->make(Object(Illuminate\\View\\View), 200, Array)
#15 C:\\xampp\\htdocs\\laravel-dev-assessment\\vendor\\laravel\\framework\\src\\Illuminate\\Support\\Facades\\Facade.php(359): Illuminate\\Routing\\ResponseFactory->view('app', Array)
#16 C:\\xampp\\htdocs\\laravel-dev-assessment\\vendor\\inertiajs\\inertia-laravel\\src\\Response.php(106): Illuminate\\Support\\Facades\\Facade::__callStatic('view', Array)
#17 C:\\xampp\\htdocs\\laravel-dev-assessment\\vendor\\laravel\\framework\\src\\Illuminate\\Routing\\Router.php(902): Inertia\\Response->toResponse(Object(Illuminate\\Http\\Request))
#18 C:\\xampp\\htdocs\\laravel-dev-assessment\\vendor\\laravel\\framework\\src\\Illuminate\\Routing\\Router.php(887): Illuminate\\Routing\\Router::toResponse(Object(Illuminate\\Http\\Request), Object(Inertia\\Response))
#19 C:\\xampp\\htdocs\\laravel-dev-assessment\\vendor\\laravel\\framework\\src\\Illuminate\\Routing\\Router.php(807): Illuminate\\Routing\\Router->prepareResponse(Object(Illuminate\\Http\\Request), Object(Inertia\\Response))
#20 C:\\xampp\\htdocs\\laravel-dev-assessment\\vendor\\laravel\\framework\\src\\Illuminate\\Pipeline\\Pipeline.php(144): Illuminate\\Routing\\Router->Illuminate\\Routing\\{closure}(Object(Illuminate\\Http\\Request))
#21 C:\\xampp\\htdocs\\laravel-dev-assessment\\vendor\\laravel\\framework\\src\\Illuminate\\Http\\Middleware\\AddLinkHeadersForPreloadedAssets.php(20): Illuminate\\Pipeline\\Pipeline->Illuminate\\Pipeline\\{closure}(Object(Illuminate\\Http\\Request))
#22 C:\\xampp\\htdocs\\laravel-dev-assessment\\vendor\\laravel\\framework\\src\\Illuminate\\Pipeline\\Pipeline.php(183): Illuminate\\Http\\Middleware\\AddLinkHeadersForPreloadedAssets->handle(Object(Illuminate\\Http\\Request), Object(Closure))
#23 C:\\xampp\\htdocs\\laravel-dev-assessment\\vendor\\inertiajs\\inertia-laravel\\src\\Middleware.php(86): Illuminate\\Pipeline\\Pipeline->Illuminate\\Pipeline\\{closure}(Object(Illuminate\\Http\\Request))
#24 C:\\xampp\\htdocs\\laravel-dev-assessment\\vendor\\laravel\\framework\\src\\Illuminate\\Pipeline\\Pipeline.php(183): Inertia\\Middleware->handle(Object(Illuminate\\Http\\Request), Object(Closure))
#25 C:\\xampp\\htdocs\\laravel-dev-assessment\\vendor\\laravel\\framework\\src\\Illuminate\\Routing\\Middleware\\SubstituteBindings.php(51): Illuminate\\Pipeline\\Pipeline->Illuminate\\Pipeline\\{closure}(Object(Illuminate\\Http\\Request))
#26 C:\\xampp\\htdocs\\laravel-dev-assessment\\vendor\\laravel\\framework\\src\\Illuminate\\Pipeline\\Pipeline.php(183): Illuminate\\Routing\\Middleware\\SubstituteBindings->handle(Object(Illuminate\\Http\\Request), Object(Closure))
#27 C:\\xampp\\htdocs\\laravel-dev-assessment\\vendor\\laravel\\framework\\src\\Illuminate\\Foundation\\Http\\Middleware\\VerifyCsrfToken.php(88): Illuminate\\Pipeline\\Pipeline->Illuminate\\Pipeline\\{closure}(Object(Illuminate\\Http\\Request))
#28 C:\\xampp\\htdocs\\laravel-dev-assessment\\vendor\\laravel\\framework\\src\\Illuminate\\Pipeline\\Pipeline.php(183): Illuminate\\Foundation\\Http\\Middleware\\VerifyCsrfToken->handle(Object(Illuminate\\Http\\Request), Object(Closure))
#29 C:\\xampp\\htdocs\\laravel-dev-assessment\\vendor\\laravel\\framework\\src\\Illuminate\\View\\Middleware\\ShareErrorsFromSession.php(49): Illuminate\\Pipeline\\Pipeline->Illuminate\\Pipeline\\{closure}(Object(Illuminate\\Http\\Request))
#30 C:\\xampp\\htdocs\\laravel-dev-assessment\\vendor\\laravel\\framework\\src\\Illuminate\\Pipeline\\Pipeline.php(183): Illuminate\\View\\Middleware\\ShareErrorsFromSession->handle(Object(Illuminate\\Http\\Request), Object(Closure))
#31 C:\\xampp\\htdocs\\laravel-dev-assessment\\vendor\\laravel\\framework\\src\\Illuminate\\Session\\Middleware\\StartSession.php(121): Illuminate\\Pipeline\\Pipeline->Illuminate\\Pipeline\\{closure}(Object(Illuminate\\Http\\Request))
#32 C:\\xampp\\htdocs\\laravel-dev-assessment\\vendor\\laravel\\framework\\src\\Illuminate\\Session\\Middleware\\StartSession.php(64): Illuminate\\Session\\Middleware\\StartSession->handleStatefulRequest(Object(Illuminate\\Http\\Request), Object(Illuminate\\Session\\Store), Object(Closure))
#33 C:\\xampp\\htdocs\\laravel-dev-assessment\\vendor\\laravel\\framework\\src\\Illuminate\\Pipeline\\Pipeline.php(183): Illuminate\\Session\\Middleware\\StartSession->handle(Object(Illuminate\\Http\\Request), Object(Closure))
#34 C:\\xampp\\htdocs\\laravel-dev-assessment\\vendor\\laravel\\framework\\src\\Illuminate\\Cookie\\Middleware\\AddQueuedCookiesToResponse.php(37): Illuminate\\Pipeline\\Pipeline->Illuminate\\Pipeline\\{closure}(Object(Illuminate\\Http\\Request))
#35 C:\\xampp\\htdocs\\laravel-dev-assessment\\vendor\\laravel\\framework\\src\\Illuminate\\Pipeline\\Pipeline.php(183): Illuminate\\Cookie\\Middleware\\AddQueuedCookiesToResponse->handle(Object(Illuminate\\Http\\Request), Object(Closure))
#36 C:\\xampp\\htdocs\\laravel-dev-assessment\\vendor\\laravel\\framework\\src\\Illuminate\\Cookie\\Middleware\\EncryptCookies.php(75): Illuminate\\Pipeline\\Pipeline->Illuminate\\Pipeline\\{closure}(Object(Illuminate\\Http\\Request))
#37 C:\\xampp\\htdocs\\laravel-dev-assessment\\vendor\\laravel\\framework\\src\\Illuminate\\Pipeline\\Pipeline.php(183): Illuminate\\Cookie\\Middleware\\EncryptCookies->handle(Object(Illuminate\\Http\\Request), Object(Closure))
#38 C:\\xampp\\htdocs\\laravel-dev-assessment\\vendor\\laravel\\framework\\src\\Illuminate\\Pipeline\\Pipeline.php(119): Illuminate\\Pipeline\\Pipeline->Illuminate\\Pipeline\\{closure}(Object(Illuminate\\Http\\Request))
#39 C:\\xampp\\htdocs\\laravel-dev-assessment\\vendor\\laravel\\framework\\src\\Illuminate\\Routing\\Router.php(807): Illuminate\\Pipeline\\Pipeline->then(Object(Closure))
#40 C:\\xampp\\htdocs\\laravel-dev-assessment\\vendor\\laravel\\framework\\src\\Illuminate\\Routing\\Router.php(786): Illuminate\\Routing\\Router->runRouteWithinStack(Object(Illuminate\\Routing\\Route), Object(Illuminate\\Http\\Request))
#41 C:\\xampp\\htdocs\\laravel-dev-assessment\\vendor\\laravel\\framework\\src\\Illuminate\\Routing\\Router.php(750): Illuminate\\Routing\\Router->runRoute(Object(Illuminate\\Http\\Request), Object(Illuminate\\Routing\\Route))
#42 C:\\xampp\\htdocs\\laravel-dev-assessment\\vendor\\laravel\\framework\\src\\Illuminate\\Routing\\Router.php(739): Illuminate\\Routing\\Router->dispatchToRoute(Object(Illuminate\\Http\\Request))
#43 C:\\xampp\\htdocs\\laravel-dev-assessment\\vendor\\laravel\\framework\\src\\Illuminate\\Foundation\\Http\\Kernel.php(201): Illuminate\\Routing\\Router->dispatch(Object(Illuminate\\Http\\Request))
#44 C:\\xampp\\htdocs\\laravel-dev-assessment\\vendor\\laravel\\framework\\src\\Illuminate\\Pipeline\\Pipeline.php(144): Illuminate\\Foundation\\Http\\Kernel->Illuminate\\Foundation\\Http\\{closure}(Object(Illuminate\\Http\\Request))
#45 C:\\xampp\\htdocs\\laravel-dev-assessment\\vendor\\livewire\\livewire\\src\\Features\\SupportDisablingBackButtonCache\\DisableBackButtonCacheMiddleware.php(19): Illuminate\\Pipeline\\Pipeline->Illuminate\\Pipeline\\{closure}(Object(Illuminate\\Http\\Request))
#46 C:\\xampp\\htdocs\\laravel-dev-assessment\\vendor\\laravel\\framework\\src\\Illuminate\\Pipeline\\Pipeline.php(183): Livewire\\Features\\SupportDisablingBackButtonCache\\DisableBackButtonCacheMiddleware->handle(Object(Illuminate\\Http\\Request), Object(Closure))
#47 C:\\xampp\\htdocs\\laravel-dev-assessment\\vendor\\barryvdh\\laravel-debugbar\\src\\Middleware\\InjectDebugbar.php(66): Illuminate\\Pipeline\\Pipeline->Illuminate\\Pipeline\\{closure}(Object(Illuminate\\Http\\Request))
#48 C:\\xampp\\htdocs\\laravel-dev-assessment\\vendor\\laravel\\framework\\src\\Illuminate\\Pipeline\\Pipeline.php(183): Barryvdh\\Debugbar\\Middleware\\InjectDebugbar->handle(Object(Illuminate\\Http\\Request), Object(Closure))
#49 C:\\xampp\\htdocs\\laravel-dev-assessment\\vendor\\laravel\\framework\\src\\Illuminate\\Foundation\\Http\\Middleware\\TransformsRequest.php(21): Illuminate\\Pipeline\\Pipeline->Illuminate\\Pipeline\\{closure}(Object(Illuminate\\Http\\Request))
#50 C:\\xampp\\htdocs\\laravel-dev-assessment\\vendor\\laravel\\framework\\src\\Illuminate\\Foundation\\Http\\Middleware\\ConvertEmptyStringsToNull.php(31): Illuminate\\Foundation\\Http\\Middleware\\TransformsRequest->handle(Object(Illuminate\\Http\\Request), Object(Closure))
#51 C:\\xampp\\htdocs\\laravel-dev-assessment\\vendor\\laravel\\framework\\src\\Illuminate\\Pipeline\\Pipeline.php(183): Illuminate\\Foundation\\Http\\Middleware\\ConvertEmptyStringsToNull->handle(Object(Illuminate\\Http\\Request), Object(Closure))
#52 C:\\xampp\\htdocs\\laravel-dev-assessment\\vendor\\laravel\\framework\\src\\Illuminate\\Foundation\\Http\\Middleware\\TransformsRequest.php(21): Illuminate\\Pipeline\\Pipeline->Illuminate\\Pipeline\\{closure}(Object(Illuminate\\Http\\Request))
#53 C:\\xampp\\htdocs\\laravel-dev-assessment\\vendor\\laravel\\framework\\src\\Illuminate\\Foundation\\Http\\Middleware\\TrimStrings.php(51): Illuminate\\Foundation\\Http\\Middleware\\TransformsRequest->handle(Object(Illuminate\\Http\\Request), Object(Closure))
#54 C:\\xampp\\htdocs\\laravel-dev-assessment\\vendor\\laravel\\framework\\src\\Illuminate\\Pipeline\\Pipeline.php(183): Illuminate\\Foundation\\Http\\Middleware\\TrimStrings->handle(Object(Illuminate\\Http\\Request), Object(Closure))
#55 C:\\xampp\\htdocs\\laravel-dev-assessment\\vendor\\laravel\\framework\\src\\Illuminate\\Http\\Middleware\\ValidatePostSize.php(27): Illuminate\\Pipeline\\Pipeline->Illuminate\\Pipeline\\{closure}(Object(Illuminate\\Http\\Request))
#56 C:\\xampp\\htdocs\\laravel-dev-assessment\\vendor\\laravel\\framework\\src\\Illuminate\\Pipeline\\Pipeline.php(183): Illuminate\\Http\\Middleware\\ValidatePostSize->handle(Object(Illuminate\\Http\\Request), Object(Closure))
#57 C:\\xampp\\htdocs\\laravel-dev-assessment\\vendor\\laravel\\framework\\src\\Illuminate\\Foundation\\Http\\Middleware\\PreventRequestsDuringMaintenance.php(110): Illuminate\\Pipeline\\Pipeline->Illuminate\\Pipeline\\{closure}(Object(Illuminate\\Http\\Request))
#58 C:\\xampp\\htdocs\\laravel-dev-assessment\\vendor\\laravel\\framework\\src\\Illuminate\\Pipeline\\Pipeline.php(183): Illuminate\\Foundation\\Http\\Middleware\\PreventRequestsDuringMaintenance->handle(Object(Illuminate\\Http\\Request), Object(Closure))
#59 C:\\xampp\\htdocs\\laravel-dev-assessment\\vendor\\laravel\\framework\\src\\Illuminate\\Http\\Middleware\\HandleCors.php(49): Illuminate\\Pipeline\\Pipeline->Illuminate\\Pipeline\\{closure}(Object(Illuminate\\Http\\Request))
#60 C:\\xampp\\htdocs\\laravel-dev-assessment\\vendor\\laravel\\framework\\src\\Illuminate\\Pipeline\\Pipeline.php(183): Illuminate\\Http\\Middleware\\HandleCors->handle(Object(Illuminate\\Http\\Request), Object(Closure))
#61 C:\\xampp\\htdocs\\laravel-dev-assessment\\vendor\\laravel\\framework\\src\\Illuminate\\Http\\Middleware\\TrustProxies.php(58): Illuminate\\Pipeline\\Pipeline->Illuminate\\Pipeline\\{closure}(Object(Illuminate\\Http\\Request))
#62 C:\\xampp\\htdocs\\laravel-dev-assessment\\vendor\\laravel\\framework\\src\\Illuminate\\Pipeline\\Pipeline.php(183): Illuminate\\Http\\Middleware\\TrustProxies->handle(Object(Illuminate\\Http\\Request), Object(Closure))
#63 C:\\xampp\\htdocs\\laravel-dev-assessment\\vendor\\laravel\\framework\\src\\Illuminate\\Foundation\\Http\\Middleware\\InvokeDeferredCallbacks.php(22): Illuminate\\Pipeline\\Pipeline->Illuminate\\Pipeline\\{closure}(Object(Illuminate\\Http\\Request))
#64 C:\\xampp\\htdocs\\laravel-dev-assessment\\vendor\\laravel\\framework\\src\\Illuminate\\Pipeline\\Pipeline.php(183): Illuminate\\Foundation\\Http\\Middleware\\InvokeDeferredCallbacks->handle(Object(Illuminate\\Http\\Request), Object(Closure))
#65 C:\\xampp\\htdocs\\laravel-dev-assessment\\vendor\\laravel\\framework\\src\\Illuminate\\Pipeline\\Pipeline.php(119): Illuminate\\Pipeline\\Pipeline->Illuminate\\Pipeline\\{closure}(Object(Illuminate\\Http\\Request))
#66 C:\\xampp\\htdocs\\laravel-dev-assessment\\vendor\\laravel\\framework\\src\\Illuminate\\Foundation\\Http\\Kernel.php(176): Illuminate\\Pipeline\\Pipeline->then(Object(Closure))
#67 C:\\xampp\\htdocs\\laravel-dev-assessment\\vendor\\laravel\\framework\\src\\Illuminate\\Foundation\\Http\\Kernel.php(145): Illuminate\\Foundation\\Http\\Kernel->sendRequestThroughRouter(Object(Illuminate\\Http\\Request))
#68 C:\\xampp\\htdocs\\laravel-dev-assessment\\vendor\\laravel\\framework\\src\\Illuminate\\Foundation\\Application.php(1190): Illuminate\\Foundation\\Http\\Kernel->handle(Object(Illuminate\\Http\\Request))
#69 C:\\xampp\\htdocs\\laravel-dev-assessment\\public\\index.php(17): Illuminate\\Foundation\\Application->handleRequest(Object(Illuminate\\Http\\Request))
#70 {main}
"} 
[2025-02-04 07:01:07] local.ERROR: SQLSTATE[42S02]: Base table or view not found: 1146 Table 'laravel-dev-assessment.skills' doesn't exist (Connection: mysql, SQL: select * from `skills`) {"userId":1,"exception":"[object] (Illuminate\\Database\\QueryException(code: 42S02): SQLSTATE[42S02]: Base table or view not found: 1146 Table 'laravel-dev-assessment.skills' doesn't exist (Connection: mysql, SQL: select * from `skills`) at C:\\xampp\\htdocs\\laravel-dev-assessment\\vendor\\laravel\\framework\\src\\Illuminate\\Database\\Connection.php:825)
[stacktrace]
#0 C:\\xampp\\htdocs\\laravel-dev-assessment\\vendor\\laravel\\framework\\src\\Illuminate\\Database\\Connection.php(779): Illuminate\\Database\\Connection->runQueryCallback('select * from `...', Array, Object(Closure))
#1 C:\\xampp\\htdocs\\laravel-dev-assessment\\vendor\\laravel\\framework\\src\\Illuminate\\Database\\Connection.php(398): Illuminate\\Database\\Connection->run('select * from `...', Array, Object(Closure))
#2 C:\\xampp\\htdocs\\laravel-dev-assessment\\vendor\\laravel\\framework\\src\\Illuminate\\Database\\Query\\Builder.php(3133): Illuminate\\Database\\Connection->select('select * from `...', Array, true)
#3 C:\\xampp\\htdocs\\laravel-dev-assessment\\vendor\\laravel\\framework\\src\\Illuminate\\Database\\Query\\Builder.php(3118): Illuminate\\Database\\Query\\Builder->runSelect()
#4 C:\\xampp\\htdocs\\laravel-dev-assessment\\vendor\\laravel\\framework\\src\\Illuminate\\Database\\Query\\Builder.php(3706): Illuminate\\Database\\Query\\Builder->Illuminate\\Database\\Query\\{closure}()
#5 C:\\xampp\\htdocs\\laravel-dev-assessment\\vendor\\laravel\\framework\\src\\Illuminate\\Database\\Query\\Builder.php(3117): Illuminate\\Database\\Query\\Builder->onceWithColumns(Array, Object(Closure))
#6 C:\\xampp\\htdocs\\laravel-dev-assessment\\vendor\\laravel\\framework\\src\\Illuminate\\Database\\Eloquent\\Builder.php(760): Illuminate\\Database\\Query\\Builder->get(Array)
#7 C:\\xampp\\htdocs\\laravel-dev-assessment\\vendor\\laravel\\framework\\src\\Illuminate\\Database\\Eloquent\\Builder.php(742): Illuminate\\Database\\Eloquent\\Builder->getModels(Array)
#8 C:\\xampp\\htdocs\\laravel-dev-assessment\\vendor\\laravel\\framework\\src\\Illuminate\\Database\\Eloquent\\Model.php(693): Illuminate\\Database\\Eloquent\\Builder->get(Array)
#9 C:\\xampp\\htdocs\\laravel-dev-assessment\\app\\Livewire\\Pages\\Skills\\Index.php(31): Illuminate\\Database\\Eloquent\\Model::all()
#10 C:\\xampp\\htdocs\\laravel-dev-assessment\\app\\Livewire\\Pages\\Skills\\Index.php(26): App\\Livewire\\Pages\\Skills\\Index->loadSkills()
#11 C:\\xampp\\htdocs\\laravel-dev-assessment\\vendor\\laravel\\framework\\src\\Illuminate\\Container\\BoundMethod.php(36): App\\Livewire\\Pages\\Skills\\Index->mount()
#12 C:\\xampp\\htdocs\\laravel-dev-assessment\\vendor\\laravel\\framework\\src\\Illuminate\\Container\\Util.php(43): Illuminate\\Container\\BoundMethod::Illuminate\\Container\\{closure}()
#13 C:\\xampp\\htdocs\\laravel-dev-assessment\\vendor\\laravel\\framework\\src\\Illuminate\\Container\\BoundMethod.php(95): Illuminate\\Container\\Util::unwrapIfClosure(Object(Closure))
#14 C:\\xampp\\htdocs\\laravel-dev-assessment\\vendor\\laravel\\framework\\src\\Illuminate\\Container\\BoundMethod.php(35): Illuminate\\Container\\BoundMethod::callBoundMethod(Object(Illuminate\\Foundation\\Application), Array, Object(Closure))
#15 C:\\xampp\\htdocs\\laravel-dev-assessment\\vendor\\livewire\\livewire\\src\\Wrapped.php(23): Illuminate\\Container\\BoundMethod::call(Object(Illuminate\\Foundation\\Application), Array, Array)
#16 C:\\xampp\\htdocs\\laravel-dev-assessment\\vendor\\livewire\\livewire\\src\\Features\\SupportLifecycleHooks\\SupportLifecycleHooks.php(134): Livewire\\Wrapped->__call('mount', Array)
#17 C:\\xampp\\htdocs\\laravel-dev-assessment\\vendor\\livewire\\livewire\\src\\Features\\SupportLifecycleHooks\\SupportLifecycleHooks.php(20): Livewire\\Features\\SupportLifecycleHooks\\SupportLifecycleHooks->callHook('mount', Array)
#18 C:\\xampp\\htdocs\\laravel-dev-assessment\\vendor\\livewire\\livewire\\src\\ComponentHook.php(19): Livewire\\Features\\SupportLifecycleHooks\\SupportLifecycleHooks->mount(Array, false)
#19 C:\\xampp\\htdocs\\laravel-dev-assessment\\vendor\\livewire\\livewire\\src\\ComponentHookRegistry.php(45): Livewire\\ComponentHook->callMount(Array, false)
#20 C:\\xampp\\htdocs\\laravel-dev-assessment\\vendor\\livewire\\livewire\\src\\EventBus.php(60): Livewire\\ComponentHookRegistry::Livewire\\{closure}(Object(App\\Livewire\\Pages\\Skills\\Index), Array, NULL, false)
#21 C:\\xampp\\htdocs\\laravel-dev-assessment\\vendor\\livewire\\livewire\\src\\helpers.php(98): Livewire\\EventBus->trigger('mount', Object(App\\Livewire\\Pages\\Skills\\Index), Array, NULL, false)
#22 C:\\xampp\\htdocs\\laravel-dev-assessment\\vendor\\livewire\\livewire\\src\\Mechanisms\\HandleComponents\\HandleComponents.php(50): Livewire\\trigger('mount', Object(App\\Livewire\\Pages\\Skills\\Index), Array, NULL, false)
#23 C:\\xampp\\htdocs\\laravel-dev-assessment\\vendor\\livewire\\livewire\\src\\LivewireManager.php(73): Livewire\\Mechanisms\\HandleComponents\\HandleComponents->mount('App\\\\Livewire\\\\Pa...', Array, NULL)
#24 C:\\xampp\\htdocs\\laravel-dev-assessment\\vendor\\livewire\\livewire\\src\\Features\\SupportPageComponents\\HandlesPageComponents.php(17): Livewire\\LivewireManager->mount('App\\\\Livewire\\\\Pa...', Array)
#25 C:\\xampp\\htdocs\\laravel-dev-assessment\\vendor\\livewire\\livewire\\src\\Features\\SupportPageComponents\\SupportPageComponents.php(117): Livewire\\Component->Livewire\\Features\\SupportPageComponents\\{closure}()
#26 C:\\xampp\\htdocs\\laravel-dev-assessment\\vendor\\livewire\\livewire\\src\\Features\\SupportPageComponents\\HandlesPageComponents.php(14): Livewire\\Features\\SupportPageComponents\\SupportPageComponents::interceptTheRenderOfTheComponentAndRetreiveTheLayoutConfiguration(Object(Closure))
#27 C:\\xampp\\htdocs\\laravel-dev-assessment\\vendor\\laravel\\framework\\src\\Illuminate\\Routing\\ControllerDispatcher.php(47): Livewire\\Component->__invoke()
#28 C:\\xampp\\htdocs\\laravel-dev-assessment\\vendor\\laravel\\framework\\src\\Illuminate\\Routing\\Route.php(266): Illuminate\\Routing\\ControllerDispatcher->dispatch(Object(Illuminate\\Routing\\Route), Object(App\\Livewire\\Pages\\Skills\\Index), '__invoke')
#29 C:\\xampp\\htdocs\\laravel-dev-assessment\\vendor\\laravel\\framework\\src\\Illuminate\\Routing\\Route.php(212): Illuminate\\Routing\\Route->runController()
#30 C:\\xampp\\htdocs\\laravel-dev-assessment\\vendor\\laravel\\framework\\src\\Illuminate\\Routing\\Router.php(808): Illuminate\\Routing\\Route->run()
#31 C:\\xampp\\htdocs\\laravel-dev-assessment\\vendor\\laravel\\framework\\src\\Illuminate\\Pipeline\\Pipeline.php(144): Illuminate\\Routing\\Router->Illuminate\\Routing\\{closure}(Object(Illuminate\\Http\\Request))
#32 C:\\xampp\\htdocs\\laravel-dev-assessment\\vendor\\spatie\\laravel-permission\\src\\Middleware\\RoleMiddleware.php(39): Illuminate\\Pipeline\\Pipeline->Illuminate\\Pipeline\\{closure}(Object(Illuminate\\Http\\Request))
#33 C:\\xampp\\htdocs\\laravel-dev-assessment\\vendor\\laravel\\framework\\src\\Illuminate\\Pipeline\\Pipeline.php(183): Spatie\\Permission\\Middleware\\RoleMiddleware->handle(Object(Illuminate\\Http\\Request), Object(Closure), 'admin')
#34 C:\\xampp\\htdocs\\laravel-dev-assessment\\vendor\\laravel\\framework\\src\\Illuminate\\Http\\Middleware\\AddLinkHeadersForPreloadedAssets.php(20): Illuminate\\Pipeline\\Pipeline->Illuminate\\Pipeline\\{closure}(Object(Illuminate\\Http\\Request))
#35 C:\\xampp\\htdocs\\laravel-dev-assessment\\vendor\\laravel\\framework\\src\\Illuminate\\Pipeline\\Pipeline.php(183): Illuminate\\Http\\Middleware\\AddLinkHeadersForPreloadedAssets->handle(Object(Illuminate\\Http\\Request), Object(Closure))
#36 C:\\xampp\\htdocs\\laravel-dev-assessment\\vendor\\inertiajs\\inertia-laravel\\src\\Middleware.php(86): Illuminate\\Pipeline\\Pipeline->Illuminate\\Pipeline\\{closure}(Object(Illuminate\\Http\\Request))
#37 C:\\xampp\\htdocs\\laravel-dev-assessment\\vendor\\laravel\\framework\\src\\Illuminate\\Pipeline\\Pipeline.php(183): Inertia\\Middleware->handle(Object(Illuminate\\Http\\Request), Object(Closure))
#38 C:\\xampp\\htdocs\\laravel-dev-assessment\\vendor\\laravel\\framework\\src\\Illuminate\\Routing\\Middleware\\SubstituteBindings.php(51): Illuminate\\Pipeline\\Pipeline->Illuminate\\Pipeline\\{closure}(Object(Illuminate\\Http\\Request))
#39 C:\\xampp\\htdocs\\laravel-dev-assessment\\vendor\\laravel\\framework\\src\\Illuminate\\Pipeline\\Pipeline.php(183): Illuminate\\Routing\\Middleware\\SubstituteBindings->handle(Object(Illuminate\\Http\\Request), Object(Closure))
#40 C:\\xampp\\htdocs\\laravel-dev-assessment\\vendor\\laravel\\framework\\src\\Illuminate\\Auth\\Middleware\\Authenticate.php(64): Illuminate\\Pipeline\\Pipeline->Illuminate\\Pipeline\\{closure}(Object(Illuminate\\Http\\Request))
#41 C:\\xampp\\htdocs\\laravel-dev-assessment\\vendor\\laravel\\framework\\src\\Illuminate\\Pipeline\\Pipeline.php(183): Illuminate\\Auth\\Middleware\\Authenticate->handle(Object(Illuminate\\Http\\Request), Object(Closure))
#42 C:\\xampp\\htdocs\\laravel-dev-assessment\\vendor\\laravel\\framework\\src\\Illuminate\\Foundation\\Http\\Middleware\\VerifyCsrfToken.php(88): Illuminate\\Pipeline\\Pipeline->Illuminate\\Pipeline\\{closure}(Object(Illuminate\\Http\\Request))
#43 C:\\xampp\\htdocs\\laravel-dev-assessment\\vendor\\laravel\\framework\\src\\Illuminate\\Pipeline\\Pipeline.php(183): Illuminate\\Foundation\\Http\\Middleware\\VerifyCsrfToken->handle(Object(Illuminate\\Http\\Request), Object(Closure))
#44 C:\\xampp\\htdocs\\laravel-dev-assessment\\vendor\\laravel\\framework\\src\\Illuminate\\View\\Middleware\\ShareErrorsFromSession.php(49): Illuminate\\Pipeline\\Pipeline->Illuminate\\Pipeline\\{closure}(Object(Illuminate\\Http\\Request))
#45 C:\\xampp\\htdocs\\laravel-dev-assessment\\vendor\\laravel\\framework\\src\\Illuminate\\Pipeline\\Pipeline.php(183): Illuminate\\View\\Middleware\\ShareErrorsFromSession->handle(Object(Illuminate\\Http\\Request), Object(Closure))
#46 C:\\xampp\\htdocs\\laravel-dev-assessment\\vendor\\laravel\\framework\\src\\Illuminate\\Session\\Middleware\\StartSession.php(121): Illuminate\\Pipeline\\Pipeline->Illuminate\\Pipeline\\{closure}(Object(Illuminate\\Http\\Request))
#47 C:\\xampp\\htdocs\\laravel-dev-assessment\\vendor\\laravel\\framework\\src\\Illuminate\\Session\\Middleware\\StartSession.php(64): Illuminate\\Session\\Middleware\\StartSession->handleStatefulRequest(Object(Illuminate\\Http\\Request), Object(Illuminate\\Session\\Store), Object(Closure))
#48 C:\\xampp\\htdocs\\laravel-dev-assessment\\vendor\\laravel\\framework\\src\\Illuminate\\Pipeline\\Pipeline.php(183): Illuminate\\Session\\Middleware\\StartSession->handle(Object(Illuminate\\Http\\Request), Object(Closure))
#49 C:\\xampp\\htdocs\\laravel-dev-assessment\\vendor\\laravel\\framework\\src\\Illuminate\\Cookie\\Middleware\\AddQueuedCookiesToResponse.php(37): Illuminate\\Pipeline\\Pipeline->Illuminate\\Pipeline\\{closure}(Object(Illuminate\\Http\\Request))
#50 C:\\xampp\\htdocs\\laravel-dev-assessment\\vendor\\laravel\\framework\\src\\Illuminate\\Pipeline\\Pipeline.php(183): Illuminate\\Cookie\\Middleware\\AddQueuedCookiesToResponse->handle(Object(Illuminate\\Http\\Request), Object(Closure))
#51 C:\\xampp\\htdocs\\laravel-dev-assessment\\vendor\\laravel\\framework\\src\\Illuminate\\Cookie\\Middleware\\EncryptCookies.php(75): Illuminate\\Pipeline\\Pipeline->Illuminate\\Pipeline\\{closure}(Object(Illuminate\\Http\\Request))
#52 C:\\xampp\\htdocs\\laravel-dev-assessment\\vendor\\laravel\\framework\\src\\Illuminate\\Pipeline\\Pipeline.php(183): Illuminate\\Cookie\\Middleware\\EncryptCookies->handle(Object(Illuminate\\Http\\Request), Object(Closure))
#53 C:\\xampp\\htdocs\\laravel-dev-assessment\\vendor\\laravel\\framework\\src\\Illuminate\\Pipeline\\Pipeline.php(119): Illuminate\\Pipeline\\Pipeline->Illuminate\\Pipeline\\{closure}(Object(Illuminate\\Http\\Request))
#54 C:\\xampp\\htdocs\\laravel-dev-assessment\\vendor\\laravel\\framework\\src\\Illuminate\\Routing\\Router.php(807): Illuminate\\Pipeline\\Pipeline->then(Object(Closure))
#55 C:\\xampp\\htdocs\\laravel-dev-assessment\\vendor\\laravel\\framework\\src\\Illuminate\\Routing\\Router.php(786): Illuminate\\Routing\\Router->runRouteWithinStack(Object(Illuminate\\Routing\\Route), Object(Illuminate\\Http\\Request))
#56 C:\\xampp\\htdocs\\laravel-dev-assessment\\vendor\\laravel\\framework\\src\\Illuminate\\Routing\\Router.php(750): Illuminate\\Routing\\Router->runRoute(Object(Illuminate\\Http\\Request), Object(Illuminate\\Routing\\Route))
#57 C:\\xampp\\htdocs\\laravel-dev-assessment\\vendor\\laravel\\framework\\src\\Illuminate\\Routing\\Router.php(739): Illuminate\\Routing\\Router->dispatchToRoute(Object(Illuminate\\Http\\Request))
#58 C:\\xampp\\htdocs\\laravel-dev-assessment\\vendor\\laravel\\framework\\src\\Illuminate\\Foundation\\Http\\Kernel.php(201): Illuminate\\Routing\\Router->dispatch(Object(Illuminate\\Http\\Request))
#59 C:\\xampp\\htdocs\\laravel-dev-assessment\\vendor\\laravel\\framework\\src\\Illuminate\\Pipeline\\Pipeline.php(144): Illuminate\\Foundation\\Http\\Kernel->Illuminate\\Foundation\\Http\\{closure}(Object(Illuminate\\Http\\Request))
#60 C:\\xampp\\htdocs\\laravel-dev-assessment\\vendor\\livewire\\livewire\\src\\Features\\SupportDisablingBackButtonCache\\DisableBackButtonCacheMiddleware.php(19): Illuminate\\Pipeline\\Pipeline->Illuminate\\Pipeline\\{closure}(Object(Illuminate\\Http\\Request))
#61 C:\\xampp\\htdocs\\laravel-dev-assessment\\vendor\\laravel\\framework\\src\\Illuminate\\Pipeline\\Pipeline.php(183): Livewire\\Features\\SupportDisablingBackButtonCache\\DisableBackButtonCacheMiddleware->handle(Object(Illuminate\\Http\\Request), Object(Closure))
#62 C:\\xampp\\htdocs\\laravel-dev-assessment\\vendor\\barryvdh\\laravel-debugbar\\src\\Middleware\\InjectDebugbar.php(66): Illuminate\\Pipeline\\Pipeline->Illuminate\\Pipeline\\{closure}(Object(Illuminate\\Http\\Request))
#63 C:\\xampp\\htdocs\\laravel-dev-assessment\\vendor\\laravel\\framework\\src\\Illuminate\\Pipeline\\Pipeline.php(183): Barryvdh\\Debugbar\\Middleware\\InjectDebugbar->handle(Object(Illuminate\\Http\\Request), Object(Closure))
#64 C:\\xampp\\htdocs\\laravel-dev-assessment\\vendor\\laravel\\framework\\src\\Illuminate\\Foundation\\Http\\Middleware\\TransformsRequest.php(21): Illuminate\\Pipeline\\Pipeline->Illuminate\\Pipeline\\{closure}(Object(Illuminate\\Http\\Request))
#65 C:\\xampp\\htdocs\\laravel-dev-assessment\\vendor\\laravel\\framework\\src\\Illuminate\\Foundation\\Http\\Middleware\\ConvertEmptyStringsToNull.php(31): Illuminate\\Foundation\\Http\\Middleware\\TransformsRequest->handle(Object(Illuminate\\Http\\Request), Object(Closure))
#66 C:\\xampp\\htdocs\\laravel-dev-assessment\\vendor\\laravel\\framework\\src\\Illuminate\\Pipeline\\Pipeline.php(183): Illuminate\\Foundation\\Http\\Middleware\\ConvertEmptyStringsToNull->handle(Object(Illuminate\\Http\\Request), Object(Closure))
#67 C:\\xampp\\htdocs\\laravel-dev-assessment\\vendor\\laravel\\framework\\src\\Illuminate\\Foundation\\Http\\Middleware\\TransformsRequest.php(21): Illuminate\\Pipeline\\Pipeline->Illuminate\\Pipeline\\{closure}(Object(Illuminate\\Http\\Request))
#68 C:\\xampp\\htdocs\\laravel-dev-assessment\\vendor\\laravel\\framework\\src\\Illuminate\\Foundation\\Http\\Middleware\\TrimStrings.php(51): Illuminate\\Foundation\\Http\\Middleware\\TransformsRequest->handle(Object(Illuminate\\Http\\Request), Object(Closure))
#69 C:\\xampp\\htdocs\\laravel-dev-assessment\\vendor\\laravel\\framework\\src\\Illuminate\\Pipeline\\Pipeline.php(183): Illuminate\\Foundation\\Http\\Middleware\\TrimStrings->handle(Object(Illuminate\\Http\\Request), Object(Closure))
#70 C:\\xampp\\htdocs\\laravel-dev-assessment\\vendor\\laravel\\framework\\src\\Illuminate\\Http\\Middleware\\ValidatePostSize.php(27): Illuminate\\Pipeline\\Pipeline->Illuminate\\Pipeline\\{closure}(Object(Illuminate\\Http\\Request))
#71 C:\\xampp\\htdocs\\laravel-dev-assessment\\vendor\\laravel\\framework\\src\\Illuminate\\Pipeline\\Pipeline.php(183): Illuminate\\Http\\Middleware\\ValidatePostSize->handle(Object(Illuminate\\Http\\Request), Object(Closure))
#72 C:\\xampp\\htdocs\\laravel-dev-assessment\\vendor\\laravel\\framework\\src\\Illuminate\\Foundation\\Http\\Middleware\\PreventRequestsDuringMaintenance.php(110): Illuminate\\Pipeline\\Pipeline->Illuminate\\Pipeline\\{closure}(Object(Illuminate\\Http\\Request))
#73 C:\\xampp\\htdocs\\laravel-dev-assessment\\vendor\\laravel\\framework\\src\\Illuminate\\Pipeline\\Pipeline.php(183): Illuminate\\Foundation\\Http\\Middleware\\PreventRequestsDuringMaintenance->handle(Object(Illuminate\\Http\\Request), Object(Closure))
#74 C:\\xampp\\htdocs\\laravel-dev-assessment\\vendor\\laravel\\framework\\src\\Illuminate\\Http\\Middleware\\HandleCors.php(49): Illuminate\\Pipeline\\Pipeline->Illuminate\\Pipeline\\{closure}(Object(Illuminate\\Http\\Request))
#75 C:\\xampp\\htdocs\\laravel-dev-assessment\\vendor\\laravel\\framework\\src\\Illuminate\\Pipeline\\Pipeline.php(183): Illuminate\\Http\\Middleware\\HandleCors->handle(Object(Illuminate\\Http\\Request), Object(Closure))
#76 C:\\xampp\\htdocs\\laravel-dev-assessment\\vendor\\laravel\\framework\\src\\Illuminate\\Http\\Middleware\\TrustProxies.php(58): Illuminate\\Pipeline\\Pipeline->Illuminate\\Pipeline\\{closure}(Object(Illuminate\\Http\\Request))
#77 C:\\xampp\\htdocs\\laravel-dev-assessment\\vendor\\laravel\\framework\\src\\Illuminate\\Pipeline\\Pipeline.php(183): Illuminate\\Http\\Middleware\\TrustProxies->handle(Object(Illuminate\\Http\\Request), Object(Closure))
#78 C:\\xampp\\htdocs\\laravel-dev-assessment\\vendor\\laravel\\framework\\src\\Illuminate\\Foundation\\Http\\Middleware\\InvokeDeferredCallbacks.php(22): Illuminate\\Pipeline\\Pipeline->Illuminate\\Pipeline\\{closure}(Object(Illuminate\\Http\\Request))
#79 C:\\xampp\\htdocs\\laravel-dev-assessment\\vendor\\laravel\\framework\\src\\Illuminate\\Pipeline\\Pipeline.php(183): Illuminate\\Foundation\\Http\\Middleware\\InvokeDeferredCallbacks->handle(Object(Illuminate\\Http\\Request), Object(Closure))
#80 C:\\xampp\\htdocs\\laravel-dev-assessment\\vendor\\laravel\\framework\\src\\Illuminate\\Pipeline\\Pipeline.php(119): Illuminate\\Pipeline\\Pipeline->Illuminate\\Pipeline\\{closure}(Object(Illuminate\\Http\\Request))
#81 C:\\xampp\\htdocs\\laravel-dev-assessment\\vendor\\laravel\\framework\\src\\Illuminate\\Foundation\\Http\\Kernel.php(176): Illuminate\\Pipeline\\Pipeline->then(Object(Closure))
#82 C:\\xampp\\htdocs\\laravel-dev-assessment\\vendor\\laravel\\framework\\src\\Illuminate\\Foundation\\Http\\Kernel.php(145): Illuminate\\Foundation\\Http\\Kernel->sendRequestThroughRouter(Object(Illuminate\\Http\\Request))
#83 C:\\xampp\\htdocs\\laravel-dev-assessment\\vendor\\laravel\\framework\\src\\Illuminate\\Foundation\\Application.php(1190): Illuminate\\Foundation\\Http\\Kernel->handle(Object(Illuminate\\Http\\Request))
#84 C:\\xampp\\htdocs\\laravel-dev-assessment\\public\\index.php(17): Illuminate\\Foundation\\Application->handleRequest(Object(Illuminate\\Http\\Request))
#85 {main}

[previous exception] [object] (PDOException(code: 42S02): SQLSTATE[42S02]: Base table or view not found: 1146 Table 'laravel-dev-assessment.skills' doesn't exist at C:\\xampp\\htdocs\\laravel-dev-assessment\\vendor\\laravel\\framework\\src\\Illuminate\\Database\\Connection.php:407)
[stacktrace]
#0 C:\\xampp\\htdocs\\laravel-dev-assessment\\vendor\\laravel\\framework\\src\\Illuminate\\Database\\Connection.php(407): PDO->prepare('select * from `...')
#1 C:\\xampp\\htdocs\\laravel-dev-assessment\\vendor\\laravel\\framework\\src\\Illuminate\\Database\\Connection.php(812): Illuminate\\Database\\Connection->Illuminate\\Database\\{closure}('select * from `...', Array)
#2 C:\\xampp\\htdocs\\laravel-dev-assessment\\vendor\\laravel\\framework\\src\\Illuminate\\Database\\Connection.php(779): Illuminate\\Database\\Connection->runQueryCallback('select * from `...', Array, Object(Closure))
#3 C:\\xampp\\htdocs\\laravel-dev-assessment\\vendor\\laravel\\framework\\src\\Illuminate\\Database\\Connection.php(398): Illuminate\\Database\\Connection->run('select * from `...', Array, Object(Closure))
#4 C:\\xampp\\htdocs\\laravel-dev-assessment\\vendor\\laravel\\framework\\src\\Illuminate\\Database\\Query\\Builder.php(3133): Illuminate\\Database\\Connection->select('select * from `...', Array, true)
#5 C:\\xampp\\htdocs\\laravel-dev-assessment\\vendor\\laravel\\framework\\src\\Illuminate\\Database\\Query\\Builder.php(3118): Illuminate\\Database\\Query\\Builder->runSelect()
#6 C:\\xampp\\htdocs\\laravel-dev-assessment\\vendor\\laravel\\framework\\src\\Illuminate\\Database\\Query\\Builder.php(3706): Illuminate\\Database\\Query\\Builder->Illuminate\\Database\\Query\\{closure}()
#7 C:\\xampp\\htdocs\\laravel-dev-assessment\\vendor\\laravel\\framework\\src\\Illuminate\\Database\\Query\\Builder.php(3117): Illuminate\\Database\\Query\\Builder->onceWithColumns(Array, Object(Closure))
#8 C:\\xampp\\htdocs\\laravel-dev-assessment\\vendor\\laravel\\framework\\src\\Illuminate\\Database\\Eloquent\\Builder.php(760): Illuminate\\Database\\Query\\Builder->get(Array)
#9 C:\\xampp\\htdocs\\laravel-dev-assessment\\vendor\\laravel\\framework\\src\\Illuminate\\Database\\Eloquent\\Builder.php(742): Illuminate\\Database\\Eloquent\\Builder->getModels(Array)
#10 C:\\xampp\\htdocs\\laravel-dev-assessment\\vendor\\laravel\\framework\\src\\Illuminate\\Database\\Eloquent\\Model.php(693): Illuminate\\Database\\Eloquent\\Builder->get(Array)
#11 C:\\xampp\\htdocs\\laravel-dev-assessment\\app\\Livewire\\Pages\\Skills\\Index.php(31): Illuminate\\Database\\Eloquent\\Model::all()
#12 C:\\xampp\\htdocs\\laravel-dev-assessment\\app\\Livewire\\Pages\\Skills\\Index.php(26): App\\Livewire\\Pages\\Skills\\Index->loadSkills()
#13 C:\\xampp\\htdocs\\laravel-dev-assessment\\vendor\\laravel\\framework\\src\\Illuminate\\Container\\BoundMethod.php(36): App\\Livewire\\Pages\\Skills\\Index->mount()
#14 C:\\xampp\\htdocs\\laravel-dev-assessment\\vendor\\laravel\\framework\\src\\Illuminate\\Container\\Util.php(43): Illuminate\\Container\\BoundMethod::Illuminate\\Container\\{closure}()
#15 C:\\xampp\\htdocs\\laravel-dev-assessment\\vendor\\laravel\\framework\\src\\Illuminate\\Container\\BoundMethod.php(95): Illuminate\\Container\\Util::unwrapIfClosure(Object(Closure))
#16 C:\\xampp\\htdocs\\laravel-dev-assessment\\vendor\\laravel\\framework\\src\\Illuminate\\Container\\BoundMethod.php(35): Illuminate\\Container\\BoundMethod::callBoundMethod(Object(Illuminate\\Foundation\\Application), Array, Object(Closure))
#17 C:\\xampp\\htdocs\\laravel-dev-assessment\\vendor\\livewire\\livewire\\src\\Wrapped.php(23): Illuminate\\Container\\BoundMethod::call(Object(Illuminate\\Foundation\\Application), Array, Array)
#18 C:\\xampp\\htdocs\\laravel-dev-assessment\\vendor\\livewire\\livewire\\src\\Features\\SupportLifecycleHooks\\SupportLifecycleHooks.php(134): Livewire\\Wrapped->__call('mount', Array)
#19 C:\\xampp\\htdocs\\laravel-dev-assessment\\vendor\\livewire\\livewire\\src\\Features\\SupportLifecycleHooks\\SupportLifecycleHooks.php(20): Livewire\\Features\\SupportLifecycleHooks\\SupportLifecycleHooks->callHook('mount', Array)
#20 C:\\xampp\\htdocs\\laravel-dev-assessment\\vendor\\livewire\\livewire\\src\\ComponentHook.php(19): Livewire\\Features\\SupportLifecycleHooks\\SupportLifecycleHooks->mount(Array, false)
#21 C:\\xampp\\htdocs\\laravel-dev-assessment\\vendor\\livewire\\livewire\\src\\ComponentHookRegistry.php(45): Livewire\\ComponentHook->callMount(Array, false)
#22 C:\\xampp\\htdocs\\laravel-dev-assessment\\vendor\\livewire\\livewire\\src\\EventBus.php(60): Livewire\\ComponentHookRegistry::Livewire\\{closure}(Object(App\\Livewire\\Pages\\Skills\\Index), Array, NULL, false)
#23 C:\\xampp\\htdocs\\laravel-dev-assessment\\vendor\\livewire\\livewire\\src\\helpers.php(98): Livewire\\EventBus->trigger('mount', Object(App\\Livewire\\Pages\\Skills\\Index), Array, NULL, false)
#24 C:\\xampp\\htdocs\\laravel-dev-assessment\\vendor\\livewire\\livewire\\src\\Mechanisms\\HandleComponents\\HandleComponents.php(50): Livewire\\trigger('mount', Object(App\\Livewire\\Pages\\Skills\\Index), Array, NULL, false)
#25 C:\\xampp\\htdocs\\laravel-dev-assessment\\vendor\\livewire\\livewire\\src\\LivewireManager.php(73): Livewire\\Mechanisms\\HandleComponents\\HandleComponents->mount('App\\\\Livewire\\\\Pa...', Array, NULL)
#26 C:\\xampp\\htdocs\\laravel-dev-assessment\\vendor\\livewire\\livewire\\src\\Features\\SupportPageComponents\\HandlesPageComponents.php(17): Livewire\\LivewireManager->mount('App\\\\Livewire\\\\Pa...', Array)
#27 C:\\xampp\\htdocs\\laravel-dev-assessment\\vendor\\livewire\\livewire\\src\\Features\\SupportPageComponents\\SupportPageComponents.php(117): Livewire\\Component->Livewire\\Features\\SupportPageComponents\\{closure}()
#28 C:\\xampp\\htdocs\\laravel-dev-assessment\\vendor\\livewire\\livewire\\src\\Features\\SupportPageComponents\\HandlesPageComponents.php(14): Livewire\\Features\\SupportPageComponents\\SupportPageComponents::interceptTheRenderOfTheComponentAndRetreiveTheLayoutConfiguration(Object(Closure))
#29 C:\\xampp\\htdocs\\laravel-dev-assessment\\vendor\\laravel\\framework\\src\\Illuminate\\Routing\\ControllerDispatcher.php(47): Livewire\\Component->__invoke()
#30 C:\\xampp\\htdocs\\laravel-dev-assessment\\vendor\\laravel\\framework\\src\\Illuminate\\Routing\\Route.php(266): Illuminate\\Routing\\ControllerDispatcher->dispatch(Object(Illuminate\\Routing\\Route), Object(App\\Livewire\\Pages\\Skills\\Index), '__invoke')
#31 C:\\xampp\\htdocs\\laravel-dev-assessment\\vendor\\laravel\\framework\\src\\Illuminate\\Routing\\Route.php(212): Illuminate\\Routing\\Route->runController()
#32 C:\\xampp\\htdocs\\laravel-dev-assessment\\vendor\\laravel\\framework\\src\\Illuminate\\Routing\\Router.php(808): Illuminate\\Routing\\Route->run()
#33 C:\\xampp\\htdocs\\laravel-dev-assessment\\vendor\\laravel\\framework\\src\\Illuminate\\Pipeline\\Pipeline.php(144): Illuminate\\Routing\\Router->Illuminate\\Routing\\{closure}(Object(Illuminate\\Http\\Request))
#34 C:\\xampp\\htdocs\\laravel-dev-assessment\\vendor\\spatie\\laravel-permission\\src\\Middleware\\RoleMiddleware.php(39): Illuminate\\Pipeline\\Pipeline->Illuminate\\Pipeline\\{closure}(Object(Illuminate\\Http\\Request))
#35 C:\\xampp\\htdocs\\laravel-dev-assessment\\vendor\\laravel\\framework\\src\\Illuminate\\Pipeline\\Pipeline.php(183): Spatie\\Permission\\Middleware\\RoleMiddleware->handle(Object(Illuminate\\Http\\Request), Object(Closure), 'admin')
#36 C:\\xampp\\htdocs\\laravel-dev-assessment\\vendor\\laravel\\framework\\src\\Illuminate\\Http\\Middleware\\AddLinkHeadersForPreloadedAssets.php(20): Illuminate\\Pipeline\\Pipeline->Illuminate\\Pipeline\\{closure}(Object(Illuminate\\Http\\Request))
#37 C:\\xampp\\htdocs\\laravel-dev-assessment\\vendor\\laravel\\framework\\src\\Illuminate\\Pipeline\\Pipeline.php(183): Illuminate\\Http\\Middleware\\AddLinkHeadersForPreloadedAssets->handle(Object(Illuminate\\Http\\Request), Object(Closure))
#38 C:\\xampp\\htdocs\\laravel-dev-assessment\\vendor\\inertiajs\\inertia-laravel\\src\\Middleware.php(86): Illuminate\\Pipeline\\Pipeline->Illuminate\\Pipeline\\{closure}(Object(Illuminate\\Http\\Request))
#39 C:\\xampp\\htdocs\\laravel-dev-assessment\\vendor\\laravel\\framework\\src\\Illuminate\\Pipeline\\Pipeline.php(183): Inertia\\Middleware->handle(Object(Illuminate\\Http\\Request), Object(Closure))
#40 C:\\xampp\\htdocs\\laravel-dev-assessment\\vendor\\laravel\\framework\\src\\Illuminate\\Routing\\Middleware\\SubstituteBindings.php(51): Illuminate\\Pipeline\\Pipeline->Illuminate\\Pipeline\\{closure}(Object(Illuminate\\Http\\Request))
#41 C:\\xampp\\htdocs\\laravel-dev-assessment\\vendor\\laravel\\framework\\src\\Illuminate\\Pipeline\\Pipeline.php(183): Illuminate\\Routing\\Middleware\\SubstituteBindings->handle(Object(Illuminate\\Http\\Request), Object(Closure))
#42 C:\\xampp\\htdocs\\laravel-dev-assessment\\vendor\\laravel\\framework\\src\\Illuminate\\Auth\\Middleware\\Authenticate.php(64): Illuminate\\Pipeline\\Pipeline->Illuminate\\Pipeline\\{closure}(Object(Illuminate\\Http\\Request))
#43 C:\\xampp\\htdocs\\laravel-dev-assessment\\vendor\\laravel\\framework\\src\\Illuminate\\Pipeline\\Pipeline.php(183): Illuminate\\Auth\\Middleware\\Authenticate->handle(Object(Illuminate\\Http\\Request), Object(Closure))
#44 C:\\xampp\\htdocs\\laravel-dev-assessment\\vendor\\laravel\\framework\\src\\Illuminate\\Foundation\\Http\\Middleware\\VerifyCsrfToken.php(88): Illuminate\\Pipeline\\Pipeline->Illuminate\\Pipeline\\{closure}(Object(Illuminate\\Http\\Request))
#45 C:\\xampp\\htdocs\\laravel-dev-assessment\\vendor\\laravel\\framework\\src\\Illuminate\\Pipeline\\Pipeline.php(183): Illuminate\\Foundation\\Http\\Middleware\\VerifyCsrfToken->handle(Object(Illuminate\\Http\\Request), Object(Closure))
#46 C:\\xampp\\htdocs\\laravel-dev-assessment\\vendor\\laravel\\framework\\src\\Illuminate\\View\\Middleware\\ShareErrorsFromSession.php(49): Illuminate\\Pipeline\\Pipeline->Illuminate\\Pipeline\\{closure}(Object(Illuminate\\Http\\Request))
#47 C:\\xampp\\htdocs\\laravel-dev-assessment\\vendor\\laravel\\framework\\src\\Illuminate\\Pipeline\\Pipeline.php(183): Illuminate\\View\\Middleware\\ShareErrorsFromSession->handle(Object(Illuminate\\Http\\Request), Object(Closure))
#48 C:\\xampp\\htdocs\\laravel-dev-assessment\\vendor\\laravel\\framework\\src\\Illuminate\\Session\\Middleware\\StartSession.php(121): Illuminate\\Pipeline\\Pipeline->Illuminate\\Pipeline\\{closure}(Object(Illuminate\\Http\\Request))
#49 C:\\xampp\\htdocs\\laravel-dev-assessment\\vendor\\laravel\\framework\\src\\Illuminate\\Session\\Middleware\\StartSession.php(64): Illuminate\\Session\\Middleware\\StartSession->handleStatefulRequest(Object(Illuminate\\Http\\Request), Object(Illuminate\\Session\\Store), Object(Closure))
#50 C:\\xampp\\htdocs\\laravel-dev-assessment\\vendor\\laravel\\framework\\src\\Illuminate\\Pipeline\\Pipeline.php(183): Illuminate\\Session\\Middleware\\StartSession->handle(Object(Illuminate\\Http\\Request), Object(Closure))
#51 C:\\xampp\\htdocs\\laravel-dev-assessment\\vendor\\laravel\\framework\\src\\Illuminate\\Cookie\\Middleware\\AddQueuedCookiesToResponse.php(37): Illuminate\\Pipeline\\Pipeline->Illuminate\\Pipeline\\{closure}(Object(Illuminate\\Http\\Request))
#52 C:\\xampp\\htdocs\\laravel-dev-assessment\\vendor\\laravel\\framework\\src\\Illuminate\\Pipeline\\Pipeline.php(183): Illuminate\\Cookie\\Middleware\\AddQueuedCookiesToResponse->handle(Object(Illuminate\\Http\\Request), Object(Closure))
#53 C:\\xampp\\htdocs\\laravel-dev-assessment\\vendor\\laravel\\framework\\src\\Illuminate\\Cookie\\Middleware\\EncryptCookies.php(75): Illuminate\\Pipeline\\Pipeline->Illuminate\\Pipeline\\{closure}(Object(Illuminate\\Http\\Request))
#54 C:\\xampp\\htdocs\\laravel-dev-assessment\\vendor\\laravel\\framework\\src\\Illuminate\\Pipeline\\Pipeline.php(183): Illuminate\\Cookie\\Middleware\\EncryptCookies->handle(Object(Illuminate\\Http\\Request), Object(Closure))
#55 C:\\xampp\\htdocs\\laravel-dev-assessment\\vendor\\laravel\\framework\\src\\Illuminate\\Pipeline\\Pipeline.php(119): Illuminate\\Pipeline\\Pipeline->Illuminate\\Pipeline\\{closure}(Object(Illuminate\\Http\\Request))
#56 C:\\xampp\\htdocs\\laravel-dev-assessment\\vendor\\laravel\\framework\\src\\Illuminate\\Routing\\Router.php(807): Illuminate\\Pipeline\\Pipeline->then(Object(Closure))
#57 C:\\xampp\\htdocs\\laravel-dev-assessment\\vendor\\laravel\\framework\\src\\Illuminate\\Routing\\Router.php(786): Illuminate\\Routing\\Router->runRouteWithinStack(Object(Illuminate\\Routing\\Route), Object(Illuminate\\Http\\Request))
#58 C:\\xampp\\htdocs\\laravel-dev-assessment\\vendor\\laravel\\framework\\src\\Illuminate\\Routing\\Router.php(750): Illuminate\\Routing\\Router->runRoute(Object(Illuminate\\Http\\Request), Object(Illuminate\\Routing\\Route))
#59 C:\\xampp\\htdocs\\laravel-dev-assessment\\vendor\\laravel\\framework\\src\\Illuminate\\Routing\\Router.php(739): Illuminate\\Routing\\Router->dispatchToRoute(Object(Illuminate\\Http\\Request))
#60 C:\\xampp\\htdocs\\laravel-dev-assessment\\vendor\\laravel\\framework\\src\\Illuminate\\Foundation\\Http\\Kernel.php(201): Illuminate\\Routing\\Router->dispatch(Object(Illuminate\\Http\\Request))
#61 C:\\xampp\\htdocs\\laravel-dev-assessment\\vendor\\laravel\\framework\\src\\Illuminate\\Pipeline\\Pipeline.php(144): Illuminate\\Foundation\\Http\\Kernel->Illuminate\\Foundation\\Http\\{closure}(Object(Illuminate\\Http\\Request))
#62 C:\\xampp\\htdocs\\laravel-dev-assessment\\vendor\\livewire\\livewire\\src\\Features\\SupportDisablingBackButtonCache\\DisableBackButtonCacheMiddleware.php(19): Illuminate\\Pipeline\\Pipeline->Illuminate\\Pipeline\\{closure}(Object(Illuminate\\Http\\Request))
#63 C:\\xampp\\htdocs\\laravel-dev-assessment\\vendor\\laravel\\framework\\src\\Illuminate\\Pipeline\\Pipeline.php(183): Livewire\\Features\\SupportDisablingBackButtonCache\\DisableBackButtonCacheMiddleware->handle(Object(Illuminate\\Http\\Request), Object(Closure))
#64 C:\\xampp\\htdocs\\laravel-dev-assessment\\vendor\\barryvdh\\laravel-debugbar\\src\\Middleware\\InjectDebugbar.php(66): Illuminate\\Pipeline\\Pipeline->Illuminate\\Pipeline\\{closure}(Object(Illuminate\\Http\\Request))
#65 C:\\xampp\\htdocs\\laravel-dev-assessment\\vendor\\laravel\\framework\\src\\Illuminate\\Pipeline\\Pipeline.php(183): Barryvdh\\Debugbar\\Middleware\\InjectDebugbar->handle(Object(Illuminate\\Http\\Request), Object(Closure))
#66 C:\\xampp\\htdocs\\laravel-dev-assessment\\vendor\\laravel\\framework\\src\\Illuminate\\Foundation\\Http\\Middleware\\TransformsRequest.php(21): Illuminate\\Pipeline\\Pipeline->Illuminate\\Pipeline\\{closure}(Object(Illuminate\\Http\\Request))
#67 C:\\xampp\\htdocs\\laravel-dev-assessment\\vendor\\laravel\\framework\\src\\Illuminate\\Foundation\\Http\\Middleware\\ConvertEmptyStringsToNull.php(31): Illuminate\\Foundation\\Http\\Middleware\\TransformsRequest->handle(Object(Illuminate\\Http\\Request), Object(Closure))
#68 C:\\xampp\\htdocs\\laravel-dev-assessment\\vendor\\laravel\\framework\\src\\Illuminate\\Pipeline\\Pipeline.php(183): Illuminate\\Foundation\\Http\\Middleware\\ConvertEmptyStringsToNull->handle(Object(Illuminate\\Http\\Request), Object(Closure))
#69 C:\\xampp\\htdocs\\laravel-dev-assessment\\vendor\\laravel\\framework\\src\\Illuminate\\Foundation\\Http\\Middleware\\TransformsRequest.php(21): Illuminate\\Pipeline\\Pipeline->Illuminate\\Pipeline\\{closure}(Object(Illuminate\\Http\\Request))
#70 C:\\xampp\\htdocs\\laravel-dev-assessment\\vendor\\laravel\\framework\\src\\Illuminate\\Foundation\\Http\\Middleware\\TrimStrings.php(51): Illuminate\\Foundation\\Http\\Middleware\\TransformsRequest->handle(Object(Illuminate\\Http\\Request), Object(Closure))
#71 C:\\xampp\\htdocs\\laravel-dev-assessment\\vendor\\laravel\\framework\\src\\Illuminate\\Pipeline\\Pipeline.php(183): Illuminate\\Foundation\\Http\\Middleware\\TrimStrings->handle(Object(Illuminate\\Http\\Request), Object(Closure))
#72 C:\\xampp\\htdocs\\laravel-dev-assessment\\vendor\\laravel\\framework\\src\\Illuminate\\Http\\Middleware\\ValidatePostSize.php(27): Illuminate\\Pipeline\\Pipeline->Illuminate\\Pipeline\\{closure}(Object(Illuminate\\Http\\Request))
#73 C:\\xampp\\htdocs\\laravel-dev-assessment\\vendor\\laravel\\framework\\src\\Illuminate\\Pipeline\\Pipeline.php(183): Illuminate\\Http\\Middleware\\ValidatePostSize->handle(Object(Illuminate\\Http\\Request), Object(Closure))
#74 C:\\xampp\\htdocs\\laravel-dev-assessment\\vendor\\laravel\\framework\\src\\Illuminate\\Foundation\\Http\\Middleware\\PreventRequestsDuringMaintenance.php(110): Illuminate\\Pipeline\\Pipeline->Illuminate\\Pipeline\\{closure}(Object(Illuminate\\Http\\Request))
#75 C:\\xampp\\htdocs\\laravel-dev-assessment\\vendor\\laravel\\framework\\src\\Illuminate\\Pipeline\\Pipeline.php(183): Illuminate\\Foundation\\Http\\Middleware\\PreventRequestsDuringMaintenance->handle(Object(Illuminate\\Http\\Request), Object(Closure))
#76 C:\\xampp\\htdocs\\laravel-dev-assessment\\vendor\\laravel\\framework\\src\\Illuminate\\Http\\Middleware\\HandleCors.php(49): Illuminate\\Pipeline\\Pipeline->Illuminate\\Pipeline\\{closure}(Object(Illuminate\\Http\\Request))
#77 C:\\xampp\\htdocs\\laravel-dev-assessment\\vendor\\laravel\\framework\\src\\Illuminate\\Pipeline\\Pipeline.php(183): Illuminate\\Http\\Middleware\\HandleCors->handle(Object(Illuminate\\Http\\Request), Object(Closure))
#78 C:\\xampp\\htdocs\\laravel-dev-assessment\\vendor\\laravel\\framework\\src\\Illuminate\\Http\\Middleware\\TrustProxies.php(58): Illuminate\\Pipeline\\Pipeline->Illuminate\\Pipeline\\{closure}(Object(Illuminate\\Http\\Request))
#79 C:\\xampp\\htdocs\\laravel-dev-assessment\\vendor\\laravel\\framework\\src\\Illuminate\\Pipeline\\Pipeline.php(183): Illuminate\\Http\\Middleware\\TrustProxies->handle(Object(Illuminate\\Http\\Request), Object(Closure))
#80 C:\\xampp\\htdocs\\laravel-dev-assessment\\vendor\\laravel\\framework\\src\\Illuminate\\Foundation\\Http\\Middleware\\InvokeDeferredCallbacks.php(22): Illuminate\\Pipeline\\Pipeline->Illuminate\\Pipeline\\{closure}(Object(Illuminate\\Http\\Request))
#81 C:\\xampp\\htdocs\\laravel-dev-assessment\\vendor\\laravel\\framework\\src\\Illuminate\\Pipeline\\Pipeline.php(183): Illuminate\\Foundation\\Http\\Middleware\\InvokeDeferredCallbacks->handle(Object(Illuminate\\Http\\Request), Object(Closure))
#82 C:\\xampp\\htdocs\\laravel-dev-assessment\\vendor\\laravel\\framework\\src\\Illuminate\\Pipeline\\Pipeline.php(119): Illuminate\\Pipeline\\Pipeline->Illuminate\\Pipeline\\{closure}(Object(Illuminate\\Http\\Request))
#83 C:\\xampp\\htdocs\\laravel-dev-assessment\\vendor\\laravel\\framework\\src\\Illuminate\\Foundation\\Http\\Kernel.php(176): Illuminate\\Pipeline\\Pipeline->then(Object(Closure))
#84 C:\\xampp\\htdocs\\laravel-dev-assessment\\vendor\\laravel\\framework\\src\\Illuminate\\Foundation\\Http\\Kernel.php(145): Illuminate\\Foundation\\Http\\Kernel->sendRequestThroughRouter(Object(Illuminate\\Http\\Request))
#85 C:\\xampp\\htdocs\\laravel-dev-assessment\\vendor\\laravel\\framework\\src\\Illuminate\\Foundation\\Application.php(1190): Illuminate\\Foundation\\Http\\Kernel->handle(Object(Illuminate\\Http\\Request))
#86 C:\\xampp\\htdocs\\laravel-dev-assessment\\public\\index.php(17): Illuminate\\Foundation\\Application->handleRequest(Object(Illuminate\\Http\\Request))
#87 {main}
"} 
[2025-02-04 07:01:37] local.ERROR: SQLSTATE[42S02]: Base table or view not found: 1146 Table 'laravel-dev-assessment.skills' doesn't exist (Connection: mysql, SQL: select * from `skills`) {"userId":1,"exception":"[object] (Illuminate\\Database\\QueryException(code: 42S02): SQLSTATE[42S02]: Base table or view not found: 1146 Table 'laravel-dev-assessment.skills' doesn't exist (Connection: mysql, SQL: select * from `skills`) at C:\\xampp\\htdocs\\laravel-dev-assessment\\vendor\\laravel\\framework\\src\\Illuminate\\Database\\Connection.php:825)
[stacktrace]
#0 C:\\xampp\\htdocs\\laravel-dev-assessment\\vendor\\laravel\\framework\\src\\Illuminate\\Database\\Connection.php(779): Illuminate\\Database\\Connection->runQueryCallback('select * from `...', Array, Object(Closure))
#1 C:\\xampp\\htdocs\\laravel-dev-assessment\\vendor\\laravel\\framework\\src\\Illuminate\\Database\\Connection.php(398): Illuminate\\Database\\Connection->run('select * from `...', Array, Object(Closure))
#2 C:\\xampp\\htdocs\\laravel-dev-assessment\\vendor\\laravel\\framework\\src\\Illuminate\\Database\\Query\\Builder.php(3133): Illuminate\\Database\\Connection->select('select * from `...', Array, true)
#3 C:\\xampp\\htdocs\\laravel-dev-assessment\\vendor\\laravel\\framework\\src\\Illuminate\\Database\\Query\\Builder.php(3118): Illuminate\\Database\\Query\\Builder->runSelect()
#4 C:\\xampp\\htdocs\\laravel-dev-assessment\\vendor\\laravel\\framework\\src\\Illuminate\\Database\\Query\\Builder.php(3706): Illuminate\\Database\\Query\\Builder->Illuminate\\Database\\Query\\{closure}()
#5 C:\\xampp\\htdocs\\laravel-dev-assessment\\vendor\\laravel\\framework\\src\\Illuminate\\Database\\Query\\Builder.php(3117): Illuminate\\Database\\Query\\Builder->onceWithColumns(Array, Object(Closure))
#6 C:\\xampp\\htdocs\\laravel-dev-assessment\\vendor\\laravel\\framework\\src\\Illuminate\\Database\\Eloquent\\Builder.php(760): Illuminate\\Database\\Query\\Builder->get(Array)
#7 C:\\xampp\\htdocs\\laravel-dev-assessment\\vendor\\laravel\\framework\\src\\Illuminate\\Database\\Eloquent\\Builder.php(742): Illuminate\\Database\\Eloquent\\Builder->getModels(Array)
#8 C:\\xampp\\htdocs\\laravel-dev-assessment\\vendor\\laravel\\framework\\src\\Illuminate\\Database\\Eloquent\\Model.php(693): Illuminate\\Database\\Eloquent\\Builder->get(Array)
#9 C:\\xampp\\htdocs\\laravel-dev-assessment\\app\\Livewire\\Pages\\Skills\\Index.php(31): Illuminate\\Database\\Eloquent\\Model::all()
#10 C:\\xampp\\htdocs\\laravel-dev-assessment\\app\\Livewire\\Pages\\Skills\\Index.php(26): App\\Livewire\\Pages\\Skills\\Index->loadSkills()
#11 C:\\xampp\\htdocs\\laravel-dev-assessment\\vendor\\laravel\\framework\\src\\Illuminate\\Container\\BoundMethod.php(36): App\\Livewire\\Pages\\Skills\\Index->mount()
#12 C:\\xampp\\htdocs\\laravel-dev-assessment\\vendor\\laravel\\framework\\src\\Illuminate\\Container\\Util.php(43): Illuminate\\Container\\BoundMethod::Illuminate\\Container\\{closure}()
#13 C:\\xampp\\htdocs\\laravel-dev-assessment\\vendor\\laravel\\framework\\src\\Illuminate\\Container\\BoundMethod.php(95): Illuminate\\Container\\Util::unwrapIfClosure(Object(Closure))
#14 C:\\xampp\\htdocs\\laravel-dev-assessment\\vendor\\laravel\\framework\\src\\Illuminate\\Container\\BoundMethod.php(35): Illuminate\\Container\\BoundMethod::callBoundMethod(Object(Illuminate\\Foundation\\Application), Array, Object(Closure))
#15 C:\\xampp\\htdocs\\laravel-dev-assessment\\vendor\\livewire\\livewire\\src\\Wrapped.php(23): Illuminate\\Container\\BoundMethod::call(Object(Illuminate\\Foundation\\Application), Array, Array)
#16 C:\\xampp\\htdocs\\laravel-dev-assessment\\vendor\\livewire\\livewire\\src\\Features\\SupportLifecycleHooks\\SupportLifecycleHooks.php(134): Livewire\\Wrapped->__call('mount', Array)
#17 C:\\xampp\\htdocs\\laravel-dev-assessment\\vendor\\livewire\\livewire\\src\\Features\\SupportLifecycleHooks\\SupportLifecycleHooks.php(20): Livewire\\Features\\SupportLifecycleHooks\\SupportLifecycleHooks->callHook('mount', Array)
#18 C:\\xampp\\htdocs\\laravel-dev-assessment\\vendor\\livewire\\livewire\\src\\ComponentHook.php(19): Livewire\\Features\\SupportLifecycleHooks\\SupportLifecycleHooks->mount(Array, false)
#19 C:\\xampp\\htdocs\\laravel-dev-assessment\\vendor\\livewire\\livewire\\src\\ComponentHookRegistry.php(45): Livewire\\ComponentHook->callMount(Array, false)
#20 C:\\xampp\\htdocs\\laravel-dev-assessment\\vendor\\livewire\\livewire\\src\\EventBus.php(60): Livewire\\ComponentHookRegistry::Livewire\\{closure}(Object(App\\Livewire\\Pages\\Skills\\Index), Array, NULL, false)
#21 C:\\xampp\\htdocs\\laravel-dev-assessment\\vendor\\livewire\\livewire\\src\\helpers.php(98): Livewire\\EventBus->trigger('mount', Object(App\\Livewire\\Pages\\Skills\\Index), Array, NULL, false)
#22 C:\\xampp\\htdocs\\laravel-dev-assessment\\vendor\\livewire\\livewire\\src\\Mechanisms\\HandleComponents\\HandleComponents.php(50): Livewire\\trigger('mount', Object(App\\Livewire\\Pages\\Skills\\Index), Array, NULL, false)
#23 C:\\xampp\\htdocs\\laravel-dev-assessment\\vendor\\livewire\\livewire\\src\\LivewireManager.php(73): Livewire\\Mechanisms\\HandleComponents\\HandleComponents->mount('App\\\\Livewire\\\\Pa...', Array, NULL)
#24 C:\\xampp\\htdocs\\laravel-dev-assessment\\vendor\\livewire\\livewire\\src\\Features\\SupportPageComponents\\HandlesPageComponents.php(17): Livewire\\LivewireManager->mount('App\\\\Livewire\\\\Pa...', Array)
#25 C:\\xampp\\htdocs\\laravel-dev-assessment\\vendor\\livewire\\livewire\\src\\Features\\SupportPageComponents\\SupportPageComponents.php(117): Livewire\\Component->Livewire\\Features\\SupportPageComponents\\{closure}()
#26 C:\\xampp\\htdocs\\laravel-dev-assessment\\vendor\\livewire\\livewire\\src\\Features\\SupportPageComponents\\HandlesPageComponents.php(14): Livewire\\Features\\SupportPageComponents\\SupportPageComponents::interceptTheRenderOfTheComponentAndRetreiveTheLayoutConfiguration(Object(Closure))
#27 C:\\xampp\\htdocs\\laravel-dev-assessment\\vendor\\laravel\\framework\\src\\Illuminate\\Routing\\ControllerDispatcher.php(47): Livewire\\Component->__invoke()
#28 C:\\xampp\\htdocs\\laravel-dev-assessment\\vendor\\laravel\\framework\\src\\Illuminate\\Routing\\Route.php(266): Illuminate\\Routing\\ControllerDispatcher->dispatch(Object(Illuminate\\Routing\\Route), Object(App\\Livewire\\Pages\\Skills\\Index), '__invoke')
#29 C:\\xampp\\htdocs\\laravel-dev-assessment\\vendor\\laravel\\framework\\src\\Illuminate\\Routing\\Route.php(212): Illuminate\\Routing\\Route->runController()
#30 C:\\xampp\\htdocs\\laravel-dev-assessment\\vendor\\laravel\\framework\\src\\Illuminate\\Routing\\Router.php(808): Illuminate\\Routing\\Route->run()
#31 C:\\xampp\\htdocs\\laravel-dev-assessment\\vendor\\laravel\\framework\\src\\Illuminate\\Pipeline\\Pipeline.php(144): Illuminate\\Routing\\Router->Illuminate\\Routing\\{closure}(Object(Illuminate\\Http\\Request))
#32 C:\\xampp\\htdocs\\laravel-dev-assessment\\vendor\\spatie\\laravel-permission\\src\\Middleware\\RoleMiddleware.php(39): Illuminate\\Pipeline\\Pipeline->Illuminate\\Pipeline\\{closure}(Object(Illuminate\\Http\\Request))
#33 C:\\xampp\\htdocs\\laravel-dev-assessment\\vendor\\laravel\\framework\\src\\Illuminate\\Pipeline\\Pipeline.php(183): Spatie\\Permission\\Middleware\\RoleMiddleware->handle(Object(Illuminate\\Http\\Request), Object(Closure), 'admin')
#34 C:\\xampp\\htdocs\\laravel-dev-assessment\\vendor\\laravel\\framework\\src\\Illuminate\\Http\\Middleware\\AddLinkHeadersForPreloadedAssets.php(20): Illuminate\\Pipeline\\Pipeline->Illuminate\\Pipeline\\{closure}(Object(Illuminate\\Http\\Request))
#35 C:\\xampp\\htdocs\\laravel-dev-assessment\\vendor\\laravel\\framework\\src\\Illuminate\\Pipeline\\Pipeline.php(183): Illuminate\\Http\\Middleware\\AddLinkHeadersForPreloadedAssets->handle(Object(Illuminate\\Http\\Request), Object(Closure))
#36 C:\\xampp\\htdocs\\laravel-dev-assessment\\vendor\\inertiajs\\inertia-laravel\\src\\Middleware.php(86): Illuminate\\Pipeline\\Pipeline->Illuminate\\Pipeline\\{closure}(Object(Illuminate\\Http\\Request))
#37 C:\\xampp\\htdocs\\laravel-dev-assessment\\vendor\\laravel\\framework\\src\\Illuminate\\Pipeline\\Pipeline.php(183): Inertia\\Middleware->handle(Object(Illuminate\\Http\\Request), Object(Closure))
#38 C:\\xampp\\htdocs\\laravel-dev-assessment\\vendor\\laravel\\framework\\src\\Illuminate\\Routing\\Middleware\\SubstituteBindings.php(51): Illuminate\\Pipeline\\Pipeline->Illuminate\\Pipeline\\{closure}(Object(Illuminate\\Http\\Request))
#39 C:\\xampp\\htdocs\\laravel-dev-assessment\\vendor\\laravel\\framework\\src\\Illuminate\\Pipeline\\Pipeline.php(183): Illuminate\\Routing\\Middleware\\SubstituteBindings->handle(Object(Illuminate\\Http\\Request), Object(Closure))
#40 C:\\xampp\\htdocs\\laravel-dev-assessment\\vendor\\laravel\\framework\\src\\Illuminate\\Auth\\Middleware\\Authenticate.php(64): Illuminate\\Pipeline\\Pipeline->Illuminate\\Pipeline\\{closure}(Object(Illuminate\\Http\\Request))
#41 C:\\xampp\\htdocs\\laravel-dev-assessment\\vendor\\laravel\\framework\\src\\Illuminate\\Pipeline\\Pipeline.php(183): Illuminate\\Auth\\Middleware\\Authenticate->handle(Object(Illuminate\\Http\\Request), Object(Closure))
#42 C:\\xampp\\htdocs\\laravel-dev-assessment\\vendor\\laravel\\framework\\src\\Illuminate\\Foundation\\Http\\Middleware\\VerifyCsrfToken.php(88): Illuminate\\Pipeline\\Pipeline->Illuminate\\Pipeline\\{closure}(Object(Illuminate\\Http\\Request))
#43 C:\\xampp\\htdocs\\laravel-dev-assessment\\vendor\\laravel\\framework\\src\\Illuminate\\Pipeline\\Pipeline.php(183): Illuminate\\Foundation\\Http\\Middleware\\VerifyCsrfToken->handle(Object(Illuminate\\Http\\Request), Object(Closure))
#44 C:\\xampp\\htdocs\\laravel-dev-assessment\\vendor\\laravel\\framework\\src\\Illuminate\\View\\Middleware\\ShareErrorsFromSession.php(49): Illuminate\\Pipeline\\Pipeline->Illuminate\\Pipeline\\{closure}(Object(Illuminate\\Http\\Request))
#45 C:\\xampp\\htdocs\\laravel-dev-assessment\\vendor\\laravel\\framework\\src\\Illuminate\\Pipeline\\Pipeline.php(183): Illuminate\\View\\Middleware\\ShareErrorsFromSession->handle(Object(Illuminate\\Http\\Request), Object(Closure))
#46 C:\\xampp\\htdocs\\laravel-dev-assessment\\vendor\\laravel\\framework\\src\\Illuminate\\Session\\Middleware\\StartSession.php(121): Illuminate\\Pipeline\\Pipeline->Illuminate\\Pipeline\\{closure}(Object(Illuminate\\Http\\Request))
#47 C:\\xampp\\htdocs\\laravel-dev-assessment\\vendor\\laravel\\framework\\src\\Illuminate\\Session\\Middleware\\StartSession.php(64): Illuminate\\Session\\Middleware\\StartSession->handleStatefulRequest(Object(Illuminate\\Http\\Request), Object(Illuminate\\Session\\Store), Object(Closure))
#48 C:\\xampp\\htdocs\\laravel-dev-assessment\\vendor\\laravel\\framework\\src\\Illuminate\\Pipeline\\Pipeline.php(183): Illuminate\\Session\\Middleware\\StartSession->handle(Object(Illuminate\\Http\\Request), Object(Closure))
#49 C:\\xampp\\htdocs\\laravel-dev-assessment\\vendor\\laravel\\framework\\src\\Illuminate\\Cookie\\Middleware\\AddQueuedCookiesToResponse.php(37): Illuminate\\Pipeline\\Pipeline->Illuminate\\Pipeline\\{closure}(Object(Illuminate\\Http\\Request))
#50 C:\\xampp\\htdocs\\laravel-dev-assessment\\vendor\\laravel\\framework\\src\\Illuminate\\Pipeline\\Pipeline.php(183): Illuminate\\Cookie\\Middleware\\AddQueuedCookiesToResponse->handle(Object(Illuminate\\Http\\Request), Object(Closure))
#51 C:\\xampp\\htdocs\\laravel-dev-assessment\\vendor\\laravel\\framework\\src\\Illuminate\\Cookie\\Middleware\\EncryptCookies.php(75): Illuminate\\Pipeline\\Pipeline->Illuminate\\Pipeline\\{closure}(Object(Illuminate\\Http\\Request))
#52 C:\\xampp\\htdocs\\laravel-dev-assessment\\vendor\\laravel\\framework\\src\\Illuminate\\Pipeline\\Pipeline.php(183): Illuminate\\Cookie\\Middleware\\EncryptCookies->handle(Object(Illuminate\\Http\\Request), Object(Closure))
#53 C:\\xampp\\htdocs\\laravel-dev-assessment\\vendor\\laravel\\framework\\src\\Illuminate\\Pipeline\\Pipeline.php(119): Illuminate\\Pipeline\\Pipeline->Illuminate\\Pipeline\\{closure}(Object(Illuminate\\Http\\Request))
#54 C:\\xampp\\htdocs\\laravel-dev-assessment\\vendor\\laravel\\framework\\src\\Illuminate\\Routing\\Router.php(807): Illuminate\\Pipeline\\Pipeline->then(Object(Closure))
#55 C:\\xampp\\htdocs\\laravel-dev-assessment\\vendor\\laravel\\framework\\src\\Illuminate\\Routing\\Router.php(786): Illuminate\\Routing\\Router->runRouteWithinStack(Object(Illuminate\\Routing\\Route), Object(Illuminate\\Http\\Request))
#56 C:\\xampp\\htdocs\\laravel-dev-assessment\\vendor\\laravel\\framework\\src\\Illuminate\\Routing\\Router.php(750): Illuminate\\Routing\\Router->runRoute(Object(Illuminate\\Http\\Request), Object(Illuminate\\Routing\\Route))
#57 C:\\xampp\\htdocs\\laravel-dev-assessment\\vendor\\laravel\\framework\\src\\Illuminate\\Routing\\Router.php(739): Illuminate\\Routing\\Router->dispatchToRoute(Object(Illuminate\\Http\\Request))
#58 C:\\xampp\\htdocs\\laravel-dev-assessment\\vendor\\laravel\\framework\\src\\Illuminate\\Foundation\\Http\\Kernel.php(201): Illuminate\\Routing\\Router->dispatch(Object(Illuminate\\Http\\Request))
#59 C:\\xampp\\htdocs\\laravel-dev-assessment\\vendor\\laravel\\framework\\src\\Illuminate\\Pipeline\\Pipeline.php(144): Illuminate\\Foundation\\Http\\Kernel->Illuminate\\Foundation\\Http\\{closure}(Object(Illuminate\\Http\\Request))
#60 C:\\xampp\\htdocs\\laravel-dev-assessment\\vendor\\livewire\\livewire\\src\\Features\\SupportDisablingBackButtonCache\\DisableBackButtonCacheMiddleware.php(19): Illuminate\\Pipeline\\Pipeline->Illuminate\\Pipeline\\{closure}(Object(Illuminate\\Http\\Request))
#61 C:\\xampp\\htdocs\\laravel-dev-assessment\\vendor\\laravel\\framework\\src\\Illuminate\\Pipeline\\Pipeline.php(183): Livewire\\Features\\SupportDisablingBackButtonCache\\DisableBackButtonCacheMiddleware->handle(Object(Illuminate\\Http\\Request), Object(Closure))
#62 C:\\xampp\\htdocs\\laravel-dev-assessment\\vendor\\barryvdh\\laravel-debugbar\\src\\Middleware\\InjectDebugbar.php(66): Illuminate\\Pipeline\\Pipeline->Illuminate\\Pipeline\\{closure}(Object(Illuminate\\Http\\Request))
#63 C:\\xampp\\htdocs\\laravel-dev-assessment\\vendor\\laravel\\framework\\src\\Illuminate\\Pipeline\\Pipeline.php(183): Barryvdh\\Debugbar\\Middleware\\InjectDebugbar->handle(Object(Illuminate\\Http\\Request), Object(Closure))
#64 C:\\xampp\\htdocs\\laravel-dev-assessment\\vendor\\laravel\\framework\\src\\Illuminate\\Foundation\\Http\\Middleware\\TransformsRequest.php(21): Illuminate\\Pipeline\\Pipeline->Illuminate\\Pipeline\\{closure}(Object(Illuminate\\Http\\Request))
#65 C:\\xampp\\htdocs\\laravel-dev-assessment\\vendor\\laravel\\framework\\src\\Illuminate\\Foundation\\Http\\Middleware\\ConvertEmptyStringsToNull.php(31): Illuminate\\Foundation\\Http\\Middleware\\TransformsRequest->handle(Object(Illuminate\\Http\\Request), Object(Closure))
#66 C:\\xampp\\htdocs\\laravel-dev-assessment\\vendor\\laravel\\framework\\src\\Illuminate\\Pipeline\\Pipeline.php(183): Illuminate\\Foundation\\Http\\Middleware\\ConvertEmptyStringsToNull->handle(Object(Illuminate\\Http\\Request), Object(Closure))
#67 C:\\xampp\\htdocs\\laravel-dev-assessment\\vendor\\laravel\\framework\\src\\Illuminate\\Foundation\\Http\\Middleware\\TransformsRequest.php(21): Illuminate\\Pipeline\\Pipeline->Illuminate\\Pipeline\\{closure}(Object(Illuminate\\Http\\Request))
#68 C:\\xampp\\htdocs\\laravel-dev-assessment\\vendor\\laravel\\framework\\src\\Illuminate\\Foundation\\Http\\Middleware\\TrimStrings.php(51): Illuminate\\Foundation\\Http\\Middleware\\TransformsRequest->handle(Object(Illuminate\\Http\\Request), Object(Closure))
#69 C:\\xampp\\htdocs\\laravel-dev-assessment\\vendor\\laravel\\framework\\src\\Illuminate\\Pipeline\\Pipeline.php(183): Illuminate\\Foundation\\Http\\Middleware\\TrimStrings->handle(Object(Illuminate\\Http\\Request), Object(Closure))
#70 C:\\xampp\\htdocs\\laravel-dev-assessment\\vendor\\laravel\\framework\\src\\Illuminate\\Http\\Middleware\\ValidatePostSize.php(27): Illuminate\\Pipeline\\Pipeline->Illuminate\\Pipeline\\{closure}(Object(Illuminate\\Http\\Request))
#71 C:\\xampp\\htdocs\\laravel-dev-assessment\\vendor\\laravel\\framework\\src\\Illuminate\\Pipeline\\Pipeline.php(183): Illuminate\\Http\\Middleware\\ValidatePostSize->handle(Object(Illuminate\\Http\\Request), Object(Closure))
#72 C:\\xampp\\htdocs\\laravel-dev-assessment\\vendor\\laravel\\framework\\src\\Illuminate\\Foundation\\Http\\Middleware\\PreventRequestsDuringMaintenance.php(110): Illuminate\\Pipeline\\Pipeline->Illuminate\\Pipeline\\{closure}(Object(Illuminate\\Http\\Request))
#73 C:\\xampp\\htdocs\\laravel-dev-assessment\\vendor\\laravel\\framework\\src\\Illuminate\\Pipeline\\Pipeline.php(183): Illuminate\\Foundation\\Http\\Middleware\\PreventRequestsDuringMaintenance->handle(Object(Illuminate\\Http\\Request), Object(Closure))
#74 C:\\xampp\\htdocs\\laravel-dev-assessment\\vendor\\laravel\\framework\\src\\Illuminate\\Http\\Middleware\\HandleCors.php(49): Illuminate\\Pipeline\\Pipeline->Illuminate\\Pipeline\\{closure}(Object(Illuminate\\Http\\Request))
#75 C:\\xampp\\htdocs\\laravel-dev-assessment\\vendor\\laravel\\framework\\src\\Illuminate\\Pipeline\\Pipeline.php(183): Illuminate\\Http\\Middleware\\HandleCors->handle(Object(Illuminate\\Http\\Request), Object(Closure))
#76 C:\\xampp\\htdocs\\laravel-dev-assessment\\vendor\\laravel\\framework\\src\\Illuminate\\Http\\Middleware\\TrustProxies.php(58): Illuminate\\Pipeline\\Pipeline->Illuminate\\Pipeline\\{closure}(Object(Illuminate\\Http\\Request))
#77 C:\\xampp\\htdocs\\laravel-dev-assessment\\vendor\\laravel\\framework\\src\\Illuminate\\Pipeline\\Pipeline.php(183): Illuminate\\Http\\Middleware\\TrustProxies->handle(Object(Illuminate\\Http\\Request), Object(Closure))
#78 C:\\xampp\\htdocs\\laravel-dev-assessment\\vendor\\laravel\\framework\\src\\Illuminate\\Foundation\\Http\\Middleware\\InvokeDeferredCallbacks.php(22): Illuminate\\Pipeline\\Pipeline->Illuminate\\Pipeline\\{closure}(Object(Illuminate\\Http\\Request))
#79 C:\\xampp\\htdocs\\laravel-dev-assessment\\vendor\\laravel\\framework\\src\\Illuminate\\Pipeline\\Pipeline.php(183): Illuminate\\Foundation\\Http\\Middleware\\InvokeDeferredCallbacks->handle(Object(Illuminate\\Http\\Request), Object(Closure))
#80 C:\\xampp\\htdocs\\laravel-dev-assessment\\vendor\\laravel\\framework\\src\\Illuminate\\Pipeline\\Pipeline.php(119): Illuminate\\Pipeline\\Pipeline->Illuminate\\Pipeline\\{closure}(Object(Illuminate\\Http\\Request))
#81 C:\\xampp\\htdocs\\laravel-dev-assessment\\vendor\\laravel\\framework\\src\\Illuminate\\Foundation\\Http\\Kernel.php(176): Illuminate\\Pipeline\\Pipeline->then(Object(Closure))
#82 C:\\xampp\\htdocs\\laravel-dev-assessment\\vendor\\laravel\\framework\\src\\Illuminate\\Foundation\\Http\\Kernel.php(145): Illuminate\\Foundation\\Http\\Kernel->sendRequestThroughRouter(Object(Illuminate\\Http\\Request))
#83 C:\\xampp\\htdocs\\laravel-dev-assessment\\vendor\\laravel\\framework\\src\\Illuminate\\Foundation\\Application.php(1190): Illuminate\\Foundation\\Http\\Kernel->handle(Object(Illuminate\\Http\\Request))
#84 C:\\xampp\\htdocs\\laravel-dev-assessment\\public\\index.php(17): Illuminate\\Foundation\\Application->handleRequest(Object(Illuminate\\Http\\Request))
#85 {main}

[previous exception] [object] (PDOException(code: 42S02): SQLSTATE[42S02]: Base table or view not found: 1146 Table 'laravel-dev-assessment.skills' doesn't exist at C:\\xampp\\htdocs\\laravel-dev-assessment\\vendor\\laravel\\framework\\src\\Illuminate\\Database\\Connection.php:407)
[stacktrace]
#0 C:\\xampp\\htdocs\\laravel-dev-assessment\\vendor\\laravel\\framework\\src\\Illuminate\\Database\\Connection.php(407): PDO->prepare('select * from `...')
#1 C:\\xampp\\htdocs\\laravel-dev-assessment\\vendor\\laravel\\framework\\src\\Illuminate\\Database\\Connection.php(812): Illuminate\\Database\\Connection->Illuminate\\Database\\{closure}('select * from `...', Array)
#2 C:\\xampp\\htdocs\\laravel-dev-assessment\\vendor\\laravel\\framework\\src\\Illuminate\\Database\\Connection.php(779): Illuminate\\Database\\Connection->runQueryCallback('select * from `...', Array, Object(Closure))
#3 C:\\xampp\\htdocs\\laravel-dev-assessment\\vendor\\laravel\\framework\\src\\Illuminate\\Database\\Connection.php(398): Illuminate\\Database\\Connection->run('select * from `...', Array, Object(Closure))
#4 C:\\xampp\\htdocs\\laravel-dev-assessment\\vendor\\laravel\\framework\\src\\Illuminate\\Database\\Query\\Builder.php(3133): Illuminate\\Database\\Connection->select('select * from `...', Array, true)
#5 C:\\xampp\\htdocs\\laravel-dev-assessment\\vendor\\laravel\\framework\\src\\Illuminate\\Database\\Query\\Builder.php(3118): Illuminate\\Database\\Query\\Builder->runSelect()
#6 C:\\xampp\\htdocs\\laravel-dev-assessment\\vendor\\laravel\\framework\\src\\Illuminate\\Database\\Query\\Builder.php(3706): Illuminate\\Database\\Query\\Builder->Illuminate\\Database\\Query\\{closure}()
#7 C:\\xampp\\htdocs\\laravel-dev-assessment\\vendor\\laravel\\framework\\src\\Illuminate\\Database\\Query\\Builder.php(3117): Illuminate\\Database\\Query\\Builder->onceWithColumns(Array, Object(Closure))
#8 C:\\xampp\\htdocs\\laravel-dev-assessment\\vendor\\laravel\\framework\\src\\Illuminate\\Database\\Eloquent\\Builder.php(760): Illuminate\\Database\\Query\\Builder->get(Array)
#9 C:\\xampp\\htdocs\\laravel-dev-assessment\\vendor\\laravel\\framework\\src\\Illuminate\\Database\\Eloquent\\Builder.php(742): Illuminate\\Database\\Eloquent\\Builder->getModels(Array)
#10 C:\\xampp\\htdocs\\laravel-dev-assessment\\vendor\\laravel\\framework\\src\\Illuminate\\Database\\Eloquent\\Model.php(693): Illuminate\\Database\\Eloquent\\Builder->get(Array)
#11 C:\\xampp\\htdocs\\laravel-dev-assessment\\app\\Livewire\\Pages\\Skills\\Index.php(31): Illuminate\\Database\\Eloquent\\Model::all()
#12 C:\\xampp\\htdocs\\laravel-dev-assessment\\app\\Livewire\\Pages\\Skills\\Index.php(26): App\\Livewire\\Pages\\Skills\\Index->loadSkills()
#13 C:\\xampp\\htdocs\\laravel-dev-assessment\\vendor\\laravel\\framework\\src\\Illuminate\\Container\\BoundMethod.php(36): App\\Livewire\\Pages\\Skills\\Index->mount()
#14 C:\\xampp\\htdocs\\laravel-dev-assessment\\vendor\\laravel\\framework\\src\\Illuminate\\Container\\Util.php(43): Illuminate\\Container\\BoundMethod::Illuminate\\Container\\{closure}()
#15 C:\\xampp\\htdocs\\laravel-dev-assessment\\vendor\\laravel\\framework\\src\\Illuminate\\Container\\BoundMethod.php(95): Illuminate\\Container\\Util::unwrapIfClosure(Object(Closure))
#16 C:\\xampp\\htdocs\\laravel-dev-assessment\\vendor\\laravel\\framework\\src\\Illuminate\\Container\\BoundMethod.php(35): Illuminate\\Container\\BoundMethod::callBoundMethod(Object(Illuminate\\Foundation\\Application), Array, Object(Closure))
#17 C:\\xampp\\htdocs\\laravel-dev-assessment\\vendor\\livewire\\livewire\\src\\Wrapped.php(23): Illuminate\\Container\\BoundMethod::call(Object(Illuminate\\Foundation\\Application), Array, Array)
#18 C:\\xampp\\htdocs\\laravel-dev-assessment\\vendor\\livewire\\livewire\\src\\Features\\SupportLifecycleHooks\\SupportLifecycleHooks.php(134): Livewire\\Wrapped->__call('mount', Array)
#19 C:\\xampp\\htdocs\\laravel-dev-assessment\\vendor\\livewire\\livewire\\src\\Features\\SupportLifecycleHooks\\SupportLifecycleHooks.php(20): Livewire\\Features\\SupportLifecycleHooks\\SupportLifecycleHooks->callHook('mount', Array)
#20 C:\\xampp\\htdocs\\laravel-dev-assessment\\vendor\\livewire\\livewire\\src\\ComponentHook.php(19): Livewire\\Features\\SupportLifecycleHooks\\SupportLifecycleHooks->mount(Array, false)
#21 C:\\xampp\\htdocs\\laravel-dev-assessment\\vendor\\livewire\\livewire\\src\\ComponentHookRegistry.php(45): Livewire\\ComponentHook->callMount(Array, false)
#22 C:\\xampp\\htdocs\\laravel-dev-assessment\\vendor\\livewire\\livewire\\src\\EventBus.php(60): Livewire\\ComponentHookRegistry::Livewire\\{closure}(Object(App\\Livewire\\Pages\\Skills\\Index), Array, NULL, false)
#23 C:\\xampp\\htdocs\\laravel-dev-assessment\\vendor\\livewire\\livewire\\src\\helpers.php(98): Livewire\\EventBus->trigger('mount', Object(App\\Livewire\\Pages\\Skills\\Index), Array, NULL, false)
#24 C:\\xampp\\htdocs\\laravel-dev-assessment\\vendor\\livewire\\livewire\\src\\Mechanisms\\HandleComponents\\HandleComponents.php(50): Livewire\\trigger('mount', Object(App\\Livewire\\Pages\\Skills\\Index), Array, NULL, false)
#25 C:\\xampp\\htdocs\\laravel-dev-assessment\\vendor\\livewire\\livewire\\src\\LivewireManager.php(73): Livewire\\Mechanisms\\HandleComponents\\HandleComponents->mount('App\\\\Livewire\\\\Pa...', Array, NULL)
#26 C:\\xampp\\htdocs\\laravel-dev-assessment\\vendor\\livewire\\livewire\\src\\Features\\SupportPageComponents\\HandlesPageComponents.php(17): Livewire\\LivewireManager->mount('App\\\\Livewire\\\\Pa...', Array)
#27 C:\\xampp\\htdocs\\laravel-dev-assessment\\vendor\\livewire\\livewire\\src\\Features\\SupportPageComponents\\SupportPageComponents.php(117): Livewire\\Component->Livewire\\Features\\SupportPageComponents\\{closure}()
#28 C:\\xampp\\htdocs\\laravel-dev-assessment\\vendor\\livewire\\livewire\\src\\Features\\SupportPageComponents\\HandlesPageComponents.php(14): Livewire\\Features\\SupportPageComponents\\SupportPageComponents::interceptTheRenderOfTheComponentAndRetreiveTheLayoutConfiguration(Object(Closure))
#29 C:\\xampp\\htdocs\\laravel-dev-assessment\\vendor\\laravel\\framework\\src\\Illuminate\\Routing\\ControllerDispatcher.php(47): Livewire\\Component->__invoke()
#30 C:\\xampp\\htdocs\\laravel-dev-assessment\\vendor\\laravel\\framework\\src\\Illuminate\\Routing\\Route.php(266): Illuminate\\Routing\\ControllerDispatcher->dispatch(Object(Illuminate\\Routing\\Route), Object(App\\Livewire\\Pages\\Skills\\Index), '__invoke')
#31 C:\\xampp\\htdocs\\laravel-dev-assessment\\vendor\\laravel\\framework\\src\\Illuminate\\Routing\\Route.php(212): Illuminate\\Routing\\Route->runController()
#32 C:\\xampp\\htdocs\\laravel-dev-assessment\\vendor\\laravel\\framework\\src\\Illuminate\\Routing\\Router.php(808): Illuminate\\Routing\\Route->run()
#33 C:\\xampp\\htdocs\\laravel-dev-assessment\\vendor\\laravel\\framework\\src\\Illuminate\\Pipeline\\Pipeline.php(144): Illuminate\\Routing\\Router->Illuminate\\Routing\\{closure}(Object(Illuminate\\Http\\Request))
#34 C:\\xampp\\htdocs\\laravel-dev-assessment\\vendor\\spatie\\laravel-permission\\src\\Middleware\\RoleMiddleware.php(39): Illuminate\\Pipeline\\Pipeline->Illuminate\\Pipeline\\{closure}(Object(Illuminate\\Http\\Request))
#35 C:\\xampp\\htdocs\\laravel-dev-assessment\\vendor\\laravel\\framework\\src\\Illuminate\\Pipeline\\Pipeline.php(183): Spatie\\Permission\\Middleware\\RoleMiddleware->handle(Object(Illuminate\\Http\\Request), Object(Closure), 'admin')
#36 C:\\xampp\\htdocs\\laravel-dev-assessment\\vendor\\laravel\\framework\\src\\Illuminate\\Http\\Middleware\\AddLinkHeadersForPreloadedAssets.php(20): Illuminate\\Pipeline\\Pipeline->Illuminate\\Pipeline\\{closure}(Object(Illuminate\\Http\\Request))
#37 C:\\xampp\\htdocs\\laravel-dev-assessment\\vendor\\laravel\\framework\\src\\Illuminate\\Pipeline\\Pipeline.php(183): Illuminate\\Http\\Middleware\\AddLinkHeadersForPreloadedAssets->handle(Object(Illuminate\\Http\\Request), Object(Closure))
#38 C:\\xampp\\htdocs\\laravel-dev-assessment\\vendor\\inertiajs\\inertia-laravel\\src\\Middleware.php(86): Illuminate\\Pipeline\\Pipeline->Illuminate\\Pipeline\\{closure}(Object(Illuminate\\Http\\Request))
#39 C:\\xampp\\htdocs\\laravel-dev-assessment\\vendor\\laravel\\framework\\src\\Illuminate\\Pipeline\\Pipeline.php(183): Inertia\\Middleware->handle(Object(Illuminate\\Http\\Request), Object(Closure))
#40 C:\\xampp\\htdocs\\laravel-dev-assessment\\vendor\\laravel\\framework\\src\\Illuminate\\Routing\\Middleware\\SubstituteBindings.php(51): Illuminate\\Pipeline\\Pipeline->Illuminate\\Pipeline\\{closure}(Object(Illuminate\\Http\\Request))
#41 C:\\xampp\\htdocs\\laravel-dev-assessment\\vendor\\laravel\\framework\\src\\Illuminate\\Pipeline\\Pipeline.php(183): Illuminate\\Routing\\Middleware\\SubstituteBindings->handle(Object(Illuminate\\Http\\Request), Object(Closure))
#42 C:\\xampp\\htdocs\\laravel-dev-assessment\\vendor\\laravel\\framework\\src\\Illuminate\\Auth\\Middleware\\Authenticate.php(64): Illuminate\\Pipeline\\Pipeline->Illuminate\\Pipeline\\{closure}(Object(Illuminate\\Http\\Request))
#43 C:\\xampp\\htdocs\\laravel-dev-assessment\\vendor\\laravel\\framework\\src\\Illuminate\\Pipeline\\Pipeline.php(183): Illuminate\\Auth\\Middleware\\Authenticate->handle(Object(Illuminate\\Http\\Request), Object(Closure))
#44 C:\\xampp\\htdocs\\laravel-dev-assessment\\vendor\\laravel\\framework\\src\\Illuminate\\Foundation\\Http\\Middleware\\VerifyCsrfToken.php(88): Illuminate\\Pipeline\\Pipeline->Illuminate\\Pipeline\\{closure}(Object(Illuminate\\Http\\Request))
#45 C:\\xampp\\htdocs\\laravel-dev-assessment\\vendor\\laravel\\framework\\src\\Illuminate\\Pipeline\\Pipeline.php(183): Illuminate\\Foundation\\Http\\Middleware\\VerifyCsrfToken->handle(Object(Illuminate\\Http\\Request), Object(Closure))
#46 C:\\xampp\\htdocs\\laravel-dev-assessment\\vendor\\laravel\\framework\\src\\Illuminate\\View\\Middleware\\ShareErrorsFromSession.php(49): Illuminate\\Pipeline\\Pipeline->Illuminate\\Pipeline\\{closure}(Object(Illuminate\\Http\\Request))
#47 C:\\xampp\\htdocs\\laravel-dev-assessment\\vendor\\laravel\\framework\\src\\Illuminate\\Pipeline\\Pipeline.php(183): Illuminate\\View\\Middleware\\ShareErrorsFromSession->handle(Object(Illuminate\\Http\\Request), Object(Closure))
#48 C:\\xampp\\htdocs\\laravel-dev-assessment\\vendor\\laravel\\framework\\src\\Illuminate\\Session\\Middleware\\StartSession.php(121): Illuminate\\Pipeline\\Pipeline->Illuminate\\Pipeline\\{closure}(Object(Illuminate\\Http\\Request))
#49 C:\\xampp\\htdocs\\laravel-dev-assessment\\vendor\\laravel\\framework\\src\\Illuminate\\Session\\Middleware\\StartSession.php(64): Illuminate\\Session\\Middleware\\StartSession->handleStatefulRequest(Object(Illuminate\\Http\\Request), Object(Illuminate\\Session\\Store), Object(Closure))
#50 C:\\xampp\\htdocs\\laravel-dev-assessment\\vendor\\laravel\\framework\\src\\Illuminate\\Pipeline\\Pipeline.php(183): Illuminate\\Session\\Middleware\\StartSession->handle(Object(Illuminate\\Http\\Request), Object(Closure))
#51 C:\\xampp\\htdocs\\laravel-dev-assessment\\vendor\\laravel\\framework\\src\\Illuminate\\Cookie\\Middleware\\AddQueuedCookiesToResponse.php(37): Illuminate\\Pipeline\\Pipeline->Illuminate\\Pipeline\\{closure}(Object(Illuminate\\Http\\Request))
#52 C:\\xampp\\htdocs\\laravel-dev-assessment\\vendor\\laravel\\framework\\src\\Illuminate\\Pipeline\\Pipeline.php(183): Illuminate\\Cookie\\Middleware\\AddQueuedCookiesToResponse->handle(Object(Illuminate\\Http\\Request), Object(Closure))
#53 C:\\xampp\\htdocs\\laravel-dev-assessment\\vendor\\laravel\\framework\\src\\Illuminate\\Cookie\\Middleware\\EncryptCookies.php(75): Illuminate\\Pipeline\\Pipeline->Illuminate\\Pipeline\\{closure}(Object(Illuminate\\Http\\Request))
#54 C:\\xampp\\htdocs\\laravel-dev-assessment\\vendor\\laravel\\framework\\src\\Illuminate\\Pipeline\\Pipeline.php(183): Illuminate\\Cookie\\Middleware\\EncryptCookies->handle(Object(Illuminate\\Http\\Request), Object(Closure))
#55 C:\\xampp\\htdocs\\laravel-dev-assessment\\vendor\\laravel\\framework\\src\\Illuminate\\Pipeline\\Pipeline.php(119): Illuminate\\Pipeline\\Pipeline->Illuminate\\Pipeline\\{closure}(Object(Illuminate\\Http\\Request))
#56 C:\\xampp\\htdocs\\laravel-dev-assessment\\vendor\\laravel\\framework\\src\\Illuminate\\Routing\\Router.php(807): Illuminate\\Pipeline\\Pipeline->then(Object(Closure))
#57 C:\\xampp\\htdocs\\laravel-dev-assessment\\vendor\\laravel\\framework\\src\\Illuminate\\Routing\\Router.php(786): Illuminate\\Routing\\Router->runRouteWithinStack(Object(Illuminate\\Routing\\Route), Object(Illuminate\\Http\\Request))
#58 C:\\xampp\\htdocs\\laravel-dev-assessment\\vendor\\laravel\\framework\\src\\Illuminate\\Routing\\Router.php(750): Illuminate\\Routing\\Router->runRoute(Object(Illuminate\\Http\\Request), Object(Illuminate\\Routing\\Route))
#59 C:\\xampp\\htdocs\\laravel-dev-assessment\\vendor\\laravel\\framework\\src\\Illuminate\\Routing\\Router.php(739): Illuminate\\Routing\\Router->dispatchToRoute(Object(Illuminate\\Http\\Request))
#60 C:\\xampp\\htdocs\\laravel-dev-assessment\\vendor\\laravel\\framework\\src\\Illuminate\\Foundation\\Http\\Kernel.php(201): Illuminate\\Routing\\Router->dispatch(Object(Illuminate\\Http\\Request))
#61 C:\\xampp\\htdocs\\laravel-dev-assessment\\vendor\\laravel\\framework\\src\\Illuminate\\Pipeline\\Pipeline.php(144): Illuminate\\Foundation\\Http\\Kernel->Illuminate\\Foundation\\Http\\{closure}(Object(Illuminate\\Http\\Request))
#62 C:\\xampp\\htdocs\\laravel-dev-assessment\\vendor\\livewire\\livewire\\src\\Features\\SupportDisablingBackButtonCache\\DisableBackButtonCacheMiddleware.php(19): Illuminate\\Pipeline\\Pipeline->Illuminate\\Pipeline\\{closure}(Object(Illuminate\\Http\\Request))
#63 C:\\xampp\\htdocs\\laravel-dev-assessment\\vendor\\laravel\\framework\\src\\Illuminate\\Pipeline\\Pipeline.php(183): Livewire\\Features\\SupportDisablingBackButtonCache\\DisableBackButtonCacheMiddleware->handle(Object(Illuminate\\Http\\Request), Object(Closure))
#64 C:\\xampp\\htdocs\\laravel-dev-assessment\\vendor\\barryvdh\\laravel-debugbar\\src\\Middleware\\InjectDebugbar.php(66): Illuminate\\Pipeline\\Pipeline->Illuminate\\Pipeline\\{closure}(Object(Illuminate\\Http\\Request))
#65 C:\\xampp\\htdocs\\laravel-dev-assessment\\vendor\\laravel\\framework\\src\\Illuminate\\Pipeline\\Pipeline.php(183): Barryvdh\\Debugbar\\Middleware\\InjectDebugbar->handle(Object(Illuminate\\Http\\Request), Object(Closure))
#66 C:\\xampp\\htdocs\\laravel-dev-assessment\\vendor\\laravel\\framework\\src\\Illuminate\\Foundation\\Http\\Middleware\\TransformsRequest.php(21): Illuminate\\Pipeline\\Pipeline->Illuminate\\Pipeline\\{closure}(Object(Illuminate\\Http\\Request))
#67 C:\\xampp\\htdocs\\laravel-dev-assessment\\vendor\\laravel\\framework\\src\\Illuminate\\Foundation\\Http\\Middleware\\ConvertEmptyStringsToNull.php(31): Illuminate\\Foundation\\Http\\Middleware\\TransformsRequest->handle(Object(Illuminate\\Http\\Request), Object(Closure))
#68 C:\\xampp\\htdocs\\laravel-dev-assessment\\vendor\\laravel\\framework\\src\\Illuminate\\Pipeline\\Pipeline.php(183): Illuminate\\Foundation\\Http\\Middleware\\ConvertEmptyStringsToNull->handle(Object(Illuminate\\Http\\Request), Object(Closure))
#69 C:\\xampp\\htdocs\\laravel-dev-assessment\\vendor\\laravel\\framework\\src\\Illuminate\\Foundation\\Http\\Middleware\\TransformsRequest.php(21): Illuminate\\Pipeline\\Pipeline->Illuminate\\Pipeline\\{closure}(Object(Illuminate\\Http\\Request))
#70 C:\\xampp\\htdocs\\laravel-dev-assessment\\vendor\\laravel\\framework\\src\\Illuminate\\Foundation\\Http\\Middleware\\TrimStrings.php(51): Illuminate\\Foundation\\Http\\Middleware\\TransformsRequest->handle(Object(Illuminate\\Http\\Request), Object(Closure))
#71 C:\\xampp\\htdocs\\laravel-dev-assessment\\vendor\\laravel\\framework\\src\\Illuminate\\Pipeline\\Pipeline.php(183): Illuminate\\Foundation\\Http\\Middleware\\TrimStrings->handle(Object(Illuminate\\Http\\Request), Object(Closure))
#72 C:\\xampp\\htdocs\\laravel-dev-assessment\\vendor\\laravel\\framework\\src\\Illuminate\\Http\\Middleware\\ValidatePostSize.php(27): Illuminate\\Pipeline\\Pipeline->Illuminate\\Pipeline\\{closure}(Object(Illuminate\\Http\\Request))
#73 C:\\xampp\\htdocs\\laravel-dev-assessment\\vendor\\laravel\\framework\\src\\Illuminate\\Pipeline\\Pipeline.php(183): Illuminate\\Http\\Middleware\\ValidatePostSize->handle(Object(Illuminate\\Http\\Request), Object(Closure))
#74 C:\\xampp\\htdocs\\laravel-dev-assessment\\vendor\\laravel\\framework\\src\\Illuminate\\Foundation\\Http\\Middleware\\PreventRequestsDuringMaintenance.php(110): Illuminate\\Pipeline\\Pipeline->Illuminate\\Pipeline\\{closure}(Object(Illuminate\\Http\\Request))
#75 C:\\xampp\\htdocs\\laravel-dev-assessment\\vendor\\laravel\\framework\\src\\Illuminate\\Pipeline\\Pipeline.php(183): Illuminate\\Foundation\\Http\\Middleware\\PreventRequestsDuringMaintenance->handle(Object(Illuminate\\Http\\Request), Object(Closure))
#76 C:\\xampp\\htdocs\\laravel-dev-assessment\\vendor\\laravel\\framework\\src\\Illuminate\\Http\\Middleware\\HandleCors.php(49): Illuminate\\Pipeline\\Pipeline->Illuminate\\Pipeline\\{closure}(Object(Illuminate\\Http\\Request))
#77 C:\\xampp\\htdocs\\laravel-dev-assessment\\vendor\\laravel\\framework\\src\\Illuminate\\Pipeline\\Pipeline.php(183): Illuminate\\Http\\Middleware\\HandleCors->handle(Object(Illuminate\\Http\\Request), Object(Closure))
#78 C:\\xampp\\htdocs\\laravel-dev-assessment\\vendor\\laravel\\framework\\src\\Illuminate\\Http\\Middleware\\TrustProxies.php(58): Illuminate\\Pipeline\\Pipeline->Illuminate\\Pipeline\\{closure}(Object(Illuminate\\Http\\Request))
#79 C:\\xampp\\htdocs\\laravel-dev-assessment\\vendor\\laravel\\framework\\src\\Illuminate\\Pipeline\\Pipeline.php(183): Illuminate\\Http\\Middleware\\TrustProxies->handle(Object(Illuminate\\Http\\Request), Object(Closure))
#80 C:\\xampp\\htdocs\\laravel-dev-assessment\\vendor\\laravel\\framework\\src\\Illuminate\\Foundation\\Http\\Middleware\\InvokeDeferredCallbacks.php(22): Illuminate\\Pipeline\\Pipeline->Illuminate\\Pipeline\\{closure}(Object(Illuminate\\Http\\Request))
#81 C:\\xampp\\htdocs\\laravel-dev-assessment\\vendor\\laravel\\framework\\src\\Illuminate\\Pipeline\\Pipeline.php(183): Illuminate\\Foundation\\Http\\Middleware\\InvokeDeferredCallbacks->handle(Object(Illuminate\\Http\\Request), Object(Closure))
#82 C:\\xampp\\htdocs\\laravel-dev-assessment\\vendor\\laravel\\framework\\src\\Illuminate\\Pipeline\\Pipeline.php(119): Illuminate\\Pipeline\\Pipeline->Illuminate\\Pipeline\\{closure}(Object(Illuminate\\Http\\Request))
#83 C:\\xampp\\htdocs\\laravel-dev-assessment\\vendor\\laravel\\framework\\src\\Illuminate\\Foundation\\Http\\Kernel.php(176): Illuminate\\Pipeline\\Pipeline->then(Object(Closure))
#84 C:\\xampp\\htdocs\\laravel-dev-assessment\\vendor\\laravel\\framework\\src\\Illuminate\\Foundation\\Http\\Kernel.php(145): Illuminate\\Foundation\\Http\\Kernel->sendRequestThroughRouter(Object(Illuminate\\Http\\Request))
#85 C:\\xampp\\htdocs\\laravel-dev-assessment\\vendor\\laravel\\framework\\src\\Illuminate\\Foundation\\Application.php(1190): Illuminate\\Foundation\\Http\\Kernel->handle(Object(Illuminate\\Http\\Request))
#86 C:\\xampp\\htdocs\\laravel-dev-assessment\\public\\index.php(17): Illuminate\\Foundation\\Application->handleRequest(Object(Illuminate\\Http\\Request))
#87 {main}
"} 
[2025-02-04 07:01:49] local.ERROR: SQLSTATE[42S02]: Base table or view not found: 1146 Table 'laravel-dev-assessment.skills' doesn't exist (Connection: mysql, SQL: select * from `skills`) {"userId":1,"exception":"[object] (Illuminate\\Database\\QueryException(code: 42S02): SQLSTATE[42S02]: Base table or view not found: 1146 Table 'laravel-dev-assessment.skills' doesn't exist (Connection: mysql, SQL: select * from `skills`) at C:\\xampp\\htdocs\\laravel-dev-assessment\\vendor\\laravel\\framework\\src\\Illuminate\\Database\\Connection.php:825)
[stacktrace]
#0 C:\\xampp\\htdocs\\laravel-dev-assessment\\vendor\\laravel\\framework\\src\\Illuminate\\Database\\Connection.php(779): Illuminate\\Database\\Connection->runQueryCallback('select * from `...', Array, Object(Closure))
#1 C:\\xampp\\htdocs\\laravel-dev-assessment\\vendor\\laravel\\framework\\src\\Illuminate\\Database\\Connection.php(398): Illuminate\\Database\\Connection->run('select * from `...', Array, Object(Closure))
#2 C:\\xampp\\htdocs\\laravel-dev-assessment\\vendor\\laravel\\framework\\src\\Illuminate\\Database\\Query\\Builder.php(3133): Illuminate\\Database\\Connection->select('select * from `...', Array, true)
#3 C:\\xampp\\htdocs\\laravel-dev-assessment\\vendor\\laravel\\framework\\src\\Illuminate\\Database\\Query\\Builder.php(3118): Illuminate\\Database\\Query\\Builder->runSelect()
#4 C:\\xampp\\htdocs\\laravel-dev-assessment\\vendor\\laravel\\framework\\src\\Illuminate\\Database\\Query\\Builder.php(3706): Illuminate\\Database\\Query\\Builder->Illuminate\\Database\\Query\\{closure}()
#5 C:\\xampp\\htdocs\\laravel-dev-assessment\\vendor\\laravel\\framework\\src\\Illuminate\\Database\\Query\\Builder.php(3117): Illuminate\\Database\\Query\\Builder->onceWithColumns(Array, Object(Closure))
#6 C:\\xampp\\htdocs\\laravel-dev-assessment\\vendor\\laravel\\framework\\src\\Illuminate\\Database\\Eloquent\\Builder.php(760): Illuminate\\Database\\Query\\Builder->get(Array)
#7 C:\\xampp\\htdocs\\laravel-dev-assessment\\vendor\\laravel\\framework\\src\\Illuminate\\Database\\Eloquent\\Builder.php(742): Illuminate\\Database\\Eloquent\\Builder->getModels(Array)
#8 C:\\xampp\\htdocs\\laravel-dev-assessment\\vendor\\laravel\\framework\\src\\Illuminate\\Database\\Eloquent\\Model.php(693): Illuminate\\Database\\Eloquent\\Builder->get(Array)
#9 C:\\xampp\\htdocs\\laravel-dev-assessment\\app\\Livewire\\Pages\\Skills\\Index.php(31): Illuminate\\Database\\Eloquent\\Model::all()
#10 C:\\xampp\\htdocs\\laravel-dev-assessment\\app\\Livewire\\Pages\\Skills\\Index.php(26): App\\Livewire\\Pages\\Skills\\Index->loadSkills()
#11 C:\\xampp\\htdocs\\laravel-dev-assessment\\vendor\\laravel\\framework\\src\\Illuminate\\Container\\BoundMethod.php(36): App\\Livewire\\Pages\\Skills\\Index->mount()
#12 C:\\xampp\\htdocs\\laravel-dev-assessment\\vendor\\laravel\\framework\\src\\Illuminate\\Container\\Util.php(43): Illuminate\\Container\\BoundMethod::Illuminate\\Container\\{closure}()
#13 C:\\xampp\\htdocs\\laravel-dev-assessment\\vendor\\laravel\\framework\\src\\Illuminate\\Container\\BoundMethod.php(95): Illuminate\\Container\\Util::unwrapIfClosure(Object(Closure))
#14 C:\\xampp\\htdocs\\laravel-dev-assessment\\vendor\\laravel\\framework\\src\\Illuminate\\Container\\BoundMethod.php(35): Illuminate\\Container\\BoundMethod::callBoundMethod(Object(Illuminate\\Foundation\\Application), Array, Object(Closure))
#15 C:\\xampp\\htdocs\\laravel-dev-assessment\\vendor\\livewire\\livewire\\src\\Wrapped.php(23): Illuminate\\Container\\BoundMethod::call(Object(Illuminate\\Foundation\\Application), Array, Array)
#16 C:\\xampp\\htdocs\\laravel-dev-assessment\\vendor\\livewire\\livewire\\src\\Features\\SupportLifecycleHooks\\SupportLifecycleHooks.php(134): Livewire\\Wrapped->__call('mount', Array)
#17 C:\\xampp\\htdocs\\laravel-dev-assessment\\vendor\\livewire\\livewire\\src\\Features\\SupportLifecycleHooks\\SupportLifecycleHooks.php(20): Livewire\\Features\\SupportLifecycleHooks\\SupportLifecycleHooks->callHook('mount', Array)
#18 C:\\xampp\\htdocs\\laravel-dev-assessment\\vendor\\livewire\\livewire\\src\\ComponentHook.php(19): Livewire\\Features\\SupportLifecycleHooks\\SupportLifecycleHooks->mount(Array, false)
#19 C:\\xampp\\htdocs\\laravel-dev-assessment\\vendor\\livewire\\livewire\\src\\ComponentHookRegistry.php(45): Livewire\\ComponentHook->callMount(Array, false)
#20 C:\\xampp\\htdocs\\laravel-dev-assessment\\vendor\\livewire\\livewire\\src\\EventBus.php(60): Livewire\\ComponentHookRegistry::Livewire\\{closure}(Object(App\\Livewire\\Pages\\Skills\\Index), Array, NULL, false)
#21 C:\\xampp\\htdocs\\laravel-dev-assessment\\vendor\\livewire\\livewire\\src\\helpers.php(98): Livewire\\EventBus->trigger('mount', Object(App\\Livewire\\Pages\\Skills\\Index), Array, NULL, false)
#22 C:\\xampp\\htdocs\\laravel-dev-assessment\\vendor\\livewire\\livewire\\src\\Mechanisms\\HandleComponents\\HandleComponents.php(50): Livewire\\trigger('mount', Object(App\\Livewire\\Pages\\Skills\\Index), Array, NULL, false)
#23 C:\\xampp\\htdocs\\laravel-dev-assessment\\vendor\\livewire\\livewire\\src\\LivewireManager.php(73): Livewire\\Mechanisms\\HandleComponents\\HandleComponents->mount('App\\\\Livewire\\\\Pa...', Array, NULL)
#24 C:\\xampp\\htdocs\\laravel-dev-assessment\\vendor\\livewire\\livewire\\src\\Features\\SupportPageComponents\\HandlesPageComponents.php(17): Livewire\\LivewireManager->mount('App\\\\Livewire\\\\Pa...', Array)
#25 C:\\xampp\\htdocs\\laravel-dev-assessment\\vendor\\livewire\\livewire\\src\\Features\\SupportPageComponents\\SupportPageComponents.php(117): Livewire\\Component->Livewire\\Features\\SupportPageComponents\\{closure}()
#26 C:\\xampp\\htdocs\\laravel-dev-assessment\\vendor\\livewire\\livewire\\src\\Features\\SupportPageComponents\\HandlesPageComponents.php(14): Livewire\\Features\\SupportPageComponents\\SupportPageComponents::interceptTheRenderOfTheComponentAndRetreiveTheLayoutConfiguration(Object(Closure))
#27 C:\\xampp\\htdocs\\laravel-dev-assessment\\vendor\\laravel\\framework\\src\\Illuminate\\Routing\\ControllerDispatcher.php(47): Livewire\\Component->__invoke()
#28 C:\\xampp\\htdocs\\laravel-dev-assessment\\vendor\\laravel\\framework\\src\\Illuminate\\Routing\\Route.php(266): Illuminate\\Routing\\ControllerDispatcher->dispatch(Object(Illuminate\\Routing\\Route), Object(App\\Livewire\\Pages\\Skills\\Index), '__invoke')
#29 C:\\xampp\\htdocs\\laravel-dev-assessment\\vendor\\laravel\\framework\\src\\Illuminate\\Routing\\Route.php(212): Illuminate\\Routing\\Route->runController()
#30 C:\\xampp\\htdocs\\laravel-dev-assessment\\vendor\\laravel\\framework\\src\\Illuminate\\Routing\\Router.php(808): Illuminate\\Routing\\Route->run()
#31 C:\\xampp\\htdocs\\laravel-dev-assessment\\vendor\\laravel\\framework\\src\\Illuminate\\Pipeline\\Pipeline.php(144): Illuminate\\Routing\\Router->Illuminate\\Routing\\{closure}(Object(Illuminate\\Http\\Request))
#32 C:\\xampp\\htdocs\\laravel-dev-assessment\\vendor\\spatie\\laravel-permission\\src\\Middleware\\RoleMiddleware.php(39): Illuminate\\Pipeline\\Pipeline->Illuminate\\Pipeline\\{closure}(Object(Illuminate\\Http\\Request))
#33 C:\\xampp\\htdocs\\laravel-dev-assessment\\vendor\\laravel\\framework\\src\\Illuminate\\Pipeline\\Pipeline.php(183): Spatie\\Permission\\Middleware\\RoleMiddleware->handle(Object(Illuminate\\Http\\Request), Object(Closure), 'admin')
#34 C:\\xampp\\htdocs\\laravel-dev-assessment\\vendor\\laravel\\framework\\src\\Illuminate\\Http\\Middleware\\AddLinkHeadersForPreloadedAssets.php(20): Illuminate\\Pipeline\\Pipeline->Illuminate\\Pipeline\\{closure}(Object(Illuminate\\Http\\Request))
#35 C:\\xampp\\htdocs\\laravel-dev-assessment\\vendor\\laravel\\framework\\src\\Illuminate\\Pipeline\\Pipeline.php(183): Illuminate\\Http\\Middleware\\AddLinkHeadersForPreloadedAssets->handle(Object(Illuminate\\Http\\Request), Object(Closure))
#36 C:\\xampp\\htdocs\\laravel-dev-assessment\\vendor\\inertiajs\\inertia-laravel\\src\\Middleware.php(86): Illuminate\\Pipeline\\Pipeline->Illuminate\\Pipeline\\{closure}(Object(Illuminate\\Http\\Request))
#37 C:\\xampp\\htdocs\\laravel-dev-assessment\\vendor\\laravel\\framework\\src\\Illuminate\\Pipeline\\Pipeline.php(183): Inertia\\Middleware->handle(Object(Illuminate\\Http\\Request), Object(Closure))
#38 C:\\xampp\\htdocs\\laravel-dev-assessment\\vendor\\laravel\\framework\\src\\Illuminate\\Routing\\Middleware\\SubstituteBindings.php(51): Illuminate\\Pipeline\\Pipeline->Illuminate\\Pipeline\\{closure}(Object(Illuminate\\Http\\Request))
#39 C:\\xampp\\htdocs\\laravel-dev-assessment\\vendor\\laravel\\framework\\src\\Illuminate\\Pipeline\\Pipeline.php(183): Illuminate\\Routing\\Middleware\\SubstituteBindings->handle(Object(Illuminate\\Http\\Request), Object(Closure))
#40 C:\\xampp\\htdocs\\laravel-dev-assessment\\vendor\\laravel\\framework\\src\\Illuminate\\Auth\\Middleware\\Authenticate.php(64): Illuminate\\Pipeline\\Pipeline->Illuminate\\Pipeline\\{closure}(Object(Illuminate\\Http\\Request))
#41 C:\\xampp\\htdocs\\laravel-dev-assessment\\vendor\\laravel\\framework\\src\\Illuminate\\Pipeline\\Pipeline.php(183): Illuminate\\Auth\\Middleware\\Authenticate->handle(Object(Illuminate\\Http\\Request), Object(Closure))
#42 C:\\xampp\\htdocs\\laravel-dev-assessment\\vendor\\laravel\\framework\\src\\Illuminate\\Foundation\\Http\\Middleware\\VerifyCsrfToken.php(88): Illuminate\\Pipeline\\Pipeline->Illuminate\\Pipeline\\{closure}(Object(Illuminate\\Http\\Request))
#43 C:\\xampp\\htdocs\\laravel-dev-assessment\\vendor\\laravel\\framework\\src\\Illuminate\\Pipeline\\Pipeline.php(183): Illuminate\\Foundation\\Http\\Middleware\\VerifyCsrfToken->handle(Object(Illuminate\\Http\\Request), Object(Closure))
#44 C:\\xampp\\htdocs\\laravel-dev-assessment\\vendor\\laravel\\framework\\src\\Illuminate\\View\\Middleware\\ShareErrorsFromSession.php(49): Illuminate\\Pipeline\\Pipeline->Illuminate\\Pipeline\\{closure}(Object(Illuminate\\Http\\Request))
#45 C:\\xampp\\htdocs\\laravel-dev-assessment\\vendor\\laravel\\framework\\src\\Illuminate\\Pipeline\\Pipeline.php(183): Illuminate\\View\\Middleware\\ShareErrorsFromSession->handle(Object(Illuminate\\Http\\Request), Object(Closure))
#46 C:\\xampp\\htdocs\\laravel-dev-assessment\\vendor\\laravel\\framework\\src\\Illuminate\\Session\\Middleware\\StartSession.php(121): Illuminate\\Pipeline\\Pipeline->Illuminate\\Pipeline\\{closure}(Object(Illuminate\\Http\\Request))
#47 C:\\xampp\\htdocs\\laravel-dev-assessment\\vendor\\laravel\\framework\\src\\Illuminate\\Session\\Middleware\\StartSession.php(64): Illuminate\\Session\\Middleware\\StartSession->handleStatefulRequest(Object(Illuminate\\Http\\Request), Object(Illuminate\\Session\\Store), Object(Closure))
#48 C:\\xampp\\htdocs\\laravel-dev-assessment\\vendor\\laravel\\framework\\src\\Illuminate\\Pipeline\\Pipeline.php(183): Illuminate\\Session\\Middleware\\StartSession->handle(Object(Illuminate\\Http\\Request), Object(Closure))
#49 C:\\xampp\\htdocs\\laravel-dev-assessment\\vendor\\laravel\\framework\\src\\Illuminate\\Cookie\\Middleware\\AddQueuedCookiesToResponse.php(37): Illuminate\\Pipeline\\Pipeline->Illuminate\\Pipeline\\{closure}(Object(Illuminate\\Http\\Request))
#50 C:\\xampp\\htdocs\\laravel-dev-assessment\\vendor\\laravel\\framework\\src\\Illuminate\\Pipeline\\Pipeline.php(183): Illuminate\\Cookie\\Middleware\\AddQueuedCookiesToResponse->handle(Object(Illuminate\\Http\\Request), Object(Closure))
#51 C:\\xampp\\htdocs\\laravel-dev-assessment\\vendor\\laravel\\framework\\src\\Illuminate\\Cookie\\Middleware\\EncryptCookies.php(75): Illuminate\\Pipeline\\Pipeline->Illuminate\\Pipeline\\{closure}(Object(Illuminate\\Http\\Request))
#52 C:\\xampp\\htdocs\\laravel-dev-assessment\\vendor\\laravel\\framework\\src\\Illuminate\\Pipeline\\Pipeline.php(183): Illuminate\\Cookie\\Middleware\\EncryptCookies->handle(Object(Illuminate\\Http\\Request), Object(Closure))
#53 C:\\xampp\\htdocs\\laravel-dev-assessment\\vendor\\laravel\\framework\\src\\Illuminate\\Pipeline\\Pipeline.php(119): Illuminate\\Pipeline\\Pipeline->Illuminate\\Pipeline\\{closure}(Object(Illuminate\\Http\\Request))
#54 C:\\xampp\\htdocs\\laravel-dev-assessment\\vendor\\laravel\\framework\\src\\Illuminate\\Routing\\Router.php(807): Illuminate\\Pipeline\\Pipeline->then(Object(Closure))
#55 C:\\xampp\\htdocs\\laravel-dev-assessment\\vendor\\laravel\\framework\\src\\Illuminate\\Routing\\Router.php(786): Illuminate\\Routing\\Router->runRouteWithinStack(Object(Illuminate\\Routing\\Route), Object(Illuminate\\Http\\Request))
#56 C:\\xampp\\htdocs\\laravel-dev-assessment\\vendor\\laravel\\framework\\src\\Illuminate\\Routing\\Router.php(750): Illuminate\\Routing\\Router->runRoute(Object(Illuminate\\Http\\Request), Object(Illuminate\\Routing\\Route))
#57 C:\\xampp\\htdocs\\laravel-dev-assessment\\vendor\\laravel\\framework\\src\\Illuminate\\Routing\\Router.php(739): Illuminate\\Routing\\Router->dispatchToRoute(Object(Illuminate\\Http\\Request))
#58 C:\\xampp\\htdocs\\laravel-dev-assessment\\vendor\\laravel\\framework\\src\\Illuminate\\Foundation\\Http\\Kernel.php(201): Illuminate\\Routing\\Router->dispatch(Object(Illuminate\\Http\\Request))
#59 C:\\xampp\\htdocs\\laravel-dev-assessment\\vendor\\laravel\\framework\\src\\Illuminate\\Pipeline\\Pipeline.php(144): Illuminate\\Foundation\\Http\\Kernel->Illuminate\\Foundation\\Http\\{closure}(Object(Illuminate\\Http\\Request))
#60 C:\\xampp\\htdocs\\laravel-dev-assessment\\vendor\\livewire\\livewire\\src\\Features\\SupportDisablingBackButtonCache\\DisableBackButtonCacheMiddleware.php(19): Illuminate\\Pipeline\\Pipeline->Illuminate\\Pipeline\\{closure}(Object(Illuminate\\Http\\Request))
#61 C:\\xampp\\htdocs\\laravel-dev-assessment\\vendor\\laravel\\framework\\src\\Illuminate\\Pipeline\\Pipeline.php(183): Livewire\\Features\\SupportDisablingBackButtonCache\\DisableBackButtonCacheMiddleware->handle(Object(Illuminate\\Http\\Request), Object(Closure))
#62 C:\\xampp\\htdocs\\laravel-dev-assessment\\vendor\\barryvdh\\laravel-debugbar\\src\\Middleware\\InjectDebugbar.php(66): Illuminate\\Pipeline\\Pipeline->Illuminate\\Pipeline\\{closure}(Object(Illuminate\\Http\\Request))
#63 C:\\xampp\\htdocs\\laravel-dev-assessment\\vendor\\laravel\\framework\\src\\Illuminate\\Pipeline\\Pipeline.php(183): Barryvdh\\Debugbar\\Middleware\\InjectDebugbar->handle(Object(Illuminate\\Http\\Request), Object(Closure))
#64 C:\\xampp\\htdocs\\laravel-dev-assessment\\vendor\\laravel\\framework\\src\\Illuminate\\Foundation\\Http\\Middleware\\TransformsRequest.php(21): Illuminate\\Pipeline\\Pipeline->Illuminate\\Pipeline\\{closure}(Object(Illuminate\\Http\\Request))
#65 C:\\xampp\\htdocs\\laravel-dev-assessment\\vendor\\laravel\\framework\\src\\Illuminate\\Foundation\\Http\\Middleware\\ConvertEmptyStringsToNull.php(31): Illuminate\\Foundation\\Http\\Middleware\\TransformsRequest->handle(Object(Illuminate\\Http\\Request), Object(Closure))
#66 C:\\xampp\\htdocs\\laravel-dev-assessment\\vendor\\laravel\\framework\\src\\Illuminate\\Pipeline\\Pipeline.php(183): Illuminate\\Foundation\\Http\\Middleware\\ConvertEmptyStringsToNull->handle(Object(Illuminate\\Http\\Request), Object(Closure))
#67 C:\\xampp\\htdocs\\laravel-dev-assessment\\vendor\\laravel\\framework\\src\\Illuminate\\Foundation\\Http\\Middleware\\TransformsRequest.php(21): Illuminate\\Pipeline\\Pipeline->Illuminate\\Pipeline\\{closure}(Object(Illuminate\\Http\\Request))
#68 C:\\xampp\\htdocs\\laravel-dev-assessment\\vendor\\laravel\\framework\\src\\Illuminate\\Foundation\\Http\\Middleware\\TrimStrings.php(51): Illuminate\\Foundation\\Http\\Middleware\\TransformsRequest->handle(Object(Illuminate\\Http\\Request), Object(Closure))
#69 C:\\xampp\\htdocs\\laravel-dev-assessment\\vendor\\laravel\\framework\\src\\Illuminate\\Pipeline\\Pipeline.php(183): Illuminate\\Foundation\\Http\\Middleware\\TrimStrings->handle(Object(Illuminate\\Http\\Request), Object(Closure))
#70 C:\\xampp\\htdocs\\laravel-dev-assessment\\vendor\\laravel\\framework\\src\\Illuminate\\Http\\Middleware\\ValidatePostSize.php(27): Illuminate\\Pipeline\\Pipeline->Illuminate\\Pipeline\\{closure}(Object(Illuminate\\Http\\Request))
#71 C:\\xampp\\htdocs\\laravel-dev-assessment\\vendor\\laravel\\framework\\src\\Illuminate\\Pipeline\\Pipeline.php(183): Illuminate\\Http\\Middleware\\ValidatePostSize->handle(Object(Illuminate\\Http\\Request), Object(Closure))
#72 C:\\xampp\\htdocs\\laravel-dev-assessment\\vendor\\laravel\\framework\\src\\Illuminate\\Foundation\\Http\\Middleware\\PreventRequestsDuringMaintenance.php(110): Illuminate\\Pipeline\\Pipeline->Illuminate\\Pipeline\\{closure}(Object(Illuminate\\Http\\Request))
#73 C:\\xampp\\htdocs\\laravel-dev-assessment\\vendor\\laravel\\framework\\src\\Illuminate\\Pipeline\\Pipeline.php(183): Illuminate\\Foundation\\Http\\Middleware\\PreventRequestsDuringMaintenance->handle(Object(Illuminate\\Http\\Request), Object(Closure))
#74 C:\\xampp\\htdocs\\laravel-dev-assessment\\vendor\\laravel\\framework\\src\\Illuminate\\Http\\Middleware\\HandleCors.php(49): Illuminate\\Pipeline\\Pipeline->Illuminate\\Pipeline\\{closure}(Object(Illuminate\\Http\\Request))
#75 C:\\xampp\\htdocs\\laravel-dev-assessment\\vendor\\laravel\\framework\\src\\Illuminate\\Pipeline\\Pipeline.php(183): Illuminate\\Http\\Middleware\\HandleCors->handle(Object(Illuminate\\Http\\Request), Object(Closure))
#76 C:\\xampp\\htdocs\\laravel-dev-assessment\\vendor\\laravel\\framework\\src\\Illuminate\\Http\\Middleware\\TrustProxies.php(58): Illuminate\\Pipeline\\Pipeline->Illuminate\\Pipeline\\{closure}(Object(Illuminate\\Http\\Request))
#77 C:\\xampp\\htdocs\\laravel-dev-assessment\\vendor\\laravel\\framework\\src\\Illuminate\\Pipeline\\Pipeline.php(183): Illuminate\\Http\\Middleware\\TrustProxies->handle(Object(Illuminate\\Http\\Request), Object(Closure))
#78 C:\\xampp\\htdocs\\laravel-dev-assessment\\vendor\\laravel\\framework\\src\\Illuminate\\Foundation\\Http\\Middleware\\InvokeDeferredCallbacks.php(22): Illuminate\\Pipeline\\Pipeline->Illuminate\\Pipeline\\{closure}(Object(Illuminate\\Http\\Request))
#79 C:\\xampp\\htdocs\\laravel-dev-assessment\\vendor\\laravel\\framework\\src\\Illuminate\\Pipeline\\Pipeline.php(183): Illuminate\\Foundation\\Http\\Middleware\\InvokeDeferredCallbacks->handle(Object(Illuminate\\Http\\Request), Object(Closure))
#80 C:\\xampp\\htdocs\\laravel-dev-assessment\\vendor\\laravel\\framework\\src\\Illuminate\\Pipeline\\Pipeline.php(119): Illuminate\\Pipeline\\Pipeline->Illuminate\\Pipeline\\{closure}(Object(Illuminate\\Http\\Request))
#81 C:\\xampp\\htdocs\\laravel-dev-assessment\\vendor\\laravel\\framework\\src\\Illuminate\\Foundation\\Http\\Kernel.php(176): Illuminate\\Pipeline\\Pipeline->then(Object(Closure))
#82 C:\\xampp\\htdocs\\laravel-dev-assessment\\vendor\\laravel\\framework\\src\\Illuminate\\Foundation\\Http\\Kernel.php(145): Illuminate\\Foundation\\Http\\Kernel->sendRequestThroughRouter(Object(Illuminate\\Http\\Request))
#83 C:\\xampp\\htdocs\\laravel-dev-assessment\\vendor\\laravel\\framework\\src\\Illuminate\\Foundation\\Application.php(1190): Illuminate\\Foundation\\Http\\Kernel->handle(Object(Illuminate\\Http\\Request))
#84 C:\\xampp\\htdocs\\laravel-dev-assessment\\public\\index.php(17): Illuminate\\Foundation\\Application->handleRequest(Object(Illuminate\\Http\\Request))
#85 {main}

[previous exception] [object] (PDOException(code: 42S02): SQLSTATE[42S02]: Base table or view not found: 1146 Table 'laravel-dev-assessment.skills' doesn't exist at C:\\xampp\\htdocs\\laravel-dev-assessment\\vendor\\laravel\\framework\\src\\Illuminate\\Database\\Connection.php:407)
[stacktrace]
#0 C:\\xampp\\htdocs\\laravel-dev-assessment\\vendor\\laravel\\framework\\src\\Illuminate\\Database\\Connection.php(407): PDO->prepare('select * from `...')
#1 C:\\xampp\\htdocs\\laravel-dev-assessment\\vendor\\laravel\\framework\\src\\Illuminate\\Database\\Connection.php(812): Illuminate\\Database\\Connection->Illuminate\\Database\\{closure}('select * from `...', Array)
#2 C:\\xampp\\htdocs\\laravel-dev-assessment\\vendor\\laravel\\framework\\src\\Illuminate\\Database\\Connection.php(779): Illuminate\\Database\\Connection->runQueryCallback('select * from `...', Array, Object(Closure))
#3 C:\\xampp\\htdocs\\laravel-dev-assessment\\vendor\\laravel\\framework\\src\\Illuminate\\Database\\Connection.php(398): Illuminate\\Database\\Connection->run('select * from `...', Array, Object(Closure))
#4 C:\\xampp\\htdocs\\laravel-dev-assessment\\vendor\\laravel\\framework\\src\\Illuminate\\Database\\Query\\Builder.php(3133): Illuminate\\Database\\Connection->select('select * from `...', Array, true)
#5 C:\\xampp\\htdocs\\laravel-dev-assessment\\vendor\\laravel\\framework\\src\\Illuminate\\Database\\Query\\Builder.php(3118): Illuminate\\Database\\Query\\Builder->runSelect()
#6 C:\\xampp\\htdocs\\laravel-dev-assessment\\vendor\\laravel\\framework\\src\\Illuminate\\Database\\Query\\Builder.php(3706): Illuminate\\Database\\Query\\Builder->Illuminate\\Database\\Query\\{closure}()
#7 C:\\xampp\\htdocs\\laravel-dev-assessment\\vendor\\laravel\\framework\\src\\Illuminate\\Database\\Query\\Builder.php(3117): Illuminate\\Database\\Query\\Builder->onceWithColumns(Array, Object(Closure))
#8 C:\\xampp\\htdocs\\laravel-dev-assessment\\vendor\\laravel\\framework\\src\\Illuminate\\Database\\Eloquent\\Builder.php(760): Illuminate\\Database\\Query\\Builder->get(Array)
#9 C:\\xampp\\htdocs\\laravel-dev-assessment\\vendor\\laravel\\framework\\src\\Illuminate\\Database\\Eloquent\\Builder.php(742): Illuminate\\Database\\Eloquent\\Builder->getModels(Array)
#10 C:\\xampp\\htdocs\\laravel-dev-assessment\\vendor\\laravel\\framework\\src\\Illuminate\\Database\\Eloquent\\Model.php(693): Illuminate\\Database\\Eloquent\\Builder->get(Array)
#11 C:\\xampp\\htdocs\\laravel-dev-assessment\\app\\Livewire\\Pages\\Skills\\Index.php(31): Illuminate\\Database\\Eloquent\\Model::all()
#12 C:\\xampp\\htdocs\\laravel-dev-assessment\\app\\Livewire\\Pages\\Skills\\Index.php(26): App\\Livewire\\Pages\\Skills\\Index->loadSkills()
#13 C:\\xampp\\htdocs\\laravel-dev-assessment\\vendor\\laravel\\framework\\src\\Illuminate\\Container\\BoundMethod.php(36): App\\Livewire\\Pages\\Skills\\Index->mount()
#14 C:\\xampp\\htdocs\\laravel-dev-assessment\\vendor\\laravel\\framework\\src\\Illuminate\\Container\\Util.php(43): Illuminate\\Container\\BoundMethod::Illuminate\\Container\\{closure}()
#15 C:\\xampp\\htdocs\\laravel-dev-assessment\\vendor\\laravel\\framework\\src\\Illuminate\\Container\\BoundMethod.php(95): Illuminate\\Container\\Util::unwrapIfClosure(Object(Closure))
#16 C:\\xampp\\htdocs\\laravel-dev-assessment\\vendor\\laravel\\framework\\src\\Illuminate\\Container\\BoundMethod.php(35): Illuminate\\Container\\BoundMethod::callBoundMethod(Object(Illuminate\\Foundation\\Application), Array, Object(Closure))
#17 C:\\xampp\\htdocs\\laravel-dev-assessment\\vendor\\livewire\\livewire\\src\\Wrapped.php(23): Illuminate\\Container\\BoundMethod::call(Object(Illuminate\\Foundation\\Application), Array, Array)
#18 C:\\xampp\\htdocs\\laravel-dev-assessment\\vendor\\livewire\\livewire\\src\\Features\\SupportLifecycleHooks\\SupportLifecycleHooks.php(134): Livewire\\Wrapped->__call('mount', Array)
#19 C:\\xampp\\htdocs\\laravel-dev-assessment\\vendor\\livewire\\livewire\\src\\Features\\SupportLifecycleHooks\\SupportLifecycleHooks.php(20): Livewire\\Features\\SupportLifecycleHooks\\SupportLifecycleHooks->callHook('mount', Array)
#20 C:\\xampp\\htdocs\\laravel-dev-assessment\\vendor\\livewire\\livewire\\src\\ComponentHook.php(19): Livewire\\Features\\SupportLifecycleHooks\\SupportLifecycleHooks->mount(Array, false)
#21 C:\\xampp\\htdocs\\laravel-dev-assessment\\vendor\\livewire\\livewire\\src\\ComponentHookRegistry.php(45): Livewire\\ComponentHook->callMount(Array, false)
#22 C:\\xampp\\htdocs\\laravel-dev-assessment\\vendor\\livewire\\livewire\\src\\EventBus.php(60): Livewire\\ComponentHookRegistry::Livewire\\{closure}(Object(App\\Livewire\\Pages\\Skills\\Index), Array, NULL, false)
#23 C:\\xampp\\htdocs\\laravel-dev-assessment\\vendor\\livewire\\livewire\\src\\helpers.php(98): Livewire\\EventBus->trigger('mount', Object(App\\Livewire\\Pages\\Skills\\Index), Array, NULL, false)
#24 C:\\xampp\\htdocs\\laravel-dev-assessment\\vendor\\livewire\\livewire\\src\\Mechanisms\\HandleComponents\\HandleComponents.php(50): Livewire\\trigger('mount', Object(App\\Livewire\\Pages\\Skills\\Index), Array, NULL, false)
#25 C:\\xampp\\htdocs\\laravel-dev-assessment\\vendor\\livewire\\livewire\\src\\LivewireManager.php(73): Livewire\\Mechanisms\\HandleComponents\\HandleComponents->mount('App\\\\Livewire\\\\Pa...', Array, NULL)
#26 C:\\xampp\\htdocs\\laravel-dev-assessment\\vendor\\livewire\\livewire\\src\\Features\\SupportPageComponents\\HandlesPageComponents.php(17): Livewire\\LivewireManager->mount('App\\\\Livewire\\\\Pa...', Array)
#27 C:\\xampp\\htdocs\\laravel-dev-assessment\\vendor\\livewire\\livewire\\src\\Features\\SupportPageComponents\\SupportPageComponents.php(117): Livewire\\Component->Livewire\\Features\\SupportPageComponents\\{closure}()
#28 C:\\xampp\\htdocs\\laravel-dev-assessment\\vendor\\livewire\\livewire\\src\\Features\\SupportPageComponents\\HandlesPageComponents.php(14): Livewire\\Features\\SupportPageComponents\\SupportPageComponents::interceptTheRenderOfTheComponentAndRetreiveTheLayoutConfiguration(Object(Closure))
#29 C:\\xampp\\htdocs\\laravel-dev-assessment\\vendor\\laravel\\framework\\src\\Illuminate\\Routing\\ControllerDispatcher.php(47): Livewire\\Component->__invoke()
#30 C:\\xampp\\htdocs\\laravel-dev-assessment\\vendor\\laravel\\framework\\src\\Illuminate\\Routing\\Route.php(266): Illuminate\\Routing\\ControllerDispatcher->dispatch(Object(Illuminate\\Routing\\Route), Object(App\\Livewire\\Pages\\Skills\\Index), '__invoke')
#31 C:\\xampp\\htdocs\\laravel-dev-assessment\\vendor\\laravel\\framework\\src\\Illuminate\\Routing\\Route.php(212): Illuminate\\Routing\\Route->runController()
#32 C:\\xampp\\htdocs\\laravel-dev-assessment\\vendor\\laravel\\framework\\src\\Illuminate\\Routing\\Router.php(808): Illuminate\\Routing\\Route->run()
#33 C:\\xampp\\htdocs\\laravel-dev-assessment\\vendor\\laravel\\framework\\src\\Illuminate\\Pipeline\\Pipeline.php(144): Illuminate\\Routing\\Router->Illuminate\\Routing\\{closure}(Object(Illuminate\\Http\\Request))
#34 C:\\xampp\\htdocs\\laravel-dev-assessment\\vendor\\spatie\\laravel-permission\\src\\Middleware\\RoleMiddleware.php(39): Illuminate\\Pipeline\\Pipeline->Illuminate\\Pipeline\\{closure}(Object(Illuminate\\Http\\Request))
#35 C:\\xampp\\htdocs\\laravel-dev-assessment\\vendor\\laravel\\framework\\src\\Illuminate\\Pipeline\\Pipeline.php(183): Spatie\\Permission\\Middleware\\RoleMiddleware->handle(Object(Illuminate\\Http\\Request), Object(Closure), 'admin')
#36 C:\\xampp\\htdocs\\laravel-dev-assessment\\vendor\\laravel\\framework\\src\\Illuminate\\Http\\Middleware\\AddLinkHeadersForPreloadedAssets.php(20): Illuminate\\Pipeline\\Pipeline->Illuminate\\Pipeline\\{closure}(Object(Illuminate\\Http\\Request))
#37 C:\\xampp\\htdocs\\laravel-dev-assessment\\vendor\\laravel\\framework\\src\\Illuminate\\Pipeline\\Pipeline.php(183): Illuminate\\Http\\Middleware\\AddLinkHeadersForPreloadedAssets->handle(Object(Illuminate\\Http\\Request), Object(Closure))
#38 C:\\xampp\\htdocs\\laravel-dev-assessment\\vendor\\inertiajs\\inertia-laravel\\src\\Middleware.php(86): Illuminate\\Pipeline\\Pipeline->Illuminate\\Pipeline\\{closure}(Object(Illuminate\\Http\\Request))
#39 C:\\xampp\\htdocs\\laravel-dev-assessment\\vendor\\laravel\\framework\\src\\Illuminate\\Pipeline\\Pipeline.php(183): Inertia\\Middleware->handle(Object(Illuminate\\Http\\Request), Object(Closure))
#40 C:\\xampp\\htdocs\\laravel-dev-assessment\\vendor\\laravel\\framework\\src\\Illuminate\\Routing\\Middleware\\SubstituteBindings.php(51): Illuminate\\Pipeline\\Pipeline->Illuminate\\Pipeline\\{closure}(Object(Illuminate\\Http\\Request))
#41 C:\\xampp\\htdocs\\laravel-dev-assessment\\vendor\\laravel\\framework\\src\\Illuminate\\Pipeline\\Pipeline.php(183): Illuminate\\Routing\\Middleware\\SubstituteBindings->handle(Object(Illuminate\\Http\\Request), Object(Closure))
#42 C:\\xampp\\htdocs\\laravel-dev-assessment\\vendor\\laravel\\framework\\src\\Illuminate\\Auth\\Middleware\\Authenticate.php(64): Illuminate\\Pipeline\\Pipeline->Illuminate\\Pipeline\\{closure}(Object(Illuminate\\Http\\Request))
#43 C:\\xampp\\htdocs\\laravel-dev-assessment\\vendor\\laravel\\framework\\src\\Illuminate\\Pipeline\\Pipeline.php(183): Illuminate\\Auth\\Middleware\\Authenticate->handle(Object(Illuminate\\Http\\Request), Object(Closure))
#44 C:\\xampp\\htdocs\\laravel-dev-assessment\\vendor\\laravel\\framework\\src\\Illuminate\\Foundation\\Http\\Middleware\\VerifyCsrfToken.php(88): Illuminate\\Pipeline\\Pipeline->Illuminate\\Pipeline\\{closure}(Object(Illuminate\\Http\\Request))
#45 C:\\xampp\\htdocs\\laravel-dev-assessment\\vendor\\laravel\\framework\\src\\Illuminate\\Pipeline\\Pipeline.php(183): Illuminate\\Foundation\\Http\\Middleware\\VerifyCsrfToken->handle(Object(Illuminate\\Http\\Request), Object(Closure))
#46 C:\\xampp\\htdocs\\laravel-dev-assessment\\vendor\\laravel\\framework\\src\\Illuminate\\View\\Middleware\\ShareErrorsFromSession.php(49): Illuminate\\Pipeline\\Pipeline->Illuminate\\Pipeline\\{closure}(Object(Illuminate\\Http\\Request))
#47 C:\\xampp\\htdocs\\laravel-dev-assessment\\vendor\\laravel\\framework\\src\\Illuminate\\Pipeline\\Pipeline.php(183): Illuminate\\View\\Middleware\\ShareErrorsFromSession->handle(Object(Illuminate\\Http\\Request), Object(Closure))
#48 C:\\xampp\\htdocs\\laravel-dev-assessment\\vendor\\laravel\\framework\\src\\Illuminate\\Session\\Middleware\\StartSession.php(121): Illuminate\\Pipeline\\Pipeline->Illuminate\\Pipeline\\{closure}(Object(Illuminate\\Http\\Request))
#49 C:\\xampp\\htdocs\\laravel-dev-assessment\\vendor\\laravel\\framework\\src\\Illuminate\\Session\\Middleware\\StartSession.php(64): Illuminate\\Session\\Middleware\\StartSession->handleStatefulRequest(Object(Illuminate\\Http\\Request), Object(Illuminate\\Session\\Store), Object(Closure))
#50 C:\\xampp\\htdocs\\laravel-dev-assessment\\vendor\\laravel\\framework\\src\\Illuminate\\Pipeline\\Pipeline.php(183): Illuminate\\Session\\Middleware\\StartSession->handle(Object(Illuminate\\Http\\Request), Object(Closure))
#51 C:\\xampp\\htdocs\\laravel-dev-assessment\\vendor\\laravel\\framework\\src\\Illuminate\\Cookie\\Middleware\\AddQueuedCookiesToResponse.php(37): Illuminate\\Pipeline\\Pipeline->Illuminate\\Pipeline\\{closure}(Object(Illuminate\\Http\\Request))
#52 C:\\xampp\\htdocs\\laravel-dev-assessment\\vendor\\laravel\\framework\\src\\Illuminate\\Pipeline\\Pipeline.php(183): Illuminate\\Cookie\\Middleware\\AddQueuedCookiesToResponse->handle(Object(Illuminate\\Http\\Request), Object(Closure))
#53 C:\\xampp\\htdocs\\laravel-dev-assessment\\vendor\\laravel\\framework\\src\\Illuminate\\Cookie\\Middleware\\EncryptCookies.php(75): Illuminate\\Pipeline\\Pipeline->Illuminate\\Pipeline\\{closure}(Object(Illuminate\\Http\\Request))
#54 C:\\xampp\\htdocs\\laravel-dev-assessment\\vendor\\laravel\\framework\\src\\Illuminate\\Pipeline\\Pipeline.php(183): Illuminate\\Cookie\\Middleware\\EncryptCookies->handle(Object(Illuminate\\Http\\Request), Object(Closure))
#55 C:\\xampp\\htdocs\\laravel-dev-assessment\\vendor\\laravel\\framework\\src\\Illuminate\\Pipeline\\Pipeline.php(119): Illuminate\\Pipeline\\Pipeline->Illuminate\\Pipeline\\{closure}(Object(Illuminate\\Http\\Request))
#56 C:\\xampp\\htdocs\\laravel-dev-assessment\\vendor\\laravel\\framework\\src\\Illuminate\\Routing\\Router.php(807): Illuminate\\Pipeline\\Pipeline->then(Object(Closure))
#57 C:\\xampp\\htdocs\\laravel-dev-assessment\\vendor\\laravel\\framework\\src\\Illuminate\\Routing\\Router.php(786): Illuminate\\Routing\\Router->runRouteWithinStack(Object(Illuminate\\Routing\\Route), Object(Illuminate\\Http\\Request))
#58 C:\\xampp\\htdocs\\laravel-dev-assessment\\vendor\\laravel\\framework\\src\\Illuminate\\Routing\\Router.php(750): Illuminate\\Routing\\Router->runRoute(Object(Illuminate\\Http\\Request), Object(Illuminate\\Routing\\Route))
#59 C:\\xampp\\htdocs\\laravel-dev-assessment\\vendor\\laravel\\framework\\src\\Illuminate\\Routing\\Router.php(739): Illuminate\\Routing\\Router->dispatchToRoute(Object(Illuminate\\Http\\Request))
#60 C:\\xampp\\htdocs\\laravel-dev-assessment\\vendor\\laravel\\framework\\src\\Illuminate\\Foundation\\Http\\Kernel.php(201): Illuminate\\Routing\\Router->dispatch(Object(Illuminate\\Http\\Request))
#61 C:\\xampp\\htdocs\\laravel-dev-assessment\\vendor\\laravel\\framework\\src\\Illuminate\\Pipeline\\Pipeline.php(144): Illuminate\\Foundation\\Http\\Kernel->Illuminate\\Foundation\\Http\\{closure}(Object(Illuminate\\Http\\Request))
#62 C:\\xampp\\htdocs\\laravel-dev-assessment\\vendor\\livewire\\livewire\\src\\Features\\SupportDisablingBackButtonCache\\DisableBackButtonCacheMiddleware.php(19): Illuminate\\Pipeline\\Pipeline->Illuminate\\Pipeline\\{closure}(Object(Illuminate\\Http\\Request))
#63 C:\\xampp\\htdocs\\laravel-dev-assessment\\vendor\\laravel\\framework\\src\\Illuminate\\Pipeline\\Pipeline.php(183): Livewire\\Features\\SupportDisablingBackButtonCache\\DisableBackButtonCacheMiddleware->handle(Object(Illuminate\\Http\\Request), Object(Closure))
#64 C:\\xampp\\htdocs\\laravel-dev-assessment\\vendor\\barryvdh\\laravel-debugbar\\src\\Middleware\\InjectDebugbar.php(66): Illuminate\\Pipeline\\Pipeline->Illuminate\\Pipeline\\{closure}(Object(Illuminate\\Http\\Request))
#65 C:\\xampp\\htdocs\\laravel-dev-assessment\\vendor\\laravel\\framework\\src\\Illuminate\\Pipeline\\Pipeline.php(183): Barryvdh\\Debugbar\\Middleware\\InjectDebugbar->handle(Object(Illuminate\\Http\\Request), Object(Closure))
#66 C:\\xampp\\htdocs\\laravel-dev-assessment\\vendor\\laravel\\framework\\src\\Illuminate\\Foundation\\Http\\Middleware\\TransformsRequest.php(21): Illuminate\\Pipeline\\Pipeline->Illuminate\\Pipeline\\{closure}(Object(Illuminate\\Http\\Request))
#67 C:\\xampp\\htdocs\\laravel-dev-assessment\\vendor\\laravel\\framework\\src\\Illuminate\\Foundation\\Http\\Middleware\\ConvertEmptyStringsToNull.php(31): Illuminate\\Foundation\\Http\\Middleware\\TransformsRequest->handle(Object(Illuminate\\Http\\Request), Object(Closure))
#68 C:\\xampp\\htdocs\\laravel-dev-assessment\\vendor\\laravel\\framework\\src\\Illuminate\\Pipeline\\Pipeline.php(183): Illuminate\\Foundation\\Http\\Middleware\\ConvertEmptyStringsToNull->handle(Object(Illuminate\\Http\\Request), Object(Closure))
#69 C:\\xampp\\htdocs\\laravel-dev-assessment\\vendor\\laravel\\framework\\src\\Illuminate\\Foundation\\Http\\Middleware\\TransformsRequest.php(21): Illuminate\\Pipeline\\Pipeline->Illuminate\\Pipeline\\{closure}(Object(Illuminate\\Http\\Request))
#70 C:\\xampp\\htdocs\\laravel-dev-assessment\\vendor\\laravel\\framework\\src\\Illuminate\\Foundation\\Http\\Middleware\\TrimStrings.php(51): Illuminate\\Foundation\\Http\\Middleware\\TransformsRequest->handle(Object(Illuminate\\Http\\Request), Object(Closure))
#71 C:\\xampp\\htdocs\\laravel-dev-assessment\\vendor\\laravel\\framework\\src\\Illuminate\\Pipeline\\Pipeline.php(183): Illuminate\\Foundation\\Http\\Middleware\\TrimStrings->handle(Object(Illuminate\\Http\\Request), Object(Closure))
#72 C:\\xampp\\htdocs\\laravel-dev-assessment\\vendor\\laravel\\framework\\src\\Illuminate\\Http\\Middleware\\ValidatePostSize.php(27): Illuminate\\Pipeline\\Pipeline->Illuminate\\Pipeline\\{closure}(Object(Illuminate\\Http\\Request))
#73 C:\\xampp\\htdocs\\laravel-dev-assessment\\vendor\\laravel\\framework\\src\\Illuminate\\Pipeline\\Pipeline.php(183): Illuminate\\Http\\Middleware\\ValidatePostSize->handle(Object(Illuminate\\Http\\Request), Object(Closure))
#74 C:\\xampp\\htdocs\\laravel-dev-assessment\\vendor\\laravel\\framework\\src\\Illuminate\\Foundation\\Http\\Middleware\\PreventRequestsDuringMaintenance.php(110): Illuminate\\Pipeline\\Pipeline->Illuminate\\Pipeline\\{closure}(Object(Illuminate\\Http\\Request))
#75 C:\\xampp\\htdocs\\laravel-dev-assessment\\vendor\\laravel\\framework\\src\\Illuminate\\Pipeline\\Pipeline.php(183): Illuminate\\Foundation\\Http\\Middleware\\PreventRequestsDuringMaintenance->handle(Object(Illuminate\\Http\\Request), Object(Closure))
#76 C:\\xampp\\htdocs\\laravel-dev-assessment\\vendor\\laravel\\framework\\src\\Illuminate\\Http\\Middleware\\HandleCors.php(49): Illuminate\\Pipeline\\Pipeline->Illuminate\\Pipeline\\{closure}(Object(Illuminate\\Http\\Request))
#77 C:\\xampp\\htdocs\\laravel-dev-assessment\\vendor\\laravel\\framework\\src\\Illuminate\\Pipeline\\Pipeline.php(183): Illuminate\\Http\\Middleware\\HandleCors->handle(Object(Illuminate\\Http\\Request), Object(Closure))
#78 C:\\xampp\\htdocs\\laravel-dev-assessment\\vendor\\laravel\\framework\\src\\Illuminate\\Http\\Middleware\\TrustProxies.php(58): Illuminate\\Pipeline\\Pipeline->Illuminate\\Pipeline\\{closure}(Object(Illuminate\\Http\\Request))
#79 C:\\xampp\\htdocs\\laravel-dev-assessment\\vendor\\laravel\\framework\\src\\Illuminate\\Pipeline\\Pipeline.php(183): Illuminate\\Http\\Middleware\\TrustProxies->handle(Object(Illuminate\\Http\\Request), Object(Closure))
#80 C:\\xampp\\htdocs\\laravel-dev-assessment\\vendor\\laravel\\framework\\src\\Illuminate\\Foundation\\Http\\Middleware\\InvokeDeferredCallbacks.php(22): Illuminate\\Pipeline\\Pipeline->Illuminate\\Pipeline\\{closure}(Object(Illuminate\\Http\\Request))
#81 C:\\xampp\\htdocs\\laravel-dev-assessment\\vendor\\laravel\\framework\\src\\Illuminate\\Pipeline\\Pipeline.php(183): Illuminate\\Foundation\\Http\\Middleware\\InvokeDeferredCallbacks->handle(Object(Illuminate\\Http\\Request), Object(Closure))
#82 C:\\xampp\\htdocs\\laravel-dev-assessment\\vendor\\laravel\\framework\\src\\Illuminate\\Pipeline\\Pipeline.php(119): Illuminate\\Pipeline\\Pipeline->Illuminate\\Pipeline\\{closure}(Object(Illuminate\\Http\\Request))
#83 C:\\xampp\\htdocs\\laravel-dev-assessment\\vendor\\laravel\\framework\\src\\Illuminate\\Foundation\\Http\\Kernel.php(176): Illuminate\\Pipeline\\Pipeline->then(Object(Closure))
#84 C:\\xampp\\htdocs\\laravel-dev-assessment\\vendor\\laravel\\framework\\src\\Illuminate\\Foundation\\Http\\Kernel.php(145): Illuminate\\Foundation\\Http\\Kernel->sendRequestThroughRouter(Object(Illuminate\\Http\\Request))
#85 C:\\xampp\\htdocs\\laravel-dev-assessment\\vendor\\laravel\\framework\\src\\Illuminate\\Foundation\\Application.php(1190): Illuminate\\Foundation\\Http\\Kernel->handle(Object(Illuminate\\Http\\Request))
#86 C:\\xampp\\htdocs\\laravel-dev-assessment\\public\\index.php(17): Illuminate\\Foundation\\Application->handleRequest(Object(Illuminate\\Http\\Request))
#87 {main}
"} 
[2025-02-04 07:02:08] local.ERROR: SQLSTATE[42S02]: Base table or view not found: 1146 Table 'laravel-dev-assessment.skills' doesn't exist (Connection: mysql, SQL: select * from `skills`) {"userId":1,"exception":"[object] (Illuminate\\Database\\QueryException(code: 42S02): SQLSTATE[42S02]: Base table or view not found: 1146 Table 'laravel-dev-assessment.skills' doesn't exist (Connection: mysql, SQL: select * from `skills`) at C:\\xampp\\htdocs\\laravel-dev-assessment\\vendor\\laravel\\framework\\src\\Illuminate\\Database\\Connection.php:825)
[stacktrace]
#0 C:\\xampp\\htdocs\\laravel-dev-assessment\\vendor\\laravel\\framework\\src\\Illuminate\\Database\\Connection.php(779): Illuminate\\Database\\Connection->runQueryCallback('select * from `...', Array, Object(Closure))
#1 C:\\xampp\\htdocs\\laravel-dev-assessment\\vendor\\laravel\\framework\\src\\Illuminate\\Database\\Connection.php(398): Illuminate\\Database\\Connection->run('select * from `...', Array, Object(Closure))
#2 C:\\xampp\\htdocs\\laravel-dev-assessment\\vendor\\laravel\\framework\\src\\Illuminate\\Database\\Query\\Builder.php(3133): Illuminate\\Database\\Connection->select('select * from `...', Array, true)
#3 C:\\xampp\\htdocs\\laravel-dev-assessment\\vendor\\laravel\\framework\\src\\Illuminate\\Database\\Query\\Builder.php(3118): Illuminate\\Database\\Query\\Builder->runSelect()
#4 C:\\xampp\\htdocs\\laravel-dev-assessment\\vendor\\laravel\\framework\\src\\Illuminate\\Database\\Query\\Builder.php(3706): Illuminate\\Database\\Query\\Builder->Illuminate\\Database\\Query\\{closure}()
#5 C:\\xampp\\htdocs\\laravel-dev-assessment\\vendor\\laravel\\framework\\src\\Illuminate\\Database\\Query\\Builder.php(3117): Illuminate\\Database\\Query\\Builder->onceWithColumns(Array, Object(Closure))
#6 C:\\xampp\\htdocs\\laravel-dev-assessment\\vendor\\laravel\\framework\\src\\Illuminate\\Database\\Eloquent\\Builder.php(760): Illuminate\\Database\\Query\\Builder->get(Array)
#7 C:\\xampp\\htdocs\\laravel-dev-assessment\\vendor\\laravel\\framework\\src\\Illuminate\\Database\\Eloquent\\Builder.php(742): Illuminate\\Database\\Eloquent\\Builder->getModels(Array)
#8 C:\\xampp\\htdocs\\laravel-dev-assessment\\vendor\\laravel\\framework\\src\\Illuminate\\Database\\Eloquent\\Model.php(693): Illuminate\\Database\\Eloquent\\Builder->get(Array)
#9 C:\\xampp\\htdocs\\laravel-dev-assessment\\app\\Livewire\\Pages\\Skills\\Index.php(31): Illuminate\\Database\\Eloquent\\Model::all()
#10 C:\\xampp\\htdocs\\laravel-dev-assessment\\app\\Livewire\\Pages\\Skills\\Index.php(26): App\\Livewire\\Pages\\Skills\\Index->loadSkills()
#11 C:\\xampp\\htdocs\\laravel-dev-assessment\\vendor\\laravel\\framework\\src\\Illuminate\\Container\\BoundMethod.php(36): App\\Livewire\\Pages\\Skills\\Index->mount()
#12 C:\\xampp\\htdocs\\laravel-dev-assessment\\vendor\\laravel\\framework\\src\\Illuminate\\Container\\Util.php(43): Illuminate\\Container\\BoundMethod::Illuminate\\Container\\{closure}()
#13 C:\\xampp\\htdocs\\laravel-dev-assessment\\vendor\\laravel\\framework\\src\\Illuminate\\Container\\BoundMethod.php(95): Illuminate\\Container\\Util::unwrapIfClosure(Object(Closure))
#14 C:\\xampp\\htdocs\\laravel-dev-assessment\\vendor\\laravel\\framework\\src\\Illuminate\\Container\\BoundMethod.php(35): Illuminate\\Container\\BoundMethod::callBoundMethod(Object(Illuminate\\Foundation\\Application), Array, Object(Closure))
#15 C:\\xampp\\htdocs\\laravel-dev-assessment\\vendor\\livewire\\livewire\\src\\Wrapped.php(23): Illuminate\\Container\\BoundMethod::call(Object(Illuminate\\Foundation\\Application), Array, Array)
#16 C:\\xampp\\htdocs\\laravel-dev-assessment\\vendor\\livewire\\livewire\\src\\Features\\SupportLifecycleHooks\\SupportLifecycleHooks.php(134): Livewire\\Wrapped->__call('mount', Array)
#17 C:\\xampp\\htdocs\\laravel-dev-assessment\\vendor\\livewire\\livewire\\src\\Features\\SupportLifecycleHooks\\SupportLifecycleHooks.php(20): Livewire\\Features\\SupportLifecycleHooks\\SupportLifecycleHooks->callHook('mount', Array)
#18 C:\\xampp\\htdocs\\laravel-dev-assessment\\vendor\\livewire\\livewire\\src\\ComponentHook.php(19): Livewire\\Features\\SupportLifecycleHooks\\SupportLifecycleHooks->mount(Array, false)
#19 C:\\xampp\\htdocs\\laravel-dev-assessment\\vendor\\livewire\\livewire\\src\\ComponentHookRegistry.php(45): Livewire\\ComponentHook->callMount(Array, false)
#20 C:\\xampp\\htdocs\\laravel-dev-assessment\\vendor\\livewire\\livewire\\src\\EventBus.php(60): Livewire\\ComponentHookRegistry::Livewire\\{closure}(Object(App\\Livewire\\Pages\\Skills\\Index), Array, NULL, false)
#21 C:\\xampp\\htdocs\\laravel-dev-assessment\\vendor\\livewire\\livewire\\src\\helpers.php(98): Livewire\\EventBus->trigger('mount', Object(App\\Livewire\\Pages\\Skills\\Index), Array, NULL, false)
#22 C:\\xampp\\htdocs\\laravel-dev-assessment\\vendor\\livewire\\livewire\\src\\Mechanisms\\HandleComponents\\HandleComponents.php(50): Livewire\\trigger('mount', Object(App\\Livewire\\Pages\\Skills\\Index), Array, NULL, false)
#23 C:\\xampp\\htdocs\\laravel-dev-assessment\\vendor\\livewire\\livewire\\src\\LivewireManager.php(73): Livewire\\Mechanisms\\HandleComponents\\HandleComponents->mount('App\\\\Livewire\\\\Pa...', Array, NULL)
#24 C:\\xampp\\htdocs\\laravel-dev-assessment\\vendor\\livewire\\livewire\\src\\Features\\SupportPageComponents\\HandlesPageComponents.php(17): Livewire\\LivewireManager->mount('App\\\\Livewire\\\\Pa...', Array)
#25 C:\\xampp\\htdocs\\laravel-dev-assessment\\vendor\\livewire\\livewire\\src\\Features\\SupportPageComponents\\SupportPageComponents.php(117): Livewire\\Component->Livewire\\Features\\SupportPageComponents\\{closure}()
#26 C:\\xampp\\htdocs\\laravel-dev-assessment\\vendor\\livewire\\livewire\\src\\Features\\SupportPageComponents\\HandlesPageComponents.php(14): Livewire\\Features\\SupportPageComponents\\SupportPageComponents::interceptTheRenderOfTheComponentAndRetreiveTheLayoutConfiguration(Object(Closure))
#27 C:\\xampp\\htdocs\\laravel-dev-assessment\\vendor\\laravel\\framework\\src\\Illuminate\\Routing\\ControllerDispatcher.php(47): Livewire\\Component->__invoke()
#28 C:\\xampp\\htdocs\\laravel-dev-assessment\\vendor\\laravel\\framework\\src\\Illuminate\\Routing\\Route.php(266): Illuminate\\Routing\\ControllerDispatcher->dispatch(Object(Illuminate\\Routing\\Route), Object(App\\Livewire\\Pages\\Skills\\Index), '__invoke')
#29 C:\\xampp\\htdocs\\laravel-dev-assessment\\vendor\\laravel\\framework\\src\\Illuminate\\Routing\\Route.php(212): Illuminate\\Routing\\Route->runController()
#30 C:\\xampp\\htdocs\\laravel-dev-assessment\\vendor\\laravel\\framework\\src\\Illuminate\\Routing\\Router.php(808): Illuminate\\Routing\\Route->run()
#31 C:\\xampp\\htdocs\\laravel-dev-assessment\\vendor\\laravel\\framework\\src\\Illuminate\\Pipeline\\Pipeline.php(144): Illuminate\\Routing\\Router->Illuminate\\Routing\\{closure}(Object(Illuminate\\Http\\Request))
#32 C:\\xampp\\htdocs\\laravel-dev-assessment\\vendor\\spatie\\laravel-permission\\src\\Middleware\\RoleMiddleware.php(39): Illuminate\\Pipeline\\Pipeline->Illuminate\\Pipeline\\{closure}(Object(Illuminate\\Http\\Request))
#33 C:\\xampp\\htdocs\\laravel-dev-assessment\\vendor\\laravel\\framework\\src\\Illuminate\\Pipeline\\Pipeline.php(183): Spatie\\Permission\\Middleware\\RoleMiddleware->handle(Object(Illuminate\\Http\\Request), Object(Closure), 'admin')
#34 C:\\xampp\\htdocs\\laravel-dev-assessment\\vendor\\laravel\\framework\\src\\Illuminate\\Http\\Middleware\\AddLinkHeadersForPreloadedAssets.php(20): Illuminate\\Pipeline\\Pipeline->Illuminate\\Pipeline\\{closure}(Object(Illuminate\\Http\\Request))
#35 C:\\xampp\\htdocs\\laravel-dev-assessment\\vendor\\laravel\\framework\\src\\Illuminate\\Pipeline\\Pipeline.php(183): Illuminate\\Http\\Middleware\\AddLinkHeadersForPreloadedAssets->handle(Object(Illuminate\\Http\\Request), Object(Closure))
#36 C:\\xampp\\htdocs\\laravel-dev-assessment\\vendor\\inertiajs\\inertia-laravel\\src\\Middleware.php(86): Illuminate\\Pipeline\\Pipeline->Illuminate\\Pipeline\\{closure}(Object(Illuminate\\Http\\Request))
#37 C:\\xampp\\htdocs\\laravel-dev-assessment\\vendor\\laravel\\framework\\src\\Illuminate\\Pipeline\\Pipeline.php(183): Inertia\\Middleware->handle(Object(Illuminate\\Http\\Request), Object(Closure))
#38 C:\\xampp\\htdocs\\laravel-dev-assessment\\vendor\\laravel\\framework\\src\\Illuminate\\Routing\\Middleware\\SubstituteBindings.php(51): Illuminate\\Pipeline\\Pipeline->Illuminate\\Pipeline\\{closure}(Object(Illuminate\\Http\\Request))
#39 C:\\xampp\\htdocs\\laravel-dev-assessment\\vendor\\laravel\\framework\\src\\Illuminate\\Pipeline\\Pipeline.php(183): Illuminate\\Routing\\Middleware\\SubstituteBindings->handle(Object(Illuminate\\Http\\Request), Object(Closure))
#40 C:\\xampp\\htdocs\\laravel-dev-assessment\\vendor\\laravel\\framework\\src\\Illuminate\\Auth\\Middleware\\Authenticate.php(64): Illuminate\\Pipeline\\Pipeline->Illuminate\\Pipeline\\{closure}(Object(Illuminate\\Http\\Request))
#41 C:\\xampp\\htdocs\\laravel-dev-assessment\\vendor\\laravel\\framework\\src\\Illuminate\\Pipeline\\Pipeline.php(183): Illuminate\\Auth\\Middleware\\Authenticate->handle(Object(Illuminate\\Http\\Request), Object(Closure))
#42 C:\\xampp\\htdocs\\laravel-dev-assessment\\vendor\\laravel\\framework\\src\\Illuminate\\Foundation\\Http\\Middleware\\VerifyCsrfToken.php(88): Illuminate\\Pipeline\\Pipeline->Illuminate\\Pipeline\\{closure}(Object(Illuminate\\Http\\Request))
#43 C:\\xampp\\htdocs\\laravel-dev-assessment\\vendor\\laravel\\framework\\src\\Illuminate\\Pipeline\\Pipeline.php(183): Illuminate\\Foundation\\Http\\Middleware\\VerifyCsrfToken->handle(Object(Illuminate\\Http\\Request), Object(Closure))
#44 C:\\xampp\\htdocs\\laravel-dev-assessment\\vendor\\laravel\\framework\\src\\Illuminate\\View\\Middleware\\ShareErrorsFromSession.php(49): Illuminate\\Pipeline\\Pipeline->Illuminate\\Pipeline\\{closure}(Object(Illuminate\\Http\\Request))
#45 C:\\xampp\\htdocs\\laravel-dev-assessment\\vendor\\laravel\\framework\\src\\Illuminate\\Pipeline\\Pipeline.php(183): Illuminate\\View\\Middleware\\ShareErrorsFromSession->handle(Object(Illuminate\\Http\\Request), Object(Closure))
#46 C:\\xampp\\htdocs\\laravel-dev-assessment\\vendor\\laravel\\framework\\src\\Illuminate\\Session\\Middleware\\StartSession.php(121): Illuminate\\Pipeline\\Pipeline->Illuminate\\Pipeline\\{closure}(Object(Illuminate\\Http\\Request))
#47 C:\\xampp\\htdocs\\laravel-dev-assessment\\vendor\\laravel\\framework\\src\\Illuminate\\Session\\Middleware\\StartSession.php(64): Illuminate\\Session\\Middleware\\StartSession->handleStatefulRequest(Object(Illuminate\\Http\\Request), Object(Illuminate\\Session\\Store), Object(Closure))
#48 C:\\xampp\\htdocs\\laravel-dev-assessment\\vendor\\laravel\\framework\\src\\Illuminate\\Pipeline\\Pipeline.php(183): Illuminate\\Session\\Middleware\\StartSession->handle(Object(Illuminate\\Http\\Request), Object(Closure))
#49 C:\\xampp\\htdocs\\laravel-dev-assessment\\vendor\\laravel\\framework\\src\\Illuminate\\Cookie\\Middleware\\AddQueuedCookiesToResponse.php(37): Illuminate\\Pipeline\\Pipeline->Illuminate\\Pipeline\\{closure}(Object(Illuminate\\Http\\Request))
#50 C:\\xampp\\htdocs\\laravel-dev-assessment\\vendor\\laravel\\framework\\src\\Illuminate\\Pipeline\\Pipeline.php(183): Illuminate\\Cookie\\Middleware\\AddQueuedCookiesToResponse->handle(Object(Illuminate\\Http\\Request), Object(Closure))
#51 C:\\xampp\\htdocs\\laravel-dev-assessment\\vendor\\laravel\\framework\\src\\Illuminate\\Cookie\\Middleware\\EncryptCookies.php(75): Illuminate\\Pipeline\\Pipeline->Illuminate\\Pipeline\\{closure}(Object(Illuminate\\Http\\Request))
#52 C:\\xampp\\htdocs\\laravel-dev-assessment\\vendor\\laravel\\framework\\src\\Illuminate\\Pipeline\\Pipeline.php(183): Illuminate\\Cookie\\Middleware\\EncryptCookies->handle(Object(Illuminate\\Http\\Request), Object(Closure))
#53 C:\\xampp\\htdocs\\laravel-dev-assessment\\vendor\\laravel\\framework\\src\\Illuminate\\Pipeline\\Pipeline.php(119): Illuminate\\Pipeline\\Pipeline->Illuminate\\Pipeline\\{closure}(Object(Illuminate\\Http\\Request))
#54 C:\\xampp\\htdocs\\laravel-dev-assessment\\vendor\\laravel\\framework\\src\\Illuminate\\Routing\\Router.php(807): Illuminate\\Pipeline\\Pipeline->then(Object(Closure))
#55 C:\\xampp\\htdocs\\laravel-dev-assessment\\vendor\\laravel\\framework\\src\\Illuminate\\Routing\\Router.php(786): Illuminate\\Routing\\Router->runRouteWithinStack(Object(Illuminate\\Routing\\Route), Object(Illuminate\\Http\\Request))
#56 C:\\xampp\\htdocs\\laravel-dev-assessment\\vendor\\laravel\\framework\\src\\Illuminate\\Routing\\Router.php(750): Illuminate\\Routing\\Router->runRoute(Object(Illuminate\\Http\\Request), Object(Illuminate\\Routing\\Route))
#57 C:\\xampp\\htdocs\\laravel-dev-assessment\\vendor\\laravel\\framework\\src\\Illuminate\\Routing\\Router.php(739): Illuminate\\Routing\\Router->dispatchToRoute(Object(Illuminate\\Http\\Request))
#58 C:\\xampp\\htdocs\\laravel-dev-assessment\\vendor\\laravel\\framework\\src\\Illuminate\\Foundation\\Http\\Kernel.php(201): Illuminate\\Routing\\Router->dispatch(Object(Illuminate\\Http\\Request))
#59 C:\\xampp\\htdocs\\laravel-dev-assessment\\vendor\\laravel\\framework\\src\\Illuminate\\Pipeline\\Pipeline.php(144): Illuminate\\Foundation\\Http\\Kernel->Illuminate\\Foundation\\Http\\{closure}(Object(Illuminate\\Http\\Request))
#60 C:\\xampp\\htdocs\\laravel-dev-assessment\\vendor\\livewire\\livewire\\src\\Features\\SupportDisablingBackButtonCache\\DisableBackButtonCacheMiddleware.php(19): Illuminate\\Pipeline\\Pipeline->Illuminate\\Pipeline\\{closure}(Object(Illuminate\\Http\\Request))
#61 C:\\xampp\\htdocs\\laravel-dev-assessment\\vendor\\laravel\\framework\\src\\Illuminate\\Pipeline\\Pipeline.php(183): Livewire\\Features\\SupportDisablingBackButtonCache\\DisableBackButtonCacheMiddleware->handle(Object(Illuminate\\Http\\Request), Object(Closure))
#62 C:\\xampp\\htdocs\\laravel-dev-assessment\\vendor\\barryvdh\\laravel-debugbar\\src\\Middleware\\InjectDebugbar.php(66): Illuminate\\Pipeline\\Pipeline->Illuminate\\Pipeline\\{closure}(Object(Illuminate\\Http\\Request))
#63 C:\\xampp\\htdocs\\laravel-dev-assessment\\vendor\\laravel\\framework\\src\\Illuminate\\Pipeline\\Pipeline.php(183): Barryvdh\\Debugbar\\Middleware\\InjectDebugbar->handle(Object(Illuminate\\Http\\Request), Object(Closure))
#64 C:\\xampp\\htdocs\\laravel-dev-assessment\\vendor\\laravel\\framework\\src\\Illuminate\\Foundation\\Http\\Middleware\\TransformsRequest.php(21): Illuminate\\Pipeline\\Pipeline->Illuminate\\Pipeline\\{closure}(Object(Illuminate\\Http\\Request))
#65 C:\\xampp\\htdocs\\laravel-dev-assessment\\vendor\\laravel\\framework\\src\\Illuminate\\Foundation\\Http\\Middleware\\ConvertEmptyStringsToNull.php(31): Illuminate\\Foundation\\Http\\Middleware\\TransformsRequest->handle(Object(Illuminate\\Http\\Request), Object(Closure))
#66 C:\\xampp\\htdocs\\laravel-dev-assessment\\vendor\\laravel\\framework\\src\\Illuminate\\Pipeline\\Pipeline.php(183): Illuminate\\Foundation\\Http\\Middleware\\ConvertEmptyStringsToNull->handle(Object(Illuminate\\Http\\Request), Object(Closure))
#67 C:\\xampp\\htdocs\\laravel-dev-assessment\\vendor\\laravel\\framework\\src\\Illuminate\\Foundation\\Http\\Middleware\\TransformsRequest.php(21): Illuminate\\Pipeline\\Pipeline->Illuminate\\Pipeline\\{closure}(Object(Illuminate\\Http\\Request))
#68 C:\\xampp\\htdocs\\laravel-dev-assessment\\vendor\\laravel\\framework\\src\\Illuminate\\Foundation\\Http\\Middleware\\TrimStrings.php(51): Illuminate\\Foundation\\Http\\Middleware\\TransformsRequest->handle(Object(Illuminate\\Http\\Request), Object(Closure))
#69 C:\\xampp\\htdocs\\laravel-dev-assessment\\vendor\\laravel\\framework\\src\\Illuminate\\Pipeline\\Pipeline.php(183): Illuminate\\Foundation\\Http\\Middleware\\TrimStrings->handle(Object(Illuminate\\Http\\Request), Object(Closure))
#70 C:\\xampp\\htdocs\\laravel-dev-assessment\\vendor\\laravel\\framework\\src\\Illuminate\\Http\\Middleware\\ValidatePostSize.php(27): Illuminate\\Pipeline\\Pipeline->Illuminate\\Pipeline\\{closure}(Object(Illuminate\\Http\\Request))
#71 C:\\xampp\\htdocs\\laravel-dev-assessment\\vendor\\laravel\\framework\\src\\Illuminate\\Pipeline\\Pipeline.php(183): Illuminate\\Http\\Middleware\\ValidatePostSize->handle(Object(Illuminate\\Http\\Request), Object(Closure))
#72 C:\\xampp\\htdocs\\laravel-dev-assessment\\vendor\\laravel\\framework\\src\\Illuminate\\Foundation\\Http\\Middleware\\PreventRequestsDuringMaintenance.php(110): Illuminate\\Pipeline\\Pipeline->Illuminate\\Pipeline\\{closure}(Object(Illuminate\\Http\\Request))
#73 C:\\xampp\\htdocs\\laravel-dev-assessment\\vendor\\laravel\\framework\\src\\Illuminate\\Pipeline\\Pipeline.php(183): Illuminate\\Foundation\\Http\\Middleware\\PreventRequestsDuringMaintenance->handle(Object(Illuminate\\Http\\Request), Object(Closure))
#74 C:\\xampp\\htdocs\\laravel-dev-assessment\\vendor\\laravel\\framework\\src\\Illuminate\\Http\\Middleware\\HandleCors.php(49): Illuminate\\Pipeline\\Pipeline->Illuminate\\Pipeline\\{closure}(Object(Illuminate\\Http\\Request))
#75 C:\\xampp\\htdocs\\laravel-dev-assessment\\vendor\\laravel\\framework\\src\\Illuminate\\Pipeline\\Pipeline.php(183): Illuminate\\Http\\Middleware\\HandleCors->handle(Object(Illuminate\\Http\\Request), Object(Closure))
#76 C:\\xampp\\htdocs\\laravel-dev-assessment\\vendor\\laravel\\framework\\src\\Illuminate\\Http\\Middleware\\TrustProxies.php(58): Illuminate\\Pipeline\\Pipeline->Illuminate\\Pipeline\\{closure}(Object(Illuminate\\Http\\Request))
#77 C:\\xampp\\htdocs\\laravel-dev-assessment\\vendor\\laravel\\framework\\src\\Illuminate\\Pipeline\\Pipeline.php(183): Illuminate\\Http\\Middleware\\TrustProxies->handle(Object(Illuminate\\Http\\Request), Object(Closure))
#78 C:\\xampp\\htdocs\\laravel-dev-assessment\\vendor\\laravel\\framework\\src\\Illuminate\\Foundation\\Http\\Middleware\\InvokeDeferredCallbacks.php(22): Illuminate\\Pipeline\\Pipeline->Illuminate\\Pipeline\\{closure}(Object(Illuminate\\Http\\Request))
#79 C:\\xampp\\htdocs\\laravel-dev-assessment\\vendor\\laravel\\framework\\src\\Illuminate\\Pipeline\\Pipeline.php(183): Illuminate\\Foundation\\Http\\Middleware\\InvokeDeferredCallbacks->handle(Object(Illuminate\\Http\\Request), Object(Closure))
#80 C:\\xampp\\htdocs\\laravel-dev-assessment\\vendor\\laravel\\framework\\src\\Illuminate\\Pipeline\\Pipeline.php(119): Illuminate\\Pipeline\\Pipeline->Illuminate\\Pipeline\\{closure}(Object(Illuminate\\Http\\Request))
#81 C:\\xampp\\htdocs\\laravel-dev-assessment\\vendor\\laravel\\framework\\src\\Illuminate\\Foundation\\Http\\Kernel.php(176): Illuminate\\Pipeline\\Pipeline->then(Object(Closure))
#82 C:\\xampp\\htdocs\\laravel-dev-assessment\\vendor\\laravel\\framework\\src\\Illuminate\\Foundation\\Http\\Kernel.php(145): Illuminate\\Foundation\\Http\\Kernel->sendRequestThroughRouter(Object(Illuminate\\Http\\Request))
#83 C:\\xampp\\htdocs\\laravel-dev-assessment\\vendor\\laravel\\framework\\src\\Illuminate\\Foundation\\Application.php(1190): Illuminate\\Foundation\\Http\\Kernel->handle(Object(Illuminate\\Http\\Request))
#84 C:\\xampp\\htdocs\\laravel-dev-assessment\\public\\index.php(17): Illuminate\\Foundation\\Application->handleRequest(Object(Illuminate\\Http\\Request))
#85 {main}

[previous exception] [object] (PDOException(code: 42S02): SQLSTATE[42S02]: Base table or view not found: 1146 Table 'laravel-dev-assessment.skills' doesn't exist at C:\\xampp\\htdocs\\laravel-dev-assessment\\vendor\\laravel\\framework\\src\\Illuminate\\Database\\Connection.php:407)
[stacktrace]
#0 C:\\xampp\\htdocs\\laravel-dev-assessment\\vendor\\laravel\\framework\\src\\Illuminate\\Database\\Connection.php(407): PDO->prepare('select * from `...')
#1 C:\\xampp\\htdocs\\laravel-dev-assessment\\vendor\\laravel\\framework\\src\\Illuminate\\Database\\Connection.php(812): Illuminate\\Database\\Connection->Illuminate\\Database\\{closure}('select * from `...', Array)
#2 C:\\xampp\\htdocs\\laravel-dev-assessment\\vendor\\laravel\\framework\\src\\Illuminate\\Database\\Connection.php(779): Illuminate\\Database\\Connection->runQueryCallback('select * from `...', Array, Object(Closure))
#3 C:\\xampp\\htdocs\\laravel-dev-assessment\\vendor\\laravel\\framework\\src\\Illuminate\\Database\\Connection.php(398): Illuminate\\Database\\Connection->run('select * from `...', Array, Object(Closure))
#4 C:\\xampp\\htdocs\\laravel-dev-assessment\\vendor\\laravel\\framework\\src\\Illuminate\\Database\\Query\\Builder.php(3133): Illuminate\\Database\\Connection->select('select * from `...', Array, true)
#5 C:\\xampp\\htdocs\\laravel-dev-assessment\\vendor\\laravel\\framework\\src\\Illuminate\\Database\\Query\\Builder.php(3118): Illuminate\\Database\\Query\\Builder->runSelect()
#6 C:\\xampp\\htdocs\\laravel-dev-assessment\\vendor\\laravel\\framework\\src\\Illuminate\\Database\\Query\\Builder.php(3706): Illuminate\\Database\\Query\\Builder->Illuminate\\Database\\Query\\{closure}()
#7 C:\\xampp\\htdocs\\laravel-dev-assessment\\vendor\\laravel\\framework\\src\\Illuminate\\Database\\Query\\Builder.php(3117): Illuminate\\Database\\Query\\Builder->onceWithColumns(Array, Object(Closure))
#8 C:\\xampp\\htdocs\\laravel-dev-assessment\\vendor\\laravel\\framework\\src\\Illuminate\\Database\\Eloquent\\Builder.php(760): Illuminate\\Database\\Query\\Builder->get(Array)
#9 C:\\xampp\\htdocs\\laravel-dev-assessment\\vendor\\laravel\\framework\\src\\Illuminate\\Database\\Eloquent\\Builder.php(742): Illuminate\\Database\\Eloquent\\Builder->getModels(Array)
#10 C:\\xampp\\htdocs\\laravel-dev-assessment\\vendor\\laravel\\framework\\src\\Illuminate\\Database\\Eloquent\\Model.php(693): Illuminate\\Database\\Eloquent\\Builder->get(Array)
#11 C:\\xampp\\htdocs\\laravel-dev-assessment\\app\\Livewire\\Pages\\Skills\\Index.php(31): Illuminate\\Database\\Eloquent\\Model::all()
#12 C:\\xampp\\htdocs\\laravel-dev-assessment\\app\\Livewire\\Pages\\Skills\\Index.php(26): App\\Livewire\\Pages\\Skills\\Index->loadSkills()
#13 C:\\xampp\\htdocs\\laravel-dev-assessment\\vendor\\laravel\\framework\\src\\Illuminate\\Container\\BoundMethod.php(36): App\\Livewire\\Pages\\Skills\\Index->mount()
#14 C:\\xampp\\htdocs\\laravel-dev-assessment\\vendor\\laravel\\framework\\src\\Illuminate\\Container\\Util.php(43): Illuminate\\Container\\BoundMethod::Illuminate\\Container\\{closure}()
#15 C:\\xampp\\htdocs\\laravel-dev-assessment\\vendor\\laravel\\framework\\src\\Illuminate\\Container\\BoundMethod.php(95): Illuminate\\Container\\Util::unwrapIfClosure(Object(Closure))
#16 C:\\xampp\\htdocs\\laravel-dev-assessment\\vendor\\laravel\\framework\\src\\Illuminate\\Container\\BoundMethod.php(35): Illuminate\\Container\\BoundMethod::callBoundMethod(Object(Illuminate\\Foundation\\Application), Array, Object(Closure))
#17 C:\\xampp\\htdocs\\laravel-dev-assessment\\vendor\\livewire\\livewire\\src\\Wrapped.php(23): Illuminate\\Container\\BoundMethod::call(Object(Illuminate\\Foundation\\Application), Array, Array)
#18 C:\\xampp\\htdocs\\laravel-dev-assessment\\vendor\\livewire\\livewire\\src\\Features\\SupportLifecycleHooks\\SupportLifecycleHooks.php(134): Livewire\\Wrapped->__call('mount', Array)
#19 C:\\xampp\\htdocs\\laravel-dev-assessment\\vendor\\livewire\\livewire\\src\\Features\\SupportLifecycleHooks\\SupportLifecycleHooks.php(20): Livewire\\Features\\SupportLifecycleHooks\\SupportLifecycleHooks->callHook('mount', Array)
#20 C:\\xampp\\htdocs\\laravel-dev-assessment\\vendor\\livewire\\livewire\\src\\ComponentHook.php(19): Livewire\\Features\\SupportLifecycleHooks\\SupportLifecycleHooks->mount(Array, false)
#21 C:\\xampp\\htdocs\\laravel-dev-assessment\\vendor\\livewire\\livewire\\src\\ComponentHookRegistry.php(45): Livewire\\ComponentHook->callMount(Array, false)
#22 C:\\xampp\\htdocs\\laravel-dev-assessment\\vendor\\livewire\\livewire\\src\\EventBus.php(60): Livewire\\ComponentHookRegistry::Livewire\\{closure}(Object(App\\Livewire\\Pages\\Skills\\Index), Array, NULL, false)
#23 C:\\xampp\\htdocs\\laravel-dev-assessment\\vendor\\livewire\\livewire\\src\\helpers.php(98): Livewire\\EventBus->trigger('mount', Object(App\\Livewire\\Pages\\Skills\\Index), Array, NULL, false)
#24 C:\\xampp\\htdocs\\laravel-dev-assessment\\vendor\\livewire\\livewire\\src\\Mechanisms\\HandleComponents\\HandleComponents.php(50): Livewire\\trigger('mount', Object(App\\Livewire\\Pages\\Skills\\Index), Array, NULL, false)
#25 C:\\xampp\\htdocs\\laravel-dev-assessment\\vendor\\livewire\\livewire\\src\\LivewireManager.php(73): Livewire\\Mechanisms\\HandleComponents\\HandleComponents->mount('App\\\\Livewire\\\\Pa...', Array, NULL)
#26 C:\\xampp\\htdocs\\laravel-dev-assessment\\vendor\\livewire\\livewire\\src\\Features\\SupportPageComponents\\HandlesPageComponents.php(17): Livewire\\LivewireManager->mount('App\\\\Livewire\\\\Pa...', Array)
#27 C:\\xampp\\htdocs\\laravel-dev-assessment\\vendor\\livewire\\livewire\\src\\Features\\SupportPageComponents\\SupportPageComponents.php(117): Livewire\\Component->Livewire\\Features\\SupportPageComponents\\{closure}()
#28 C:\\xampp\\htdocs\\laravel-dev-assessment\\vendor\\livewire\\livewire\\src\\Features\\SupportPageComponents\\HandlesPageComponents.php(14): Livewire\\Features\\SupportPageComponents\\SupportPageComponents::interceptTheRenderOfTheComponentAndRetreiveTheLayoutConfiguration(Object(Closure))
#29 C:\\xampp\\htdocs\\laravel-dev-assessment\\vendor\\laravel\\framework\\src\\Illuminate\\Routing\\ControllerDispatcher.php(47): Livewire\\Component->__invoke()
#30 C:\\xampp\\htdocs\\laravel-dev-assessment\\vendor\\laravel\\framework\\src\\Illuminate\\Routing\\Route.php(266): Illuminate\\Routing\\ControllerDispatcher->dispatch(Object(Illuminate\\Routing\\Route), Object(App\\Livewire\\Pages\\Skills\\Index), '__invoke')
#31 C:\\xampp\\htdocs\\laravel-dev-assessment\\vendor\\laravel\\framework\\src\\Illuminate\\Routing\\Route.php(212): Illuminate\\Routing\\Route->runController()
#32 C:\\xampp\\htdocs\\laravel-dev-assessment\\vendor\\laravel\\framework\\src\\Illuminate\\Routing\\Router.php(808): Illuminate\\Routing\\Route->run()
#33 C:\\xampp\\htdocs\\laravel-dev-assessment\\vendor\\laravel\\framework\\src\\Illuminate\\Pipeline\\Pipeline.php(144): Illuminate\\Routing\\Router->Illuminate\\Routing\\{closure}(Object(Illuminate\\Http\\Request))
#34 C:\\xampp\\htdocs\\laravel-dev-assessment\\vendor\\spatie\\laravel-permission\\src\\Middleware\\RoleMiddleware.php(39): Illuminate\\Pipeline\\Pipeline->Illuminate\\Pipeline\\{closure}(Object(Illuminate\\Http\\Request))
#35 C:\\xampp\\htdocs\\laravel-dev-assessment\\vendor\\laravel\\framework\\src\\Illuminate\\Pipeline\\Pipeline.php(183): Spatie\\Permission\\Middleware\\RoleMiddleware->handle(Object(Illuminate\\Http\\Request), Object(Closure), 'admin')
#36 C:\\xampp\\htdocs\\laravel-dev-assessment\\vendor\\laravel\\framework\\src\\Illuminate\\Http\\Middleware\\AddLinkHeadersForPreloadedAssets.php(20): Illuminate\\Pipeline\\Pipeline->Illuminate\\Pipeline\\{closure}(Object(Illuminate\\Http\\Request))
#37 C:\\xampp\\htdocs\\laravel-dev-assessment\\vendor\\laravel\\framework\\src\\Illuminate\\Pipeline\\Pipeline.php(183): Illuminate\\Http\\Middleware\\AddLinkHeadersForPreloadedAssets->handle(Object(Illuminate\\Http\\Request), Object(Closure))
#38 C:\\xampp\\htdocs\\laravel-dev-assessment\\vendor\\inertiajs\\inertia-laravel\\src\\Middleware.php(86): Illuminate\\Pipeline\\Pipeline->Illuminate\\Pipeline\\{closure}(Object(Illuminate\\Http\\Request))
#39 C:\\xampp\\htdocs\\laravel-dev-assessment\\vendor\\laravel\\framework\\src\\Illuminate\\Pipeline\\Pipeline.php(183): Inertia\\Middleware->handle(Object(Illuminate\\Http\\Request), Object(Closure))
#40 C:\\xampp\\htdocs\\laravel-dev-assessment\\vendor\\laravel\\framework\\src\\Illuminate\\Routing\\Middleware\\SubstituteBindings.php(51): Illuminate\\Pipeline\\Pipeline->Illuminate\\Pipeline\\{closure}(Object(Illuminate\\Http\\Request))
#41 C:\\xampp\\htdocs\\laravel-dev-assessment\\vendor\\laravel\\framework\\src\\Illuminate\\Pipeline\\Pipeline.php(183): Illuminate\\Routing\\Middleware\\SubstituteBindings->handle(Object(Illuminate\\Http\\Request), Object(Closure))
#42 C:\\xampp\\htdocs\\laravel-dev-assessment\\vendor\\laravel\\framework\\src\\Illuminate\\Auth\\Middleware\\Authenticate.php(64): Illuminate\\Pipeline\\Pipeline->Illuminate\\Pipeline\\{closure}(Object(Illuminate\\Http\\Request))
#43 C:\\xampp\\htdocs\\laravel-dev-assessment\\vendor\\laravel\\framework\\src\\Illuminate\\Pipeline\\Pipeline.php(183): Illuminate\\Auth\\Middleware\\Authenticate->handle(Object(Illuminate\\Http\\Request), Object(Closure))
#44 C:\\xampp\\htdocs\\laravel-dev-assessment\\vendor\\laravel\\framework\\src\\Illuminate\\Foundation\\Http\\Middleware\\VerifyCsrfToken.php(88): Illuminate\\Pipeline\\Pipeline->Illuminate\\Pipeline\\{closure}(Object(Illuminate\\Http\\Request))
#45 C:\\xampp\\htdocs\\laravel-dev-assessment\\vendor\\laravel\\framework\\src\\Illuminate\\Pipeline\\Pipeline.php(183): Illuminate\\Foundation\\Http\\Middleware\\VerifyCsrfToken->handle(Object(Illuminate\\Http\\Request), Object(Closure))
#46 C:\\xampp\\htdocs\\laravel-dev-assessment\\vendor\\laravel\\framework\\src\\Illuminate\\View\\Middleware\\ShareErrorsFromSession.php(49): Illuminate\\Pipeline\\Pipeline->Illuminate\\Pipeline\\{closure}(Object(Illuminate\\Http\\Request))
#47 C:\\xampp\\htdocs\\laravel-dev-assessment\\vendor\\laravel\\framework\\src\\Illuminate\\Pipeline\\Pipeline.php(183): Illuminate\\View\\Middleware\\ShareErrorsFromSession->handle(Object(Illuminate\\Http\\Request), Object(Closure))
#48 C:\\xampp\\htdocs\\laravel-dev-assessment\\vendor\\laravel\\framework\\src\\Illuminate\\Session\\Middleware\\StartSession.php(121): Illuminate\\Pipeline\\Pipeline->Illuminate\\Pipeline\\{closure}(Object(Illuminate\\Http\\Request))
#49 C:\\xampp\\htdocs\\laravel-dev-assessment\\vendor\\laravel\\framework\\src\\Illuminate\\Session\\Middleware\\StartSession.php(64): Illuminate\\Session\\Middleware\\StartSession->handleStatefulRequest(Object(Illuminate\\Http\\Request), Object(Illuminate\\Session\\Store), Object(Closure))
#50 C:\\xampp\\htdocs\\laravel-dev-assessment\\vendor\\laravel\\framework\\src\\Illuminate\\Pipeline\\Pipeline.php(183): Illuminate\\Session\\Middleware\\StartSession->handle(Object(Illuminate\\Http\\Request), Object(Closure))
#51 C:\\xampp\\htdocs\\laravel-dev-assessment\\vendor\\laravel\\framework\\src\\Illuminate\\Cookie\\Middleware\\AddQueuedCookiesToResponse.php(37): Illuminate\\Pipeline\\Pipeline->Illuminate\\Pipeline\\{closure}(Object(Illuminate\\Http\\Request))
#52 C:\\xampp\\htdocs\\laravel-dev-assessment\\vendor\\laravel\\framework\\src\\Illuminate\\Pipeline\\Pipeline.php(183): Illuminate\\Cookie\\Middleware\\AddQueuedCookiesToResponse->handle(Object(Illuminate\\Http\\Request), Object(Closure))
#53 C:\\xampp\\htdocs\\laravel-dev-assessment\\vendor\\laravel\\framework\\src\\Illuminate\\Cookie\\Middleware\\EncryptCookies.php(75): Illuminate\\Pipeline\\Pipeline->Illuminate\\Pipeline\\{closure}(Object(Illuminate\\Http\\Request))
#54 C:\\xampp\\htdocs\\laravel-dev-assessment\\vendor\\laravel\\framework\\src\\Illuminate\\Pipeline\\Pipeline.php(183): Illuminate\\Cookie\\Middleware\\EncryptCookies->handle(Object(Illuminate\\Http\\Request), Object(Closure))
#55 C:\\xampp\\htdocs\\laravel-dev-assessment\\vendor\\laravel\\framework\\src\\Illuminate\\Pipeline\\Pipeline.php(119): Illuminate\\Pipeline\\Pipeline->Illuminate\\Pipeline\\{closure}(Object(Illuminate\\Http\\Request))
#56 C:\\xampp\\htdocs\\laravel-dev-assessment\\vendor\\laravel\\framework\\src\\Illuminate\\Routing\\Router.php(807): Illuminate\\Pipeline\\Pipeline->then(Object(Closure))
#57 C:\\xampp\\htdocs\\laravel-dev-assessment\\vendor\\laravel\\framework\\src\\Illuminate\\Routing\\Router.php(786): Illuminate\\Routing\\Router->runRouteWithinStack(Object(Illuminate\\Routing\\Route), Object(Illuminate\\Http\\Request))
#58 C:\\xampp\\htdocs\\laravel-dev-assessment\\vendor\\laravel\\framework\\src\\Illuminate\\Routing\\Router.php(750): Illuminate\\Routing\\Router->runRoute(Object(Illuminate\\Http\\Request), Object(Illuminate\\Routing\\Route))
#59 C:\\xampp\\htdocs\\laravel-dev-assessment\\vendor\\laravel\\framework\\src\\Illuminate\\Routing\\Router.php(739): Illuminate\\Routing\\Router->dispatchToRoute(Object(Illuminate\\Http\\Request))
#60 C:\\xampp\\htdocs\\laravel-dev-assessment\\vendor\\laravel\\framework\\src\\Illuminate\\Foundation\\Http\\Kernel.php(201): Illuminate\\Routing\\Router->dispatch(Object(Illuminate\\Http\\Request))
#61 C:\\xampp\\htdocs\\laravel-dev-assessment\\vendor\\laravel\\framework\\src\\Illuminate\\Pipeline\\Pipeline.php(144): Illuminate\\Foundation\\Http\\Kernel->Illuminate\\Foundation\\Http\\{closure}(Object(Illuminate\\Http\\Request))
#62 C:\\xampp\\htdocs\\laravel-dev-assessment\\vendor\\livewire\\livewire\\src\\Features\\SupportDisablingBackButtonCache\\DisableBackButtonCacheMiddleware.php(19): Illuminate\\Pipeline\\Pipeline->Illuminate\\Pipeline\\{closure}(Object(Illuminate\\Http\\Request))
#63 C:\\xampp\\htdocs\\laravel-dev-assessment\\vendor\\laravel\\framework\\src\\Illuminate\\Pipeline\\Pipeline.php(183): Livewire\\Features\\SupportDisablingBackButtonCache\\DisableBackButtonCacheMiddleware->handle(Object(Illuminate\\Http\\Request), Object(Closure))
#64 C:\\xampp\\htdocs\\laravel-dev-assessment\\vendor\\barryvdh\\laravel-debugbar\\src\\Middleware\\InjectDebugbar.php(66): Illuminate\\Pipeline\\Pipeline->Illuminate\\Pipeline\\{closure}(Object(Illuminate\\Http\\Request))
#65 C:\\xampp\\htdocs\\laravel-dev-assessment\\vendor\\laravel\\framework\\src\\Illuminate\\Pipeline\\Pipeline.php(183): Barryvdh\\Debugbar\\Middleware\\InjectDebugbar->handle(Object(Illuminate\\Http\\Request), Object(Closure))
#66 C:\\xampp\\htdocs\\laravel-dev-assessment\\vendor\\laravel\\framework\\src\\Illuminate\\Foundation\\Http\\Middleware\\TransformsRequest.php(21): Illuminate\\Pipeline\\Pipeline->Illuminate\\Pipeline\\{closure}(Object(Illuminate\\Http\\Request))
#67 C:\\xampp\\htdocs\\laravel-dev-assessment\\vendor\\laravel\\framework\\src\\Illuminate\\Foundation\\Http\\Middleware\\ConvertEmptyStringsToNull.php(31): Illuminate\\Foundation\\Http\\Middleware\\TransformsRequest->handle(Object(Illuminate\\Http\\Request), Object(Closure))
#68 C:\\xampp\\htdocs\\laravel-dev-assessment\\vendor\\laravel\\framework\\src\\Illuminate\\Pipeline\\Pipeline.php(183): Illuminate\\Foundation\\Http\\Middleware\\ConvertEmptyStringsToNull->handle(Object(Illuminate\\Http\\Request), Object(Closure))
#69 C:\\xampp\\htdocs\\laravel-dev-assessment\\vendor\\laravel\\framework\\src\\Illuminate\\Foundation\\Http\\Middleware\\TransformsRequest.php(21): Illuminate\\Pipeline\\Pipeline->Illuminate\\Pipeline\\{closure}(Object(Illuminate\\Http\\Request))
#70 C:\\xampp\\htdocs\\laravel-dev-assessment\\vendor\\laravel\\framework\\src\\Illuminate\\Foundation\\Http\\Middleware\\TrimStrings.php(51): Illuminate\\Foundation\\Http\\Middleware\\TransformsRequest->handle(Object(Illuminate\\Http\\Request), Object(Closure))
#71 C:\\xampp\\htdocs\\laravel-dev-assessment\\vendor\\laravel\\framework\\src\\Illuminate\\Pipeline\\Pipeline.php(183): Illuminate\\Foundation\\Http\\Middleware\\TrimStrings->handle(Object(Illuminate\\Http\\Request), Object(Closure))
#72 C:\\xampp\\htdocs\\laravel-dev-assessment\\vendor\\laravel\\framework\\src\\Illuminate\\Http\\Middleware\\ValidatePostSize.php(27): Illuminate\\Pipeline\\Pipeline->Illuminate\\Pipeline\\{closure}(Object(Illuminate\\Http\\Request))
#73 C:\\xampp\\htdocs\\laravel-dev-assessment\\vendor\\laravel\\framework\\src\\Illuminate\\Pipeline\\Pipeline.php(183): Illuminate\\Http\\Middleware\\ValidatePostSize->handle(Object(Illuminate\\Http\\Request), Object(Closure))
#74 C:\\xampp\\htdocs\\laravel-dev-assessment\\vendor\\laravel\\framework\\src\\Illuminate\\Foundation\\Http\\Middleware\\PreventRequestsDuringMaintenance.php(110): Illuminate\\Pipeline\\Pipeline->Illuminate\\Pipeline\\{closure}(Object(Illuminate\\Http\\Request))
#75 C:\\xampp\\htdocs\\laravel-dev-assessment\\vendor\\laravel\\framework\\src\\Illuminate\\Pipeline\\Pipeline.php(183): Illuminate\\Foundation\\Http\\Middleware\\PreventRequestsDuringMaintenance->handle(Object(Illuminate\\Http\\Request), Object(Closure))
#76 C:\\xampp\\htdocs\\laravel-dev-assessment\\vendor\\laravel\\framework\\src\\Illuminate\\Http\\Middleware\\HandleCors.php(49): Illuminate\\Pipeline\\Pipeline->Illuminate\\Pipeline\\{closure}(Object(Illuminate\\Http\\Request))
#77 C:\\xampp\\htdocs\\laravel-dev-assessment\\vendor\\laravel\\framework\\src\\Illuminate\\Pipeline\\Pipeline.php(183): Illuminate\\Http\\Middleware\\HandleCors->handle(Object(Illuminate\\Http\\Request), Object(Closure))
#78 C:\\xampp\\htdocs\\laravel-dev-assessment\\vendor\\laravel\\framework\\src\\Illuminate\\Http\\Middleware\\TrustProxies.php(58): Illuminate\\Pipeline\\Pipeline->Illuminate\\Pipeline\\{closure}(Object(Illuminate\\Http\\Request))
#79 C:\\xampp\\htdocs\\laravel-dev-assessment\\vendor\\laravel\\framework\\src\\Illuminate\\Pipeline\\Pipeline.php(183): Illuminate\\Http\\Middleware\\TrustProxies->handle(Object(Illuminate\\Http\\Request), Object(Closure))
#80 C:\\xampp\\htdocs\\laravel-dev-assessment\\vendor\\laravel\\framework\\src\\Illuminate\\Foundation\\Http\\Middleware\\InvokeDeferredCallbacks.php(22): Illuminate\\Pipeline\\Pipeline->Illuminate\\Pipeline\\{closure}(Object(Illuminate\\Http\\Request))
#81 C:\\xampp\\htdocs\\laravel-dev-assessment\\vendor\\laravel\\framework\\src\\Illuminate\\Pipeline\\Pipeline.php(183): Illuminate\\Foundation\\Http\\Middleware\\InvokeDeferredCallbacks->handle(Object(Illuminate\\Http\\Request), Object(Closure))
#82 C:\\xampp\\htdocs\\laravel-dev-assessment\\vendor\\laravel\\framework\\src\\Illuminate\\Pipeline\\Pipeline.php(119): Illuminate\\Pipeline\\Pipeline->Illuminate\\Pipeline\\{closure}(Object(Illuminate\\Http\\Request))
#83 C:\\xampp\\htdocs\\laravel-dev-assessment\\vendor\\laravel\\framework\\src\\Illuminate\\Foundation\\Http\\Kernel.php(176): Illuminate\\Pipeline\\Pipeline->then(Object(Closure))
#84 C:\\xampp\\htdocs\\laravel-dev-assessment\\vendor\\laravel\\framework\\src\\Illuminate\\Foundation\\Http\\Kernel.php(145): Illuminate\\Foundation\\Http\\Kernel->sendRequestThroughRouter(Object(Illuminate\\Http\\Request))
#85 C:\\xampp\\htdocs\\laravel-dev-assessment\\vendor\\laravel\\framework\\src\\Illuminate\\Foundation\\Application.php(1190): Illuminate\\Foundation\\Http\\Kernel->handle(Object(Illuminate\\Http\\Request))
#86 C:\\xampp\\htdocs\\laravel-dev-assessment\\public\\index.php(17): Illuminate\\Foundation\\Application->handleRequest(Object(Illuminate\\Http\\Request))
#87 {main}
"} 
[2025-02-04 07:02:25] local.ERROR: SQLSTATE[42S02]: Base table or view not found: 1146 Table 'laravel-dev-assessment.skills' doesn't exist (Connection: mysql, SQL: select * from `skills`) {"userId":1,"exception":"[object] (Illuminate\\Database\\QueryException(code: 42S02): SQLSTATE[42S02]: Base table or view not found: 1146 Table 'laravel-dev-assessment.skills' doesn't exist (Connection: mysql, SQL: select * from `skills`) at C:\\xampp\\htdocs\\laravel-dev-assessment\\vendor\\laravel\\framework\\src\\Illuminate\\Database\\Connection.php:825)
[stacktrace]
#0 C:\\xampp\\htdocs\\laravel-dev-assessment\\vendor\\laravel\\framework\\src\\Illuminate\\Database\\Connection.php(779): Illuminate\\Database\\Connection->runQueryCallback('select * from `...', Array, Object(Closure))
#1 C:\\xampp\\htdocs\\laravel-dev-assessment\\vendor\\laravel\\framework\\src\\Illuminate\\Database\\Connection.php(398): Illuminate\\Database\\Connection->run('select * from `...', Array, Object(Closure))
#2 C:\\xampp\\htdocs\\laravel-dev-assessment\\vendor\\laravel\\framework\\src\\Illuminate\\Database\\Query\\Builder.php(3133): Illuminate\\Database\\Connection->select('select * from `...', Array, true)
#3 C:\\xampp\\htdocs\\laravel-dev-assessment\\vendor\\laravel\\framework\\src\\Illuminate\\Database\\Query\\Builder.php(3118): Illuminate\\Database\\Query\\Builder->runSelect()
#4 C:\\xampp\\htdocs\\laravel-dev-assessment\\vendor\\laravel\\framework\\src\\Illuminate\\Database\\Query\\Builder.php(3706): Illuminate\\Database\\Query\\Builder->Illuminate\\Database\\Query\\{closure}()
#5 C:\\xampp\\htdocs\\laravel-dev-assessment\\vendor\\laravel\\framework\\src\\Illuminate\\Database\\Query\\Builder.php(3117): Illuminate\\Database\\Query\\Builder->onceWithColumns(Array, Object(Closure))
#6 C:\\xampp\\htdocs\\laravel-dev-assessment\\vendor\\laravel\\framework\\src\\Illuminate\\Database\\Eloquent\\Builder.php(760): Illuminate\\Database\\Query\\Builder->get(Array)
#7 C:\\xampp\\htdocs\\laravel-dev-assessment\\vendor\\laravel\\framework\\src\\Illuminate\\Database\\Eloquent\\Builder.php(742): Illuminate\\Database\\Eloquent\\Builder->getModels(Array)
#8 C:\\xampp\\htdocs\\laravel-dev-assessment\\vendor\\laravel\\framework\\src\\Illuminate\\Database\\Eloquent\\Model.php(693): Illuminate\\Database\\Eloquent\\Builder->get(Array)
#9 C:\\xampp\\htdocs\\laravel-dev-assessment\\app\\Livewire\\Pages\\Skills\\Index.php(31): Illuminate\\Database\\Eloquent\\Model::all()
#10 C:\\xampp\\htdocs\\laravel-dev-assessment\\app\\Livewire\\Pages\\Skills\\Index.php(26): App\\Livewire\\Pages\\Skills\\Index->loadSkills()
#11 C:\\xampp\\htdocs\\laravel-dev-assessment\\vendor\\laravel\\framework\\src\\Illuminate\\Container\\BoundMethod.php(36): App\\Livewire\\Pages\\Skills\\Index->mount()
#12 C:\\xampp\\htdocs\\laravel-dev-assessment\\vendor\\laravel\\framework\\src\\Illuminate\\Container\\Util.php(43): Illuminate\\Container\\BoundMethod::Illuminate\\Container\\{closure}()
#13 C:\\xampp\\htdocs\\laravel-dev-assessment\\vendor\\laravel\\framework\\src\\Illuminate\\Container\\BoundMethod.php(95): Illuminate\\Container\\Util::unwrapIfClosure(Object(Closure))
#14 C:\\xampp\\htdocs\\laravel-dev-assessment\\vendor\\laravel\\framework\\src\\Illuminate\\Container\\BoundMethod.php(35): Illuminate\\Container\\BoundMethod::callBoundMethod(Object(Illuminate\\Foundation\\Application), Array, Object(Closure))
#15 C:\\xampp\\htdocs\\laravel-dev-assessment\\vendor\\livewire\\livewire\\src\\Wrapped.php(23): Illuminate\\Container\\BoundMethod::call(Object(Illuminate\\Foundation\\Application), Array, Array)
#16 C:\\xampp\\htdocs\\laravel-dev-assessment\\vendor\\livewire\\livewire\\src\\Features\\SupportLifecycleHooks\\SupportLifecycleHooks.php(134): Livewire\\Wrapped->__call('mount', Array)
#17 C:\\xampp\\htdocs\\laravel-dev-assessment\\vendor\\livewire\\livewire\\src\\Features\\SupportLifecycleHooks\\SupportLifecycleHooks.php(20): Livewire\\Features\\SupportLifecycleHooks\\SupportLifecycleHooks->callHook('mount', Array)
#18 C:\\xampp\\htdocs\\laravel-dev-assessment\\vendor\\livewire\\livewire\\src\\ComponentHook.php(19): Livewire\\Features\\SupportLifecycleHooks\\SupportLifecycleHooks->mount(Array, false)
#19 C:\\xampp\\htdocs\\laravel-dev-assessment\\vendor\\livewire\\livewire\\src\\ComponentHookRegistry.php(45): Livewire\\ComponentHook->callMount(Array, false)
#20 C:\\xampp\\htdocs\\laravel-dev-assessment\\vendor\\livewire\\livewire\\src\\EventBus.php(60): Livewire\\ComponentHookRegistry::Livewire\\{closure}(Object(App\\Livewire\\Pages\\Skills\\Index), Array, NULL, false)
#21 C:\\xampp\\htdocs\\laravel-dev-assessment\\vendor\\livewire\\livewire\\src\\helpers.php(98): Livewire\\EventBus->trigger('mount', Object(App\\Livewire\\Pages\\Skills\\Index), Array, NULL, false)
#22 C:\\xampp\\htdocs\\laravel-dev-assessment\\vendor\\livewire\\livewire\\src\\Mechanisms\\HandleComponents\\HandleComponents.php(50): Livewire\\trigger('mount', Object(App\\Livewire\\Pages\\Skills\\Index), Array, NULL, false)
#23 C:\\xampp\\htdocs\\laravel-dev-assessment\\vendor\\livewire\\livewire\\src\\LivewireManager.php(73): Livewire\\Mechanisms\\HandleComponents\\HandleComponents->mount('App\\\\Livewire\\\\Pa...', Array, NULL)
#24 C:\\xampp\\htdocs\\laravel-dev-assessment\\vendor\\livewire\\livewire\\src\\Features\\SupportPageComponents\\HandlesPageComponents.php(17): Livewire\\LivewireManager->mount('App\\\\Livewire\\\\Pa...', Array)
#25 C:\\xampp\\htdocs\\laravel-dev-assessment\\vendor\\livewire\\livewire\\src\\Features\\SupportPageComponents\\SupportPageComponents.php(117): Livewire\\Component->Livewire\\Features\\SupportPageComponents\\{closure}()
#26 C:\\xampp\\htdocs\\laravel-dev-assessment\\vendor\\livewire\\livewire\\src\\Features\\SupportPageComponents\\HandlesPageComponents.php(14): Livewire\\Features\\SupportPageComponents\\SupportPageComponents::interceptTheRenderOfTheComponentAndRetreiveTheLayoutConfiguration(Object(Closure))
#27 C:\\xampp\\htdocs\\laravel-dev-assessment\\vendor\\laravel\\framework\\src\\Illuminate\\Routing\\ControllerDispatcher.php(47): Livewire\\Component->__invoke()
#28 C:\\xampp\\htdocs\\laravel-dev-assessment\\vendor\\laravel\\framework\\src\\Illuminate\\Routing\\Route.php(266): Illuminate\\Routing\\ControllerDispatcher->dispatch(Object(Illuminate\\Routing\\Route), Object(App\\Livewire\\Pages\\Skills\\Index), '__invoke')
#29 C:\\xampp\\htdocs\\laravel-dev-assessment\\vendor\\laravel\\framework\\src\\Illuminate\\Routing\\Route.php(212): Illuminate\\Routing\\Route->runController()
#30 C:\\xampp\\htdocs\\laravel-dev-assessment\\vendor\\laravel\\framework\\src\\Illuminate\\Routing\\Router.php(808): Illuminate\\Routing\\Route->run()
#31 C:\\xampp\\htdocs\\laravel-dev-assessment\\vendor\\laravel\\framework\\src\\Illuminate\\Pipeline\\Pipeline.php(144): Illuminate\\Routing\\Router->Illuminate\\Routing\\{closure}(Object(Illuminate\\Http\\Request))
#32 C:\\xampp\\htdocs\\laravel-dev-assessment\\vendor\\spatie\\laravel-permission\\src\\Middleware\\RoleMiddleware.php(39): Illuminate\\Pipeline\\Pipeline->Illuminate\\Pipeline\\{closure}(Object(Illuminate\\Http\\Request))
#33 C:\\xampp\\htdocs\\laravel-dev-assessment\\vendor\\laravel\\framework\\src\\Illuminate\\Pipeline\\Pipeline.php(183): Spatie\\Permission\\Middleware\\RoleMiddleware->handle(Object(Illuminate\\Http\\Request), Object(Closure), 'admin')
#34 C:\\xampp\\htdocs\\laravel-dev-assessment\\vendor\\laravel\\framework\\src\\Illuminate\\Http\\Middleware\\AddLinkHeadersForPreloadedAssets.php(20): Illuminate\\Pipeline\\Pipeline->Illuminate\\Pipeline\\{closure}(Object(Illuminate\\Http\\Request))
#35 C:\\xampp\\htdocs\\laravel-dev-assessment\\vendor\\laravel\\framework\\src\\Illuminate\\Pipeline\\Pipeline.php(183): Illuminate\\Http\\Middleware\\AddLinkHeadersForPreloadedAssets->handle(Object(Illuminate\\Http\\Request), Object(Closure))
#36 C:\\xampp\\htdocs\\laravel-dev-assessment\\vendor\\inertiajs\\inertia-laravel\\src\\Middleware.php(86): Illuminate\\Pipeline\\Pipeline->Illuminate\\Pipeline\\{closure}(Object(Illuminate\\Http\\Request))
#37 C:\\xampp\\htdocs\\laravel-dev-assessment\\vendor\\laravel\\framework\\src\\Illuminate\\Pipeline\\Pipeline.php(183): Inertia\\Middleware->handle(Object(Illuminate\\Http\\Request), Object(Closure))
#38 C:\\xampp\\htdocs\\laravel-dev-assessment\\vendor\\laravel\\framework\\src\\Illuminate\\Routing\\Middleware\\SubstituteBindings.php(51): Illuminate\\Pipeline\\Pipeline->Illuminate\\Pipeline\\{closure}(Object(Illuminate\\Http\\Request))
#39 C:\\xampp\\htdocs\\laravel-dev-assessment\\vendor\\laravel\\framework\\src\\Illuminate\\Pipeline\\Pipeline.php(183): Illuminate\\Routing\\Middleware\\SubstituteBindings->handle(Object(Illuminate\\Http\\Request), Object(Closure))
#40 C:\\xampp\\htdocs\\laravel-dev-assessment\\vendor\\laravel\\framework\\src\\Illuminate\\Auth\\Middleware\\Authenticate.php(64): Illuminate\\Pipeline\\Pipeline->Illuminate\\Pipeline\\{closure}(Object(Illuminate\\Http\\Request))
#41 C:\\xampp\\htdocs\\laravel-dev-assessment\\vendor\\laravel\\framework\\src\\Illuminate\\Pipeline\\Pipeline.php(183): Illuminate\\Auth\\Middleware\\Authenticate->handle(Object(Illuminate\\Http\\Request), Object(Closure))
#42 C:\\xampp\\htdocs\\laravel-dev-assessment\\vendor\\laravel\\framework\\src\\Illuminate\\Foundation\\Http\\Middleware\\VerifyCsrfToken.php(88): Illuminate\\Pipeline\\Pipeline->Illuminate\\Pipeline\\{closure}(Object(Illuminate\\Http\\Request))
#43 C:\\xampp\\htdocs\\laravel-dev-assessment\\vendor\\laravel\\framework\\src\\Illuminate\\Pipeline\\Pipeline.php(183): Illuminate\\Foundation\\Http\\Middleware\\VerifyCsrfToken->handle(Object(Illuminate\\Http\\Request), Object(Closure))
#44 C:\\xampp\\htdocs\\laravel-dev-assessment\\vendor\\laravel\\framework\\src\\Illuminate\\View\\Middleware\\ShareErrorsFromSession.php(49): Illuminate\\Pipeline\\Pipeline->Illuminate\\Pipeline\\{closure}(Object(Illuminate\\Http\\Request))
#45 C:\\xampp\\htdocs\\laravel-dev-assessment\\vendor\\laravel\\framework\\src\\Illuminate\\Pipeline\\Pipeline.php(183): Illuminate\\View\\Middleware\\ShareErrorsFromSession->handle(Object(Illuminate\\Http\\Request), Object(Closure))
#46 C:\\xampp\\htdocs\\laravel-dev-assessment\\vendor\\laravel\\framework\\src\\Illuminate\\Session\\Middleware\\StartSession.php(121): Illuminate\\Pipeline\\Pipeline->Illuminate\\Pipeline\\{closure}(Object(Illuminate\\Http\\Request))
#47 C:\\xampp\\htdocs\\laravel-dev-assessment\\vendor\\laravel\\framework\\src\\Illuminate\\Session\\Middleware\\StartSession.php(64): Illuminate\\Session\\Middleware\\StartSession->handleStatefulRequest(Object(Illuminate\\Http\\Request), Object(Illuminate\\Session\\Store), Object(Closure))
#48 C:\\xampp\\htdocs\\laravel-dev-assessment\\vendor\\laravel\\framework\\src\\Illuminate\\Pipeline\\Pipeline.php(183): Illuminate\\Session\\Middleware\\StartSession->handle(Object(Illuminate\\Http\\Request), Object(Closure))
#49 C:\\xampp\\htdocs\\laravel-dev-assessment\\vendor\\laravel\\framework\\src\\Illuminate\\Cookie\\Middleware\\AddQueuedCookiesToResponse.php(37): Illuminate\\Pipeline\\Pipeline->Illuminate\\Pipeline\\{closure}(Object(Illuminate\\Http\\Request))
#50 C:\\xampp\\htdocs\\laravel-dev-assessment\\vendor\\laravel\\framework\\src\\Illuminate\\Pipeline\\Pipeline.php(183): Illuminate\\Cookie\\Middleware\\AddQueuedCookiesToResponse->handle(Object(Illuminate\\Http\\Request), Object(Closure))
#51 C:\\xampp\\htdocs\\laravel-dev-assessment\\vendor\\laravel\\framework\\src\\Illuminate\\Cookie\\Middleware\\EncryptCookies.php(75): Illuminate\\Pipeline\\Pipeline->Illuminate\\Pipeline\\{closure}(Object(Illuminate\\Http\\Request))
#52 C:\\xampp\\htdocs\\laravel-dev-assessment\\vendor\\laravel\\framework\\src\\Illuminate\\Pipeline\\Pipeline.php(183): Illuminate\\Cookie\\Middleware\\EncryptCookies->handle(Object(Illuminate\\Http\\Request), Object(Closure))
#53 C:\\xampp\\htdocs\\laravel-dev-assessment\\vendor\\laravel\\framework\\src\\Illuminate\\Pipeline\\Pipeline.php(119): Illuminate\\Pipeline\\Pipeline->Illuminate\\Pipeline\\{closure}(Object(Illuminate\\Http\\Request))
#54 C:\\xampp\\htdocs\\laravel-dev-assessment\\vendor\\laravel\\framework\\src\\Illuminate\\Routing\\Router.php(807): Illuminate\\Pipeline\\Pipeline->then(Object(Closure))
#55 C:\\xampp\\htdocs\\laravel-dev-assessment\\vendor\\laravel\\framework\\src\\Illuminate\\Routing\\Router.php(786): Illuminate\\Routing\\Router->runRouteWithinStack(Object(Illuminate\\Routing\\Route), Object(Illuminate\\Http\\Request))
#56 C:\\xampp\\htdocs\\laravel-dev-assessment\\vendor\\laravel\\framework\\src\\Illuminate\\Routing\\Router.php(750): Illuminate\\Routing\\Router->runRoute(Object(Illuminate\\Http\\Request), Object(Illuminate\\Routing\\Route))
#57 C:\\xampp\\htdocs\\laravel-dev-assessment\\vendor\\laravel\\framework\\src\\Illuminate\\Routing\\Router.php(739): Illuminate\\Routing\\Router->dispatchToRoute(Object(Illuminate\\Http\\Request))
#58 C:\\xampp\\htdocs\\laravel-dev-assessment\\vendor\\laravel\\framework\\src\\Illuminate\\Foundation\\Http\\Kernel.php(201): Illuminate\\Routing\\Router->dispatch(Object(Illuminate\\Http\\Request))
#59 C:\\xampp\\htdocs\\laravel-dev-assessment\\vendor\\laravel\\framework\\src\\Illuminate\\Pipeline\\Pipeline.php(144): Illuminate\\Foundation\\Http\\Kernel->Illuminate\\Foundation\\Http\\{closure}(Object(Illuminate\\Http\\Request))
#60 C:\\xampp\\htdocs\\laravel-dev-assessment\\vendor\\livewire\\livewire\\src\\Features\\SupportDisablingBackButtonCache\\DisableBackButtonCacheMiddleware.php(19): Illuminate\\Pipeline\\Pipeline->Illuminate\\Pipeline\\{closure}(Object(Illuminate\\Http\\Request))
#61 C:\\xampp\\htdocs\\laravel-dev-assessment\\vendor\\laravel\\framework\\src\\Illuminate\\Pipeline\\Pipeline.php(183): Livewire\\Features\\SupportDisablingBackButtonCache\\DisableBackButtonCacheMiddleware->handle(Object(Illuminate\\Http\\Request), Object(Closure))
#62 C:\\xampp\\htdocs\\laravel-dev-assessment\\vendor\\barryvdh\\laravel-debugbar\\src\\Middleware\\InjectDebugbar.php(66): Illuminate\\Pipeline\\Pipeline->Illuminate\\Pipeline\\{closure}(Object(Illuminate\\Http\\Request))
#63 C:\\xampp\\htdocs\\laravel-dev-assessment\\vendor\\laravel\\framework\\src\\Illuminate\\Pipeline\\Pipeline.php(183): Barryvdh\\Debugbar\\Middleware\\InjectDebugbar->handle(Object(Illuminate\\Http\\Request), Object(Closure))
#64 C:\\xampp\\htdocs\\laravel-dev-assessment\\vendor\\laravel\\framework\\src\\Illuminate\\Foundation\\Http\\Middleware\\TransformsRequest.php(21): Illuminate\\Pipeline\\Pipeline->Illuminate\\Pipeline\\{closure}(Object(Illuminate\\Http\\Request))
#65 C:\\xampp\\htdocs\\laravel-dev-assessment\\vendor\\laravel\\framework\\src\\Illuminate\\Foundation\\Http\\Middleware\\ConvertEmptyStringsToNull.php(31): Illuminate\\Foundation\\Http\\Middleware\\TransformsRequest->handle(Object(Illuminate\\Http\\Request), Object(Closure))
#66 C:\\xampp\\htdocs\\laravel-dev-assessment\\vendor\\laravel\\framework\\src\\Illuminate\\Pipeline\\Pipeline.php(183): Illuminate\\Foundation\\Http\\Middleware\\ConvertEmptyStringsToNull->handle(Object(Illuminate\\Http\\Request), Object(Closure))
#67 C:\\xampp\\htdocs\\laravel-dev-assessment\\vendor\\laravel\\framework\\src\\Illuminate\\Foundation\\Http\\Middleware\\TransformsRequest.php(21): Illuminate\\Pipeline\\Pipeline->Illuminate\\Pipeline\\{closure}(Object(Illuminate\\Http\\Request))
#68 C:\\xampp\\htdocs\\laravel-dev-assessment\\vendor\\laravel\\framework\\src\\Illuminate\\Foundation\\Http\\Middleware\\TrimStrings.php(51): Illuminate\\Foundation\\Http\\Middleware\\TransformsRequest->handle(Object(Illuminate\\Http\\Request), Object(Closure))
#69 C:\\xampp\\htdocs\\laravel-dev-assessment\\vendor\\laravel\\framework\\src\\Illuminate\\Pipeline\\Pipeline.php(183): Illuminate\\Foundation\\Http\\Middleware\\TrimStrings->handle(Object(Illuminate\\Http\\Request), Object(Closure))
#70 C:\\xampp\\htdocs\\laravel-dev-assessment\\vendor\\laravel\\framework\\src\\Illuminate\\Http\\Middleware\\ValidatePostSize.php(27): Illuminate\\Pipeline\\Pipeline->Illuminate\\Pipeline\\{closure}(Object(Illuminate\\Http\\Request))
#71 C:\\xampp\\htdocs\\laravel-dev-assessment\\vendor\\laravel\\framework\\src\\Illuminate\\Pipeline\\Pipeline.php(183): Illuminate\\Http\\Middleware\\ValidatePostSize->handle(Object(Illuminate\\Http\\Request), Object(Closure))
#72 C:\\xampp\\htdocs\\laravel-dev-assessment\\vendor\\laravel\\framework\\src\\Illuminate\\Foundation\\Http\\Middleware\\PreventRequestsDuringMaintenance.php(110): Illuminate\\Pipeline\\Pipeline->Illuminate\\Pipeline\\{closure}(Object(Illuminate\\Http\\Request))
#73 C:\\xampp\\htdocs\\laravel-dev-assessment\\vendor\\laravel\\framework\\src\\Illuminate\\Pipeline\\Pipeline.php(183): Illuminate\\Foundation\\Http\\Middleware\\PreventRequestsDuringMaintenance->handle(Object(Illuminate\\Http\\Request), Object(Closure))
#74 C:\\xampp\\htdocs\\laravel-dev-assessment\\vendor\\laravel\\framework\\src\\Illuminate\\Http\\Middleware\\HandleCors.php(49): Illuminate\\Pipeline\\Pipeline->Illuminate\\Pipeline\\{closure}(Object(Illuminate\\Http\\Request))
#75 C:\\xampp\\htdocs\\laravel-dev-assessment\\vendor\\laravel\\framework\\src\\Illuminate\\Pipeline\\Pipeline.php(183): Illuminate\\Http\\Middleware\\HandleCors->handle(Object(Illuminate\\Http\\Request), Object(Closure))
#76 C:\\xampp\\htdocs\\laravel-dev-assessment\\vendor\\laravel\\framework\\src\\Illuminate\\Http\\Middleware\\TrustProxies.php(58): Illuminate\\Pipeline\\Pipeline->Illuminate\\Pipeline\\{closure}(Object(Illuminate\\Http\\Request))
#77 C:\\xampp\\htdocs\\laravel-dev-assessment\\vendor\\laravel\\framework\\src\\Illuminate\\Pipeline\\Pipeline.php(183): Illuminate\\Http\\Middleware\\TrustProxies->handle(Object(Illuminate\\Http\\Request), Object(Closure))
#78 C:\\xampp\\htdocs\\laravel-dev-assessment\\vendor\\laravel\\framework\\src\\Illuminate\\Foundation\\Http\\Middleware\\InvokeDeferredCallbacks.php(22): Illuminate\\Pipeline\\Pipeline->Illuminate\\Pipeline\\{closure}(Object(Illuminate\\Http\\Request))
#79 C:\\xampp\\htdocs\\laravel-dev-assessment\\vendor\\laravel\\framework\\src\\Illuminate\\Pipeline\\Pipeline.php(183): Illuminate\\Foundation\\Http\\Middleware\\InvokeDeferredCallbacks->handle(Object(Illuminate\\Http\\Request), Object(Closure))
#80 C:\\xampp\\htdocs\\laravel-dev-assessment\\vendor\\laravel\\framework\\src\\Illuminate\\Pipeline\\Pipeline.php(119): Illuminate\\Pipeline\\Pipeline->Illuminate\\Pipeline\\{closure}(Object(Illuminate\\Http\\Request))
#81 C:\\xampp\\htdocs\\laravel-dev-assessment\\vendor\\laravel\\framework\\src\\Illuminate\\Foundation\\Http\\Kernel.php(176): Illuminate\\Pipeline\\Pipeline->then(Object(Closure))
#82 C:\\xampp\\htdocs\\laravel-dev-assessment\\vendor\\laravel\\framework\\src\\Illuminate\\Foundation\\Http\\Kernel.php(145): Illuminate\\Foundation\\Http\\Kernel->sendRequestThroughRouter(Object(Illuminate\\Http\\Request))
#83 C:\\xampp\\htdocs\\laravel-dev-assessment\\vendor\\laravel\\framework\\src\\Illuminate\\Foundation\\Application.php(1190): Illuminate\\Foundation\\Http\\Kernel->handle(Object(Illuminate\\Http\\Request))
#84 C:\\xampp\\htdocs\\laravel-dev-assessment\\public\\index.php(17): Illuminate\\Foundation\\Application->handleRequest(Object(Illuminate\\Http\\Request))
#85 {main}

[previous exception] [object] (PDOException(code: 42S02): SQLSTATE[42S02]: Base table or view not found: 1146 Table 'laravel-dev-assessment.skills' doesn't exist at C:\\xampp\\htdocs\\laravel-dev-assessment\\vendor\\laravel\\framework\\src\\Illuminate\\Database\\Connection.php:407)
[stacktrace]
#0 C:\\xampp\\htdocs\\laravel-dev-assessment\\vendor\\laravel\\framework\\src\\Illuminate\\Database\\Connection.php(407): PDO->prepare('select * from `...')
#1 C:\\xampp\\htdocs\\laravel-dev-assessment\\vendor\\laravel\\framework\\src\\Illuminate\\Database\\Connection.php(812): Illuminate\\Database\\Connection->Illuminate\\Database\\{closure}('select * from `...', Array)
#2 C:\\xampp\\htdocs\\laravel-dev-assessment\\vendor\\laravel\\framework\\src\\Illuminate\\Database\\Connection.php(779): Illuminate\\Database\\Connection->runQueryCallback('select * from `...', Array, Object(Closure))
#3 C:\\xampp\\htdocs\\laravel-dev-assessment\\vendor\\laravel\\framework\\src\\Illuminate\\Database\\Connection.php(398): Illuminate\\Database\\Connection->run('select * from `...', Array, Object(Closure))
#4 C:\\xampp\\htdocs\\laravel-dev-assessment\\vendor\\laravel\\framework\\src\\Illuminate\\Database\\Query\\Builder.php(3133): Illuminate\\Database\\Connection->select('select * from `...', Array, true)
#5 C:\\xampp\\htdocs\\laravel-dev-assessment\\vendor\\laravel\\framework\\src\\Illuminate\\Database\\Query\\Builder.php(3118): Illuminate\\Database\\Query\\Builder->runSelect()
#6 C:\\xampp\\htdocs\\laravel-dev-assessment\\vendor\\laravel\\framework\\src\\Illuminate\\Database\\Query\\Builder.php(3706): Illuminate\\Database\\Query\\Builder->Illuminate\\Database\\Query\\{closure}()
#7 C:\\xampp\\htdocs\\laravel-dev-assessment\\vendor\\laravel\\framework\\src\\Illuminate\\Database\\Query\\Builder.php(3117): Illuminate\\Database\\Query\\Builder->onceWithColumns(Array, Object(Closure))
#8 C:\\xampp\\htdocs\\laravel-dev-assessment\\vendor\\laravel\\framework\\src\\Illuminate\\Database\\Eloquent\\Builder.php(760): Illuminate\\Database\\Query\\Builder->get(Array)
#9 C:\\xampp\\htdocs\\laravel-dev-assessment\\vendor\\laravel\\framework\\src\\Illuminate\\Database\\Eloquent\\Builder.php(742): Illuminate\\Database\\Eloquent\\Builder->getModels(Array)
#10 C:\\xampp\\htdocs\\laravel-dev-assessment\\vendor\\laravel\\framework\\src\\Illuminate\\Database\\Eloquent\\Model.php(693): Illuminate\\Database\\Eloquent\\Builder->get(Array)
#11 C:\\xampp\\htdocs\\laravel-dev-assessment\\app\\Livewire\\Pages\\Skills\\Index.php(31): Illuminate\\Database\\Eloquent\\Model::all()
#12 C:\\xampp\\htdocs\\laravel-dev-assessment\\app\\Livewire\\Pages\\Skills\\Index.php(26): App\\Livewire\\Pages\\Skills\\Index->loadSkills()
#13 C:\\xampp\\htdocs\\laravel-dev-assessment\\vendor\\laravel\\framework\\src\\Illuminate\\Container\\BoundMethod.php(36): App\\Livewire\\Pages\\Skills\\Index->mount()
#14 C:\\xampp\\htdocs\\laravel-dev-assessment\\vendor\\laravel\\framework\\src\\Illuminate\\Container\\Util.php(43): Illuminate\\Container\\BoundMethod::Illuminate\\Container\\{closure}()
#15 C:\\xampp\\htdocs\\laravel-dev-assessment\\vendor\\laravel\\framework\\src\\Illuminate\\Container\\BoundMethod.php(95): Illuminate\\Container\\Util::unwrapIfClosure(Object(Closure))
#16 C:\\xampp\\htdocs\\laravel-dev-assessment\\vendor\\laravel\\framework\\src\\Illuminate\\Container\\BoundMethod.php(35): Illuminate\\Container\\BoundMethod::callBoundMethod(Object(Illuminate\\Foundation\\Application), Array, Object(Closure))
#17 C:\\xampp\\htdocs\\laravel-dev-assessment\\vendor\\livewire\\livewire\\src\\Wrapped.php(23): Illuminate\\Container\\BoundMethod::call(Object(Illuminate\\Foundation\\Application), Array, Array)
#18 C:\\xampp\\htdocs\\laravel-dev-assessment\\vendor\\livewire\\livewire\\src\\Features\\SupportLifecycleHooks\\SupportLifecycleHooks.php(134): Livewire\\Wrapped->__call('mount', Array)
#19 C:\\xampp\\htdocs\\laravel-dev-assessment\\vendor\\livewire\\livewire\\src\\Features\\SupportLifecycleHooks\\SupportLifecycleHooks.php(20): Livewire\\Features\\SupportLifecycleHooks\\SupportLifecycleHooks->callHook('mount', Array)
#20 C:\\xampp\\htdocs\\laravel-dev-assessment\\vendor\\livewire\\livewire\\src\\ComponentHook.php(19): Livewire\\Features\\SupportLifecycleHooks\\SupportLifecycleHooks->mount(Array, false)
#21 C:\\xampp\\htdocs\\laravel-dev-assessment\\vendor\\livewire\\livewire\\src\\ComponentHookRegistry.php(45): Livewire\\ComponentHook->callMount(Array, false)
#22 C:\\xampp\\htdocs\\laravel-dev-assessment\\vendor\\livewire\\livewire\\src\\EventBus.php(60): Livewire\\ComponentHookRegistry::Livewire\\{closure}(Object(App\\Livewire\\Pages\\Skills\\Index), Array, NULL, false)
#23 C:\\xampp\\htdocs\\laravel-dev-assessment\\vendor\\livewire\\livewire\\src\\helpers.php(98): Livewire\\EventBus->trigger('mount', Object(App\\Livewire\\Pages\\Skills\\Index), Array, NULL, false)
#24 C:\\xampp\\htdocs\\laravel-dev-assessment\\vendor\\livewire\\livewire\\src\\Mechanisms\\HandleComponents\\HandleComponents.php(50): Livewire\\trigger('mount', Object(App\\Livewire\\Pages\\Skills\\Index), Array, NULL, false)
#25 C:\\xampp\\htdocs\\laravel-dev-assessment\\vendor\\livewire\\livewire\\src\\LivewireManager.php(73): Livewire\\Mechanisms\\HandleComponents\\HandleComponents->mount('App\\\\Livewire\\\\Pa...', Array, NULL)
#26 C:\\xampp\\htdocs\\laravel-dev-assessment\\vendor\\livewire\\livewire\\src\\Features\\SupportPageComponents\\HandlesPageComponents.php(17): Livewire\\LivewireManager->mount('App\\\\Livewire\\\\Pa...', Array)
#27 C:\\xampp\\htdocs\\laravel-dev-assessment\\vendor\\livewire\\livewire\\src\\Features\\SupportPageComponents\\SupportPageComponents.php(117): Livewire\\Component->Livewire\\Features\\SupportPageComponents\\{closure}()
#28 C:\\xampp\\htdocs\\laravel-dev-assessment\\vendor\\livewire\\livewire\\src\\Features\\SupportPageComponents\\HandlesPageComponents.php(14): Livewire\\Features\\SupportPageComponents\\SupportPageComponents::interceptTheRenderOfTheComponentAndRetreiveTheLayoutConfiguration(Object(Closure))
#29 C:\\xampp\\htdocs\\laravel-dev-assessment\\vendor\\laravel\\framework\\src\\Illuminate\\Routing\\ControllerDispatcher.php(47): Livewire\\Component->__invoke()
#30 C:\\xampp\\htdocs\\laravel-dev-assessment\\vendor\\laravel\\framework\\src\\Illuminate\\Routing\\Route.php(266): Illuminate\\Routing\\ControllerDispatcher->dispatch(Object(Illuminate\\Routing\\Route), Object(App\\Livewire\\Pages\\Skills\\Index), '__invoke')
#31 C:\\xampp\\htdocs\\laravel-dev-assessment\\vendor\\laravel\\framework\\src\\Illuminate\\Routing\\Route.php(212): Illuminate\\Routing\\Route->runController()
#32 C:\\xampp\\htdocs\\laravel-dev-assessment\\vendor\\laravel\\framework\\src\\Illuminate\\Routing\\Router.php(808): Illuminate\\Routing\\Route->run()
#33 C:\\xampp\\htdocs\\laravel-dev-assessment\\vendor\\laravel\\framework\\src\\Illuminate\\Pipeline\\Pipeline.php(144): Illuminate\\Routing\\Router->Illuminate\\Routing\\{closure}(Object(Illuminate\\Http\\Request))
#34 C:\\xampp\\htdocs\\laravel-dev-assessment\\vendor\\spatie\\laravel-permission\\src\\Middleware\\RoleMiddleware.php(39): Illuminate\\Pipeline\\Pipeline->Illuminate\\Pipeline\\{closure}(Object(Illuminate\\Http\\Request))
#35 C:\\xampp\\htdocs\\laravel-dev-assessment\\vendor\\laravel\\framework\\src\\Illuminate\\Pipeline\\Pipeline.php(183): Spatie\\Permission\\Middleware\\RoleMiddleware->handle(Object(Illuminate\\Http\\Request), Object(Closure), 'admin')
#36 C:\\xampp\\htdocs\\laravel-dev-assessment\\vendor\\laravel\\framework\\src\\Illuminate\\Http\\Middleware\\AddLinkHeadersForPreloadedAssets.php(20): Illuminate\\Pipeline\\Pipeline->Illuminate\\Pipeline\\{closure}(Object(Illuminate\\Http\\Request))
#37 C:\\xampp\\htdocs\\laravel-dev-assessment\\vendor\\laravel\\framework\\src\\Illuminate\\Pipeline\\Pipeline.php(183): Illuminate\\Http\\Middleware\\AddLinkHeadersForPreloadedAssets->handle(Object(Illuminate\\Http\\Request), Object(Closure))
#38 C:\\xampp\\htdocs\\laravel-dev-assessment\\vendor\\inertiajs\\inertia-laravel\\src\\Middleware.php(86): Illuminate\\Pipeline\\Pipeline->Illuminate\\Pipeline\\{closure}(Object(Illuminate\\Http\\Request))
#39 C:\\xampp\\htdocs\\laravel-dev-assessment\\vendor\\laravel\\framework\\src\\Illuminate\\Pipeline\\Pipeline.php(183): Inertia\\Middleware->handle(Object(Illuminate\\Http\\Request), Object(Closure))
#40 C:\\xampp\\htdocs\\laravel-dev-assessment\\vendor\\laravel\\framework\\src\\Illuminate\\Routing\\Middleware\\SubstituteBindings.php(51): Illuminate\\Pipeline\\Pipeline->Illuminate\\Pipeline\\{closure}(Object(Illuminate\\Http\\Request))
#41 C:\\xampp\\htdocs\\laravel-dev-assessment\\vendor\\laravel\\framework\\src\\Illuminate\\Pipeline\\Pipeline.php(183): Illuminate\\Routing\\Middleware\\SubstituteBindings->handle(Object(Illuminate\\Http\\Request), Object(Closure))
#42 C:\\xampp\\htdocs\\laravel-dev-assessment\\vendor\\laravel\\framework\\src\\Illuminate\\Auth\\Middleware\\Authenticate.php(64): Illuminate\\Pipeline\\Pipeline->Illuminate\\Pipeline\\{closure}(Object(Illuminate\\Http\\Request))
#43 C:\\xampp\\htdocs\\laravel-dev-assessment\\vendor\\laravel\\framework\\src\\Illuminate\\Pipeline\\Pipeline.php(183): Illuminate\\Auth\\Middleware\\Authenticate->handle(Object(Illuminate\\Http\\Request), Object(Closure))
#44 C:\\xampp\\htdocs\\laravel-dev-assessment\\vendor\\laravel\\framework\\src\\Illuminate\\Foundation\\Http\\Middleware\\VerifyCsrfToken.php(88): Illuminate\\Pipeline\\Pipeline->Illuminate\\Pipeline\\{closure}(Object(Illuminate\\Http\\Request))
#45 C:\\xampp\\htdocs\\laravel-dev-assessment\\vendor\\laravel\\framework\\src\\Illuminate\\Pipeline\\Pipeline.php(183): Illuminate\\Foundation\\Http\\Middleware\\VerifyCsrfToken->handle(Object(Illuminate\\Http\\Request), Object(Closure))
#46 C:\\xampp\\htdocs\\laravel-dev-assessment\\vendor\\laravel\\framework\\src\\Illuminate\\View\\Middleware\\ShareErrorsFromSession.php(49): Illuminate\\Pipeline\\Pipeline->Illuminate\\Pipeline\\{closure}(Object(Illuminate\\Http\\Request))
#47 C:\\xampp\\htdocs\\laravel-dev-assessment\\vendor\\laravel\\framework\\src\\Illuminate\\Pipeline\\Pipeline.php(183): Illuminate\\View\\Middleware\\ShareErrorsFromSession->handle(Object(Illuminate\\Http\\Request), Object(Closure))
#48 C:\\xampp\\htdocs\\laravel-dev-assessment\\vendor\\laravel\\framework\\src\\Illuminate\\Session\\Middleware\\StartSession.php(121): Illuminate\\Pipeline\\Pipeline->Illuminate\\Pipeline\\{closure}(Object(Illuminate\\Http\\Request))
#49 C:\\xampp\\htdocs\\laravel-dev-assessment\\vendor\\laravel\\framework\\src\\Illuminate\\Session\\Middleware\\StartSession.php(64): Illuminate\\Session\\Middleware\\StartSession->handleStatefulRequest(Object(Illuminate\\Http\\Request), Object(Illuminate\\Session\\Store), Object(Closure))
#50 C:\\xampp\\htdocs\\laravel-dev-assessment\\vendor\\laravel\\framework\\src\\Illuminate\\Pipeline\\Pipeline.php(183): Illuminate\\Session\\Middleware\\StartSession->handle(Object(Illuminate\\Http\\Request), Object(Closure))
#51 C:\\xampp\\htdocs\\laravel-dev-assessment\\vendor\\laravel\\framework\\src\\Illuminate\\Cookie\\Middleware\\AddQueuedCookiesToResponse.php(37): Illuminate\\Pipeline\\Pipeline->Illuminate\\Pipeline\\{closure}(Object(Illuminate\\Http\\Request))
#52 C:\\xampp\\htdocs\\laravel-dev-assessment\\vendor\\laravel\\framework\\src\\Illuminate\\Pipeline\\Pipeline.php(183): Illuminate\\Cookie\\Middleware\\AddQueuedCookiesToResponse->handle(Object(Illuminate\\Http\\Request), Object(Closure))
#53 C:\\xampp\\htdocs\\laravel-dev-assessment\\vendor\\laravel\\framework\\src\\Illuminate\\Cookie\\Middleware\\EncryptCookies.php(75): Illuminate\\Pipeline\\Pipeline->Illuminate\\Pipeline\\{closure}(Object(Illuminate\\Http\\Request))
#54 C:\\xampp\\htdocs\\laravel-dev-assessment\\vendor\\laravel\\framework\\src\\Illuminate\\Pipeline\\Pipeline.php(183): Illuminate\\Cookie\\Middleware\\EncryptCookies->handle(Object(Illuminate\\Http\\Request), Object(Closure))
#55 C:\\xampp\\htdocs\\laravel-dev-assessment\\vendor\\laravel\\framework\\src\\Illuminate\\Pipeline\\Pipeline.php(119): Illuminate\\Pipeline\\Pipeline->Illuminate\\Pipeline\\{closure}(Object(Illuminate\\Http\\Request))
#56 C:\\xampp\\htdocs\\laravel-dev-assessment\\vendor\\laravel\\framework\\src\\Illuminate\\Routing\\Router.php(807): Illuminate\\Pipeline\\Pipeline->then(Object(Closure))
#57 C:\\xampp\\htdocs\\laravel-dev-assessment\\vendor\\laravel\\framework\\src\\Illuminate\\Routing\\Router.php(786): Illuminate\\Routing\\Router->runRouteWithinStack(Object(Illuminate\\Routing\\Route), Object(Illuminate\\Http\\Request))
#58 C:\\xampp\\htdocs\\laravel-dev-assessment\\vendor\\laravel\\framework\\src\\Illuminate\\Routing\\Router.php(750): Illuminate\\Routing\\Router->runRoute(Object(Illuminate\\Http\\Request), Object(Illuminate\\Routing\\Route))
#59 C:\\xampp\\htdocs\\laravel-dev-assessment\\vendor\\laravel\\framework\\src\\Illuminate\\Routing\\Router.php(739): Illuminate\\Routing\\Router->dispatchToRoute(Object(Illuminate\\Http\\Request))
#60 C:\\xampp\\htdocs\\laravel-dev-assessment\\vendor\\laravel\\framework\\src\\Illuminate\\Foundation\\Http\\Kernel.php(201): Illuminate\\Routing\\Router->dispatch(Object(Illuminate\\Http\\Request))
#61 C:\\xampp\\htdocs\\laravel-dev-assessment\\vendor\\laravel\\framework\\src\\Illuminate\\Pipeline\\Pipeline.php(144): Illuminate\\Foundation\\Http\\Kernel->Illuminate\\Foundation\\Http\\{closure}(Object(Illuminate\\Http\\Request))
#62 C:\\xampp\\htdocs\\laravel-dev-assessment\\vendor\\livewire\\livewire\\src\\Features\\SupportDisablingBackButtonCache\\DisableBackButtonCacheMiddleware.php(19): Illuminate\\Pipeline\\Pipeline->Illuminate\\Pipeline\\{closure}(Object(Illuminate\\Http\\Request))
#63 C:\\xampp\\htdocs\\laravel-dev-assessment\\vendor\\laravel\\framework\\src\\Illuminate\\Pipeline\\Pipeline.php(183): Livewire\\Features\\SupportDisablingBackButtonCache\\DisableBackButtonCacheMiddleware->handle(Object(Illuminate\\Http\\Request), Object(Closure))
#64 C:\\xampp\\htdocs\\laravel-dev-assessment\\vendor\\barryvdh\\laravel-debugbar\\src\\Middleware\\InjectDebugbar.php(66): Illuminate\\Pipeline\\Pipeline->Illuminate\\Pipeline\\{closure}(Object(Illuminate\\Http\\Request))
#65 C:\\xampp\\htdocs\\laravel-dev-assessment\\vendor\\laravel\\framework\\src\\Illuminate\\Pipeline\\Pipeline.php(183): Barryvdh\\Debugbar\\Middleware\\InjectDebugbar->handle(Object(Illuminate\\Http\\Request), Object(Closure))
#66 C:\\xampp\\htdocs\\laravel-dev-assessment\\vendor\\laravel\\framework\\src\\Illuminate\\Foundation\\Http\\Middleware\\TransformsRequest.php(21): Illuminate\\Pipeline\\Pipeline->Illuminate\\Pipeline\\{closure}(Object(Illuminate\\Http\\Request))
#67 C:\\xampp\\htdocs\\laravel-dev-assessment\\vendor\\laravel\\framework\\src\\Illuminate\\Foundation\\Http\\Middleware\\ConvertEmptyStringsToNull.php(31): Illuminate\\Foundation\\Http\\Middleware\\TransformsRequest->handle(Object(Illuminate\\Http\\Request), Object(Closure))
#68 C:\\xampp\\htdocs\\laravel-dev-assessment\\vendor\\laravel\\framework\\src\\Illuminate\\Pipeline\\Pipeline.php(183): Illuminate\\Foundation\\Http\\Middleware\\ConvertEmptyStringsToNull->handle(Object(Illuminate\\Http\\Request), Object(Closure))
#69 C:\\xampp\\htdocs\\laravel-dev-assessment\\vendor\\laravel\\framework\\src\\Illuminate\\Foundation\\Http\\Middleware\\TransformsRequest.php(21): Illuminate\\Pipeline\\Pipeline->Illuminate\\Pipeline\\{closure}(Object(Illuminate\\Http\\Request))
#70 C:\\xampp\\htdocs\\laravel-dev-assessment\\vendor\\laravel\\framework\\src\\Illuminate\\Foundation\\Http\\Middleware\\TrimStrings.php(51): Illuminate\\Foundation\\Http\\Middleware\\TransformsRequest->handle(Object(Illuminate\\Http\\Request), Object(Closure))
#71 C:\\xampp\\htdocs\\laravel-dev-assessment\\vendor\\laravel\\framework\\src\\Illuminate\\Pipeline\\Pipeline.php(183): Illuminate\\Foundation\\Http\\Middleware\\TrimStrings->handle(Object(Illuminate\\Http\\Request), Object(Closure))
#72 C:\\xampp\\htdocs\\laravel-dev-assessment\\vendor\\laravel\\framework\\src\\Illuminate\\Http\\Middleware\\ValidatePostSize.php(27): Illuminate\\Pipeline\\Pipeline->Illuminate\\Pipeline\\{closure}(Object(Illuminate\\Http\\Request))
#73 C:\\xampp\\htdocs\\laravel-dev-assessment\\vendor\\laravel\\framework\\src\\Illuminate\\Pipeline\\Pipeline.php(183): Illuminate\\Http\\Middleware\\ValidatePostSize->handle(Object(Illuminate\\Http\\Request), Object(Closure))
#74 C:\\xampp\\htdocs\\laravel-dev-assessment\\vendor\\laravel\\framework\\src\\Illuminate\\Foundation\\Http\\Middleware\\PreventRequestsDuringMaintenance.php(110): Illuminate\\Pipeline\\Pipeline->Illuminate\\Pipeline\\{closure}(Object(Illuminate\\Http\\Request))
#75 C:\\xampp\\htdocs\\laravel-dev-assessment\\vendor\\laravel\\framework\\src\\Illuminate\\Pipeline\\Pipeline.php(183): Illuminate\\Foundation\\Http\\Middleware\\PreventRequestsDuringMaintenance->handle(Object(Illuminate\\Http\\Request), Object(Closure))
#76 C:\\xampp\\htdocs\\laravel-dev-assessment\\vendor\\laravel\\framework\\src\\Illuminate\\Http\\Middleware\\HandleCors.php(49): Illuminate\\Pipeline\\Pipeline->Illuminate\\Pipeline\\{closure}(Object(Illuminate\\Http\\Request))
#77 C:\\xampp\\htdocs\\laravel-dev-assessment\\vendor\\laravel\\framework\\src\\Illuminate\\Pipeline\\Pipeline.php(183): Illuminate\\Http\\Middleware\\HandleCors->handle(Object(Illuminate\\Http\\Request), Object(Closure))
#78 C:\\xampp\\htdocs\\laravel-dev-assessment\\vendor\\laravel\\framework\\src\\Illuminate\\Http\\Middleware\\TrustProxies.php(58): Illuminate\\Pipeline\\Pipeline->Illuminate\\Pipeline\\{closure}(Object(Illuminate\\Http\\Request))
#79 C:\\xampp\\htdocs\\laravel-dev-assessment\\vendor\\laravel\\framework\\src\\Illuminate\\Pipeline\\Pipeline.php(183): Illuminate\\Http\\Middleware\\TrustProxies->handle(Object(Illuminate\\Http\\Request), Object(Closure))
#80 C:\\xampp\\htdocs\\laravel-dev-assessment\\vendor\\laravel\\framework\\src\\Illuminate\\Foundation\\Http\\Middleware\\InvokeDeferredCallbacks.php(22): Illuminate\\Pipeline\\Pipeline->Illuminate\\Pipeline\\{closure}(Object(Illuminate\\Http\\Request))
#81 C:\\xampp\\htdocs\\laravel-dev-assessment\\vendor\\laravel\\framework\\src\\Illuminate\\Pipeline\\Pipeline.php(183): Illuminate\\Foundation\\Http\\Middleware\\InvokeDeferredCallbacks->handle(Object(Illuminate\\Http\\Request), Object(Closure))
#82 C:\\xampp\\htdocs\\laravel-dev-assessment\\vendor\\laravel\\framework\\src\\Illuminate\\Pipeline\\Pipeline.php(119): Illuminate\\Pipeline\\Pipeline->Illuminate\\Pipeline\\{closure}(Object(Illuminate\\Http\\Request))
#83 C:\\xampp\\htdocs\\laravel-dev-assessment\\vendor\\laravel\\framework\\src\\Illuminate\\Foundation\\Http\\Kernel.php(176): Illuminate\\Pipeline\\Pipeline->then(Object(Closure))
#84 C:\\xampp\\htdocs\\laravel-dev-assessment\\vendor\\laravel\\framework\\src\\Illuminate\\Foundation\\Http\\Kernel.php(145): Illuminate\\Foundation\\Http\\Kernel->sendRequestThroughRouter(Object(Illuminate\\Http\\Request))
#85 C:\\xampp\\htdocs\\laravel-dev-assessment\\vendor\\laravel\\framework\\src\\Illuminate\\Foundation\\Application.php(1190): Illuminate\\Foundation\\Http\\Kernel->handle(Object(Illuminate\\Http\\Request))
#86 C:\\xampp\\htdocs\\laravel-dev-assessment\\public\\index.php(17): Illuminate\\Foundation\\Application->handleRequest(Object(Illuminate\\Http\\Request))
#87 {main}
"} 
[2025-02-04 07:02:33] local.ERROR: SQLSTATE[42S02]: Base table or view not found: 1146 Table 'laravel-dev-assessment.skills' doesn't exist (Connection: mysql, SQL: select * from `skills`) {"userId":1,"exception":"[object] (Illuminate\\Database\\QueryException(code: 42S02): SQLSTATE[42S02]: Base table or view not found: 1146 Table 'laravel-dev-assessment.skills' doesn't exist (Connection: mysql, SQL: select * from `skills`) at C:\\xampp\\htdocs\\laravel-dev-assessment\\vendor\\laravel\\framework\\src\\Illuminate\\Database\\Connection.php:825)
[stacktrace]
#0 C:\\xampp\\htdocs\\laravel-dev-assessment\\vendor\\laravel\\framework\\src\\Illuminate\\Database\\Connection.php(779): Illuminate\\Database\\Connection->runQueryCallback('select * from `...', Array, Object(Closure))
#1 C:\\xampp\\htdocs\\laravel-dev-assessment\\vendor\\laravel\\framework\\src\\Illuminate\\Database\\Connection.php(398): Illuminate\\Database\\Connection->run('select * from `...', Array, Object(Closure))
#2 C:\\xampp\\htdocs\\laravel-dev-assessment\\vendor\\laravel\\framework\\src\\Illuminate\\Database\\Query\\Builder.php(3133): Illuminate\\Database\\Connection->select('select * from `...', Array, true)
#3 C:\\xampp\\htdocs\\laravel-dev-assessment\\vendor\\laravel\\framework\\src\\Illuminate\\Database\\Query\\Builder.php(3118): Illuminate\\Database\\Query\\Builder->runSelect()
#4 C:\\xampp\\htdocs\\laravel-dev-assessment\\vendor\\laravel\\framework\\src\\Illuminate\\Database\\Query\\Builder.php(3706): Illuminate\\Database\\Query\\Builder->Illuminate\\Database\\Query\\{closure}()
#5 C:\\xampp\\htdocs\\laravel-dev-assessment\\vendor\\laravel\\framework\\src\\Illuminate\\Database\\Query\\Builder.php(3117): Illuminate\\Database\\Query\\Builder->onceWithColumns(Array, Object(Closure))
#6 C:\\xampp\\htdocs\\laravel-dev-assessment\\vendor\\laravel\\framework\\src\\Illuminate\\Database\\Eloquent\\Builder.php(760): Illuminate\\Database\\Query\\Builder->get(Array)
#7 C:\\xampp\\htdocs\\laravel-dev-assessment\\vendor\\laravel\\framework\\src\\Illuminate\\Database\\Eloquent\\Builder.php(742): Illuminate\\Database\\Eloquent\\Builder->getModels(Array)
#8 C:\\xampp\\htdocs\\laravel-dev-assessment\\vendor\\laravel\\framework\\src\\Illuminate\\Database\\Eloquent\\Model.php(693): Illuminate\\Database\\Eloquent\\Builder->get(Array)
#9 C:\\xampp\\htdocs\\laravel-dev-assessment\\app\\Livewire\\Pages\\Skills\\Index.php(31): Illuminate\\Database\\Eloquent\\Model::all()
#10 C:\\xampp\\htdocs\\laravel-dev-assessment\\app\\Livewire\\Pages\\Skills\\Index.php(26): App\\Livewire\\Pages\\Skills\\Index->loadSkills()
#11 C:\\xampp\\htdocs\\laravel-dev-assessment\\vendor\\laravel\\framework\\src\\Illuminate\\Container\\BoundMethod.php(36): App\\Livewire\\Pages\\Skills\\Index->mount()
#12 C:\\xampp\\htdocs\\laravel-dev-assessment\\vendor\\laravel\\framework\\src\\Illuminate\\Container\\Util.php(43): Illuminate\\Container\\BoundMethod::Illuminate\\Container\\{closure}()
#13 C:\\xampp\\htdocs\\laravel-dev-assessment\\vendor\\laravel\\framework\\src\\Illuminate\\Container\\BoundMethod.php(95): Illuminate\\Container\\Util::unwrapIfClosure(Object(Closure))
#14 C:\\xampp\\htdocs\\laravel-dev-assessment\\vendor\\laravel\\framework\\src\\Illuminate\\Container\\BoundMethod.php(35): Illuminate\\Container\\BoundMethod::callBoundMethod(Object(Illuminate\\Foundation\\Application), Array, Object(Closure))
#15 C:\\xampp\\htdocs\\laravel-dev-assessment\\vendor\\livewire\\livewire\\src\\Wrapped.php(23): Illuminate\\Container\\BoundMethod::call(Object(Illuminate\\Foundation\\Application), Array, Array)
#16 C:\\xampp\\htdocs\\laravel-dev-assessment\\vendor\\livewire\\livewire\\src\\Features\\SupportLifecycleHooks\\SupportLifecycleHooks.php(134): Livewire\\Wrapped->__call('mount', Array)
#17 C:\\xampp\\htdocs\\laravel-dev-assessment\\vendor\\livewire\\livewire\\src\\Features\\SupportLifecycleHooks\\SupportLifecycleHooks.php(20): Livewire\\Features\\SupportLifecycleHooks\\SupportLifecycleHooks->callHook('mount', Array)
#18 C:\\xampp\\htdocs\\laravel-dev-assessment\\vendor\\livewire\\livewire\\src\\ComponentHook.php(19): Livewire\\Features\\SupportLifecycleHooks\\SupportLifecycleHooks->mount(Array, false)
#19 C:\\xampp\\htdocs\\laravel-dev-assessment\\vendor\\livewire\\livewire\\src\\ComponentHookRegistry.php(45): Livewire\\ComponentHook->callMount(Array, false)
#20 C:\\xampp\\htdocs\\laravel-dev-assessment\\vendor\\livewire\\livewire\\src\\EventBus.php(60): Livewire\\ComponentHookRegistry::Livewire\\{closure}(Object(App\\Livewire\\Pages\\Skills\\Index), Array, NULL, false)
#21 C:\\xampp\\htdocs\\laravel-dev-assessment\\vendor\\livewire\\livewire\\src\\helpers.php(98): Livewire\\EventBus->trigger('mount', Object(App\\Livewire\\Pages\\Skills\\Index), Array, NULL, false)
#22 C:\\xampp\\htdocs\\laravel-dev-assessment\\vendor\\livewire\\livewire\\src\\Mechanisms\\HandleComponents\\HandleComponents.php(50): Livewire\\trigger('mount', Object(App\\Livewire\\Pages\\Skills\\Index), Array, NULL, false)
#23 C:\\xampp\\htdocs\\laravel-dev-assessment\\vendor\\livewire\\livewire\\src\\LivewireManager.php(73): Livewire\\Mechanisms\\HandleComponents\\HandleComponents->mount('App\\\\Livewire\\\\Pa...', Array, NULL)
#24 C:\\xampp\\htdocs\\laravel-dev-assessment\\vendor\\livewire\\livewire\\src\\Features\\SupportPageComponents\\HandlesPageComponents.php(17): Livewire\\LivewireManager->mount('App\\\\Livewire\\\\Pa...', Array)
#25 C:\\xampp\\htdocs\\laravel-dev-assessment\\vendor\\livewire\\livewire\\src\\Features\\SupportPageComponents\\SupportPageComponents.php(117): Livewire\\Component->Livewire\\Features\\SupportPageComponents\\{closure}()
#26 C:\\xampp\\htdocs\\laravel-dev-assessment\\vendor\\livewire\\livewire\\src\\Features\\SupportPageComponents\\HandlesPageComponents.php(14): Livewire\\Features\\SupportPageComponents\\SupportPageComponents::interceptTheRenderOfTheComponentAndRetreiveTheLayoutConfiguration(Object(Closure))
#27 C:\\xampp\\htdocs\\laravel-dev-assessment\\vendor\\laravel\\framework\\src\\Illuminate\\Routing\\ControllerDispatcher.php(47): Livewire\\Component->__invoke()
#28 C:\\xampp\\htdocs\\laravel-dev-assessment\\vendor\\laravel\\framework\\src\\Illuminate\\Routing\\Route.php(266): Illuminate\\Routing\\ControllerDispatcher->dispatch(Object(Illuminate\\Routing\\Route), Object(App\\Livewire\\Pages\\Skills\\Index), '__invoke')
#29 C:\\xampp\\htdocs\\laravel-dev-assessment\\vendor\\laravel\\framework\\src\\Illuminate\\Routing\\Route.php(212): Illuminate\\Routing\\Route->runController()
#30 C:\\xampp\\htdocs\\laravel-dev-assessment\\vendor\\laravel\\framework\\src\\Illuminate\\Routing\\Router.php(808): Illuminate\\Routing\\Route->run()
#31 C:\\xampp\\htdocs\\laravel-dev-assessment\\vendor\\laravel\\framework\\src\\Illuminate\\Pipeline\\Pipeline.php(144): Illuminate\\Routing\\Router->Illuminate\\Routing\\{closure}(Object(Illuminate\\Http\\Request))
#32 C:\\xampp\\htdocs\\laravel-dev-assessment\\vendor\\spatie\\laravel-permission\\src\\Middleware\\RoleMiddleware.php(39): Illuminate\\Pipeline\\Pipeline->Illuminate\\Pipeline\\{closure}(Object(Illuminate\\Http\\Request))
#33 C:\\xampp\\htdocs\\laravel-dev-assessment\\vendor\\laravel\\framework\\src\\Illuminate\\Pipeline\\Pipeline.php(183): Spatie\\Permission\\Middleware\\RoleMiddleware->handle(Object(Illuminate\\Http\\Request), Object(Closure), 'admin')
#34 C:\\xampp\\htdocs\\laravel-dev-assessment\\vendor\\laravel\\framework\\src\\Illuminate\\Http\\Middleware\\AddLinkHeadersForPreloadedAssets.php(20): Illuminate\\Pipeline\\Pipeline->Illuminate\\Pipeline\\{closure}(Object(Illuminate\\Http\\Request))
#35 C:\\xampp\\htdocs\\laravel-dev-assessment\\vendor\\laravel\\framework\\src\\Illuminate\\Pipeline\\Pipeline.php(183): Illuminate\\Http\\Middleware\\AddLinkHeadersForPreloadedAssets->handle(Object(Illuminate\\Http\\Request), Object(Closure))
#36 C:\\xampp\\htdocs\\laravel-dev-assessment\\vendor\\inertiajs\\inertia-laravel\\src\\Middleware.php(86): Illuminate\\Pipeline\\Pipeline->Illuminate\\Pipeline\\{closure}(Object(Illuminate\\Http\\Request))
#37 C:\\xampp\\htdocs\\laravel-dev-assessment\\vendor\\laravel\\framework\\src\\Illuminate\\Pipeline\\Pipeline.php(183): Inertia\\Middleware->handle(Object(Illuminate\\Http\\Request), Object(Closure))
#38 C:\\xampp\\htdocs\\laravel-dev-assessment\\vendor\\laravel\\framework\\src\\Illuminate\\Routing\\Middleware\\SubstituteBindings.php(51): Illuminate\\Pipeline\\Pipeline->Illuminate\\Pipeline\\{closure}(Object(Illuminate\\Http\\Request))
#39 C:\\xampp\\htdocs\\laravel-dev-assessment\\vendor\\laravel\\framework\\src\\Illuminate\\Pipeline\\Pipeline.php(183): Illuminate\\Routing\\Middleware\\SubstituteBindings->handle(Object(Illuminate\\Http\\Request), Object(Closure))
#40 C:\\xampp\\htdocs\\laravel-dev-assessment\\vendor\\laravel\\framework\\src\\Illuminate\\Auth\\Middleware\\Authenticate.php(64): Illuminate\\Pipeline\\Pipeline->Illuminate\\Pipeline\\{closure}(Object(Illuminate\\Http\\Request))
#41 C:\\xampp\\htdocs\\laravel-dev-assessment\\vendor\\laravel\\framework\\src\\Illuminate\\Pipeline\\Pipeline.php(183): Illuminate\\Auth\\Middleware\\Authenticate->handle(Object(Illuminate\\Http\\Request), Object(Closure))
#42 C:\\xampp\\htdocs\\laravel-dev-assessment\\vendor\\laravel\\framework\\src\\Illuminate\\Foundation\\Http\\Middleware\\VerifyCsrfToken.php(88): Illuminate\\Pipeline\\Pipeline->Illuminate\\Pipeline\\{closure}(Object(Illuminate\\Http\\Request))
#43 C:\\xampp\\htdocs\\laravel-dev-assessment\\vendor\\laravel\\framework\\src\\Illuminate\\Pipeline\\Pipeline.php(183): Illuminate\\Foundation\\Http\\Middleware\\VerifyCsrfToken->handle(Object(Illuminate\\Http\\Request), Object(Closure))
#44 C:\\xampp\\htdocs\\laravel-dev-assessment\\vendor\\laravel\\framework\\src\\Illuminate\\View\\Middleware\\ShareErrorsFromSession.php(49): Illuminate\\Pipeline\\Pipeline->Illuminate\\Pipeline\\{closure}(Object(Illuminate\\Http\\Request))
#45 C:\\xampp\\htdocs\\laravel-dev-assessment\\vendor\\laravel\\framework\\src\\Illuminate\\Pipeline\\Pipeline.php(183): Illuminate\\View\\Middleware\\ShareErrorsFromSession->handle(Object(Illuminate\\Http\\Request), Object(Closure))
#46 C:\\xampp\\htdocs\\laravel-dev-assessment\\vendor\\laravel\\framework\\src\\Illuminate\\Session\\Middleware\\StartSession.php(121): Illuminate\\Pipeline\\Pipeline->Illuminate\\Pipeline\\{closure}(Object(Illuminate\\Http\\Request))
#47 C:\\xampp\\htdocs\\laravel-dev-assessment\\vendor\\laravel\\framework\\src\\Illuminate\\Session\\Middleware\\StartSession.php(64): Illuminate\\Session\\Middleware\\StartSession->handleStatefulRequest(Object(Illuminate\\Http\\Request), Object(Illuminate\\Session\\Store), Object(Closure))
#48 C:\\xampp\\htdocs\\laravel-dev-assessment\\vendor\\laravel\\framework\\src\\Illuminate\\Pipeline\\Pipeline.php(183): Illuminate\\Session\\Middleware\\StartSession->handle(Object(Illuminate\\Http\\Request), Object(Closure))
#49 C:\\xampp\\htdocs\\laravel-dev-assessment\\vendor\\laravel\\framework\\src\\Illuminate\\Cookie\\Middleware\\AddQueuedCookiesToResponse.php(37): Illuminate\\Pipeline\\Pipeline->Illuminate\\Pipeline\\{closure}(Object(Illuminate\\Http\\Request))
#50 C:\\xampp\\htdocs\\laravel-dev-assessment\\vendor\\laravel\\framework\\src\\Illuminate\\Pipeline\\Pipeline.php(183): Illuminate\\Cookie\\Middleware\\AddQueuedCookiesToResponse->handle(Object(Illuminate\\Http\\Request), Object(Closure))
#51 C:\\xampp\\htdocs\\laravel-dev-assessment\\vendor\\laravel\\framework\\src\\Illuminate\\Cookie\\Middleware\\EncryptCookies.php(75): Illuminate\\Pipeline\\Pipeline->Illuminate\\Pipeline\\{closure}(Object(Illuminate\\Http\\Request))
#52 C:\\xampp\\htdocs\\laravel-dev-assessment\\vendor\\laravel\\framework\\src\\Illuminate\\Pipeline\\Pipeline.php(183): Illuminate\\Cookie\\Middleware\\EncryptCookies->handle(Object(Illuminate\\Http\\Request), Object(Closure))
#53 C:\\xampp\\htdocs\\laravel-dev-assessment\\vendor\\laravel\\framework\\src\\Illuminate\\Pipeline\\Pipeline.php(119): Illuminate\\Pipeline\\Pipeline->Illuminate\\Pipeline\\{closure}(Object(Illuminate\\Http\\Request))
#54 C:\\xampp\\htdocs\\laravel-dev-assessment\\vendor\\laravel\\framework\\src\\Illuminate\\Routing\\Router.php(807): Illuminate\\Pipeline\\Pipeline->then(Object(Closure))
#55 C:\\xampp\\htdocs\\laravel-dev-assessment\\vendor\\laravel\\framework\\src\\Illuminate\\Routing\\Router.php(786): Illuminate\\Routing\\Router->runRouteWithinStack(Object(Illuminate\\Routing\\Route), Object(Illuminate\\Http\\Request))
#56 C:\\xampp\\htdocs\\laravel-dev-assessment\\vendor\\laravel\\framework\\src\\Illuminate\\Routing\\Router.php(750): Illuminate\\Routing\\Router->runRoute(Object(Illuminate\\Http\\Request), Object(Illuminate\\Routing\\Route))
#57 C:\\xampp\\htdocs\\laravel-dev-assessment\\vendor\\laravel\\framework\\src\\Illuminate\\Routing\\Router.php(739): Illuminate\\Routing\\Router->dispatchToRoute(Object(Illuminate\\Http\\Request))
#58 C:\\xampp\\htdocs\\laravel-dev-assessment\\vendor\\laravel\\framework\\src\\Illuminate\\Foundation\\Http\\Kernel.php(201): Illuminate\\Routing\\Router->dispatch(Object(Illuminate\\Http\\Request))
#59 C:\\xampp\\htdocs\\laravel-dev-assessment\\vendor\\laravel\\framework\\src\\Illuminate\\Pipeline\\Pipeline.php(144): Illuminate\\Foundation\\Http\\Kernel->Illuminate\\Foundation\\Http\\{closure}(Object(Illuminate\\Http\\Request))
#60 C:\\xampp\\htdocs\\laravel-dev-assessment\\vendor\\livewire\\livewire\\src\\Features\\SupportDisablingBackButtonCache\\DisableBackButtonCacheMiddleware.php(19): Illuminate\\Pipeline\\Pipeline->Illuminate\\Pipeline\\{closure}(Object(Illuminate\\Http\\Request))
#61 C:\\xampp\\htdocs\\laravel-dev-assessment\\vendor\\laravel\\framework\\src\\Illuminate\\Pipeline\\Pipeline.php(183): Livewire\\Features\\SupportDisablingBackButtonCache\\DisableBackButtonCacheMiddleware->handle(Object(Illuminate\\Http\\Request), Object(Closure))
#62 C:\\xampp\\htdocs\\laravel-dev-assessment\\vendor\\barryvdh\\laravel-debugbar\\src\\Middleware\\InjectDebugbar.php(66): Illuminate\\Pipeline\\Pipeline->Illuminate\\Pipeline\\{closure}(Object(Illuminate\\Http\\Request))
#63 C:\\xampp\\htdocs\\laravel-dev-assessment\\vendor\\laravel\\framework\\src\\Illuminate\\Pipeline\\Pipeline.php(183): Barryvdh\\Debugbar\\Middleware\\InjectDebugbar->handle(Object(Illuminate\\Http\\Request), Object(Closure))
#64 C:\\xampp\\htdocs\\laravel-dev-assessment\\vendor\\laravel\\framework\\src\\Illuminate\\Foundation\\Http\\Middleware\\TransformsRequest.php(21): Illuminate\\Pipeline\\Pipeline->Illuminate\\Pipeline\\{closure}(Object(Illuminate\\Http\\Request))
#65 C:\\xampp\\htdocs\\laravel-dev-assessment\\vendor\\laravel\\framework\\src\\Illuminate\\Foundation\\Http\\Middleware\\ConvertEmptyStringsToNull.php(31): Illuminate\\Foundation\\Http\\Middleware\\TransformsRequest->handle(Object(Illuminate\\Http\\Request), Object(Closure))
#66 C:\\xampp\\htdocs\\laravel-dev-assessment\\vendor\\laravel\\framework\\src\\Illuminate\\Pipeline\\Pipeline.php(183): Illuminate\\Foundation\\Http\\Middleware\\ConvertEmptyStringsToNull->handle(Object(Illuminate\\Http\\Request), Object(Closure))
#67 C:\\xampp\\htdocs\\laravel-dev-assessment\\vendor\\laravel\\framework\\src\\Illuminate\\Foundation\\Http\\Middleware\\TransformsRequest.php(21): Illuminate\\Pipeline\\Pipeline->Illuminate\\Pipeline\\{closure}(Object(Illuminate\\Http\\Request))
#68 C:\\xampp\\htdocs\\laravel-dev-assessment\\vendor\\laravel\\framework\\src\\Illuminate\\Foundation\\Http\\Middleware\\TrimStrings.php(51): Illuminate\\Foundation\\Http\\Middleware\\TransformsRequest->handle(Object(Illuminate\\Http\\Request), Object(Closure))
#69 C:\\xampp\\htdocs\\laravel-dev-assessment\\vendor\\laravel\\framework\\src\\Illuminate\\Pipeline\\Pipeline.php(183): Illuminate\\Foundation\\Http\\Middleware\\TrimStrings->handle(Object(Illuminate\\Http\\Request), Object(Closure))
#70 C:\\xampp\\htdocs\\laravel-dev-assessment\\vendor\\laravel\\framework\\src\\Illuminate\\Http\\Middleware\\ValidatePostSize.php(27): Illuminate\\Pipeline\\Pipeline->Illuminate\\Pipeline\\{closure}(Object(Illuminate\\Http\\Request))
#71 C:\\xampp\\htdocs\\laravel-dev-assessment\\vendor\\laravel\\framework\\src\\Illuminate\\Pipeline\\Pipeline.php(183): Illuminate\\Http\\Middleware\\ValidatePostSize->handle(Object(Illuminate\\Http\\Request), Object(Closure))
#72 C:\\xampp\\htdocs\\laravel-dev-assessment\\vendor\\laravel\\framework\\src\\Illuminate\\Foundation\\Http\\Middleware\\PreventRequestsDuringMaintenance.php(110): Illuminate\\Pipeline\\Pipeline->Illuminate\\Pipeline\\{closure}(Object(Illuminate\\Http\\Request))
#73 C:\\xampp\\htdocs\\laravel-dev-assessment\\vendor\\laravel\\framework\\src\\Illuminate\\Pipeline\\Pipeline.php(183): Illuminate\\Foundation\\Http\\Middleware\\PreventRequestsDuringMaintenance->handle(Object(Illuminate\\Http\\Request), Object(Closure))
#74 C:\\xampp\\htdocs\\laravel-dev-assessment\\vendor\\laravel\\framework\\src\\Illuminate\\Http\\Middleware\\HandleCors.php(49): Illuminate\\Pipeline\\Pipeline->Illuminate\\Pipeline\\{closure}(Object(Illuminate\\Http\\Request))
#75 C:\\xampp\\htdocs\\laravel-dev-assessment\\vendor\\laravel\\framework\\src\\Illuminate\\Pipeline\\Pipeline.php(183): Illuminate\\Http\\Middleware\\HandleCors->handle(Object(Illuminate\\Http\\Request), Object(Closure))
#76 C:\\xampp\\htdocs\\laravel-dev-assessment\\vendor\\laravel\\framework\\src\\Illuminate\\Http\\Middleware\\TrustProxies.php(58): Illuminate\\Pipeline\\Pipeline->Illuminate\\Pipeline\\{closure}(Object(Illuminate\\Http\\Request))
#77 C:\\xampp\\htdocs\\laravel-dev-assessment\\vendor\\laravel\\framework\\src\\Illuminate\\Pipeline\\Pipeline.php(183): Illuminate\\Http\\Middleware\\TrustProxies->handle(Object(Illuminate\\Http\\Request), Object(Closure))
#78 C:\\xampp\\htdocs\\laravel-dev-assessment\\vendor\\laravel\\framework\\src\\Illuminate\\Foundation\\Http\\Middleware\\InvokeDeferredCallbacks.php(22): Illuminate\\Pipeline\\Pipeline->Illuminate\\Pipeline\\{closure}(Object(Illuminate\\Http\\Request))
#79 C:\\xampp\\htdocs\\laravel-dev-assessment\\vendor\\laravel\\framework\\src\\Illuminate\\Pipeline\\Pipeline.php(183): Illuminate\\Foundation\\Http\\Middleware\\InvokeDeferredCallbacks->handle(Object(Illuminate\\Http\\Request), Object(Closure))
#80 C:\\xampp\\htdocs\\laravel-dev-assessment\\vendor\\laravel\\framework\\src\\Illuminate\\Pipeline\\Pipeline.php(119): Illuminate\\Pipeline\\Pipeline->Illuminate\\Pipeline\\{closure}(Object(Illuminate\\Http\\Request))
#81 C:\\xampp\\htdocs\\laravel-dev-assessment\\vendor\\laravel\\framework\\src\\Illuminate\\Foundation\\Http\\Kernel.php(176): Illuminate\\Pipeline\\Pipeline->then(Object(Closure))
#82 C:\\xampp\\htdocs\\laravel-dev-assessment\\vendor\\laravel\\framework\\src\\Illuminate\\Foundation\\Http\\Kernel.php(145): Illuminate\\Foundation\\Http\\Kernel->sendRequestThroughRouter(Object(Illuminate\\Http\\Request))
#83 C:\\xampp\\htdocs\\laravel-dev-assessment\\vendor\\laravel\\framework\\src\\Illuminate\\Foundation\\Application.php(1190): Illuminate\\Foundation\\Http\\Kernel->handle(Object(Illuminate\\Http\\Request))
#84 C:\\xampp\\htdocs\\laravel-dev-assessment\\public\\index.php(17): Illuminate\\Foundation\\Application->handleRequest(Object(Illuminate\\Http\\Request))
#85 {main}

[previous exception] [object] (PDOException(code: 42S02): SQLSTATE[42S02]: Base table or view not found: 1146 Table 'laravel-dev-assessment.skills' doesn't exist at C:\\xampp\\htdocs\\laravel-dev-assessment\\vendor\\laravel\\framework\\src\\Illuminate\\Database\\Connection.php:407)
[stacktrace]
#0 C:\\xampp\\htdocs\\laravel-dev-assessment\\vendor\\laravel\\framework\\src\\Illuminate\\Database\\Connection.php(407): PDO->prepare('select * from `...')
#1 C:\\xampp\\htdocs\\laravel-dev-assessment\\vendor\\laravel\\framework\\src\\Illuminate\\Database\\Connection.php(812): Illuminate\\Database\\Connection->Illuminate\\Database\\{closure}('select * from `...', Array)
#2 C:\\xampp\\htdocs\\laravel-dev-assessment\\vendor\\laravel\\framework\\src\\Illuminate\\Database\\Connection.php(779): Illuminate\\Database\\Connection->runQueryCallback('select * from `...', Array, Object(Closure))
#3 C:\\xampp\\htdocs\\laravel-dev-assessment\\vendor\\laravel\\framework\\src\\Illuminate\\Database\\Connection.php(398): Illuminate\\Database\\Connection->run('select * from `...', Array, Object(Closure))
#4 C:\\xampp\\htdocs\\laravel-dev-assessment\\vendor\\laravel\\framework\\src\\Illuminate\\Database\\Query\\Builder.php(3133): Illuminate\\Database\\Connection->select('select * from `...', Array, true)
#5 C:\\xampp\\htdocs\\laravel-dev-assessment\\vendor\\laravel\\framework\\src\\Illuminate\\Database\\Query\\Builder.php(3118): Illuminate\\Database\\Query\\Builder->runSelect()
#6 C:\\xampp\\htdocs\\laravel-dev-assessment\\vendor\\laravel\\framework\\src\\Illuminate\\Database\\Query\\Builder.php(3706): Illuminate\\Database\\Query\\Builder->Illuminate\\Database\\Query\\{closure}()
#7 C:\\xampp\\htdocs\\laravel-dev-assessment\\vendor\\laravel\\framework\\src\\Illuminate\\Database\\Query\\Builder.php(3117): Illuminate\\Database\\Query\\Builder->onceWithColumns(Array, Object(Closure))
#8 C:\\xampp\\htdocs\\laravel-dev-assessment\\vendor\\laravel\\framework\\src\\Illuminate\\Database\\Eloquent\\Builder.php(760): Illuminate\\Database\\Query\\Builder->get(Array)
#9 C:\\xampp\\htdocs\\laravel-dev-assessment\\vendor\\laravel\\framework\\src\\Illuminate\\Database\\Eloquent\\Builder.php(742): Illuminate\\Database\\Eloquent\\Builder->getModels(Array)
#10 C:\\xampp\\htdocs\\laravel-dev-assessment\\vendor\\laravel\\framework\\src\\Illuminate\\Database\\Eloquent\\Model.php(693): Illuminate\\Database\\Eloquent\\Builder->get(Array)
#11 C:\\xampp\\htdocs\\laravel-dev-assessment\\app\\Livewire\\Pages\\Skills\\Index.php(31): Illuminate\\Database\\Eloquent\\Model::all()
#12 C:\\xampp\\htdocs\\laravel-dev-assessment\\app\\Livewire\\Pages\\Skills\\Index.php(26): App\\Livewire\\Pages\\Skills\\Index->loadSkills()
#13 C:\\xampp\\htdocs\\laravel-dev-assessment\\vendor\\laravel\\framework\\src\\Illuminate\\Container\\BoundMethod.php(36): App\\Livewire\\Pages\\Skills\\Index->mount()
#14 C:\\xampp\\htdocs\\laravel-dev-assessment\\vendor\\laravel\\framework\\src\\Illuminate\\Container\\Util.php(43): Illuminate\\Container\\BoundMethod::Illuminate\\Container\\{closure}()
#15 C:\\xampp\\htdocs\\laravel-dev-assessment\\vendor\\laravel\\framework\\src\\Illuminate\\Container\\BoundMethod.php(95): Illuminate\\Container\\Util::unwrapIfClosure(Object(Closure))
#16 C:\\xampp\\htdocs\\laravel-dev-assessment\\vendor\\laravel\\framework\\src\\Illuminate\\Container\\BoundMethod.php(35): Illuminate\\Container\\BoundMethod::callBoundMethod(Object(Illuminate\\Foundation\\Application), Array, Object(Closure))
#17 C:\\xampp\\htdocs\\laravel-dev-assessment\\vendor\\livewire\\livewire\\src\\Wrapped.php(23): Illuminate\\Container\\BoundMethod::call(Object(Illuminate\\Foundation\\Application), Array, Array)
#18 C:\\xampp\\htdocs\\laravel-dev-assessment\\vendor\\livewire\\livewire\\src\\Features\\SupportLifecycleHooks\\SupportLifecycleHooks.php(134): Livewire\\Wrapped->__call('mount', Array)
#19 C:\\xampp\\htdocs\\laravel-dev-assessment\\vendor\\livewire\\livewire\\src\\Features\\SupportLifecycleHooks\\SupportLifecycleHooks.php(20): Livewire\\Features\\SupportLifecycleHooks\\SupportLifecycleHooks->callHook('mount', Array)
#20 C:\\xampp\\htdocs\\laravel-dev-assessment\\vendor\\livewire\\livewire\\src\\ComponentHook.php(19): Livewire\\Features\\SupportLifecycleHooks\\SupportLifecycleHooks->mount(Array, false)
#21 C:\\xampp\\htdocs\\laravel-dev-assessment\\vendor\\livewire\\livewire\\src\\ComponentHookRegistry.php(45): Livewire\\ComponentHook->callMount(Array, false)
#22 C:\\xampp\\htdocs\\laravel-dev-assessment\\vendor\\livewire\\livewire\\src\\EventBus.php(60): Livewire\\ComponentHookRegistry::Livewire\\{closure}(Object(App\\Livewire\\Pages\\Skills\\Index), Array, NULL, false)
#23 C:\\xampp\\htdocs\\laravel-dev-assessment\\vendor\\livewire\\livewire\\src\\helpers.php(98): Livewire\\EventBus->trigger('mount', Object(App\\Livewire\\Pages\\Skills\\Index), Array, NULL, false)
#24 C:\\xampp\\htdocs\\laravel-dev-assessment\\vendor\\livewire\\livewire\\src\\Mechanisms\\HandleComponents\\HandleComponents.php(50): Livewire\\trigger('mount', Object(App\\Livewire\\Pages\\Skills\\Index), Array, NULL, false)
#25 C:\\xampp\\htdocs\\laravel-dev-assessment\\vendor\\livewire\\livewire\\src\\LivewireManager.php(73): Livewire\\Mechanisms\\HandleComponents\\HandleComponents->mount('App\\\\Livewire\\\\Pa...', Array, NULL)
#26 C:\\xampp\\htdocs\\laravel-dev-assessment\\vendor\\livewire\\livewire\\src\\Features\\SupportPageComponents\\HandlesPageComponents.php(17): Livewire\\LivewireManager->mount('App\\\\Livewire\\\\Pa...', Array)
#27 C:\\xampp\\htdocs\\laravel-dev-assessment\\vendor\\livewire\\livewire\\src\\Features\\SupportPageComponents\\SupportPageComponents.php(117): Livewire\\Component->Livewire\\Features\\SupportPageComponents\\{closure}()
#28 C:\\xampp\\htdocs\\laravel-dev-assessment\\vendor\\livewire\\livewire\\src\\Features\\SupportPageComponents\\HandlesPageComponents.php(14): Livewire\\Features\\SupportPageComponents\\SupportPageComponents::interceptTheRenderOfTheComponentAndRetreiveTheLayoutConfiguration(Object(Closure))
#29 C:\\xampp\\htdocs\\laravel-dev-assessment\\vendor\\laravel\\framework\\src\\Illuminate\\Routing\\ControllerDispatcher.php(47): Livewire\\Component->__invoke()
#30 C:\\xampp\\htdocs\\laravel-dev-assessment\\vendor\\laravel\\framework\\src\\Illuminate\\Routing\\Route.php(266): Illuminate\\Routing\\ControllerDispatcher->dispatch(Object(Illuminate\\Routing\\Route), Object(App\\Livewire\\Pages\\Skills\\Index), '__invoke')
#31 C:\\xampp\\htdocs\\laravel-dev-assessment\\vendor\\laravel\\framework\\src\\Illuminate\\Routing\\Route.php(212): Illuminate\\Routing\\Route->runController()
#32 C:\\xampp\\htdocs\\laravel-dev-assessment\\vendor\\laravel\\framework\\src\\Illuminate\\Routing\\Router.php(808): Illuminate\\Routing\\Route->run()
#33 C:\\xampp\\htdocs\\laravel-dev-assessment\\vendor\\laravel\\framework\\src\\Illuminate\\Pipeline\\Pipeline.php(144): Illuminate\\Routing\\Router->Illuminate\\Routing\\{closure}(Object(Illuminate\\Http\\Request))
#34 C:\\xampp\\htdocs\\laravel-dev-assessment\\vendor\\spatie\\laravel-permission\\src\\Middleware\\RoleMiddleware.php(39): Illuminate\\Pipeline\\Pipeline->Illuminate\\Pipeline\\{closure}(Object(Illuminate\\Http\\Request))
#35 C:\\xampp\\htdocs\\laravel-dev-assessment\\vendor\\laravel\\framework\\src\\Illuminate\\Pipeline\\Pipeline.php(183): Spatie\\Permission\\Middleware\\RoleMiddleware->handle(Object(Illuminate\\Http\\Request), Object(Closure), 'admin')
#36 C:\\xampp\\htdocs\\laravel-dev-assessment\\vendor\\laravel\\framework\\src\\Illuminate\\Http\\Middleware\\AddLinkHeadersForPreloadedAssets.php(20): Illuminate\\Pipeline\\Pipeline->Illuminate\\Pipeline\\{closure}(Object(Illuminate\\Http\\Request))
#37 C:\\xampp\\htdocs\\laravel-dev-assessment\\vendor\\laravel\\framework\\src\\Illuminate\\Pipeline\\Pipeline.php(183): Illuminate\\Http\\Middleware\\AddLinkHeadersForPreloadedAssets->handle(Object(Illuminate\\Http\\Request), Object(Closure))
#38 C:\\xampp\\htdocs\\laravel-dev-assessment\\vendor\\inertiajs\\inertia-laravel\\src\\Middleware.php(86): Illuminate\\Pipeline\\Pipeline->Illuminate\\Pipeline\\{closure}(Object(Illuminate\\Http\\Request))
#39 C:\\xampp\\htdocs\\laravel-dev-assessment\\vendor\\laravel\\framework\\src\\Illuminate\\Pipeline\\Pipeline.php(183): Inertia\\Middleware->handle(Object(Illuminate\\Http\\Request), Object(Closure))
#40 C:\\xampp\\htdocs\\laravel-dev-assessment\\vendor\\laravel\\framework\\src\\Illuminate\\Routing\\Middleware\\SubstituteBindings.php(51): Illuminate\\Pipeline\\Pipeline->Illuminate\\Pipeline\\{closure}(Object(Illuminate\\Http\\Request))
#41 C:\\xampp\\htdocs\\laravel-dev-assessment\\vendor\\laravel\\framework\\src\\Illuminate\\Pipeline\\Pipeline.php(183): Illuminate\\Routing\\Middleware\\SubstituteBindings->handle(Object(Illuminate\\Http\\Request), Object(Closure))
#42 C:\\xampp\\htdocs\\laravel-dev-assessment\\vendor\\laravel\\framework\\src\\Illuminate\\Auth\\Middleware\\Authenticate.php(64): Illuminate\\Pipeline\\Pipeline->Illuminate\\Pipeline\\{closure}(Object(Illuminate\\Http\\Request))
#43 C:\\xampp\\htdocs\\laravel-dev-assessment\\vendor\\laravel\\framework\\src\\Illuminate\\Pipeline\\Pipeline.php(183): Illuminate\\Auth\\Middleware\\Authenticate->handle(Object(Illuminate\\Http\\Request), Object(Closure))
#44 C:\\xampp\\htdocs\\laravel-dev-assessment\\vendor\\laravel\\framework\\src\\Illuminate\\Foundation\\Http\\Middleware\\VerifyCsrfToken.php(88): Illuminate\\Pipeline\\Pipeline->Illuminate\\Pipeline\\{closure}(Object(Illuminate\\Http\\Request))
#45 C:\\xampp\\htdocs\\laravel-dev-assessment\\vendor\\laravel\\framework\\src\\Illuminate\\Pipeline\\Pipeline.php(183): Illuminate\\Foundation\\Http\\Middleware\\VerifyCsrfToken->handle(Object(Illuminate\\Http\\Request), Object(Closure))
#46 C:\\xampp\\htdocs\\laravel-dev-assessment\\vendor\\laravel\\framework\\src\\Illuminate\\View\\Middleware\\ShareErrorsFromSession.php(49): Illuminate\\Pipeline\\Pipeline->Illuminate\\Pipeline\\{closure}(Object(Illuminate\\Http\\Request))
#47 C:\\xampp\\htdocs\\laravel-dev-assessment\\vendor\\laravel\\framework\\src\\Illuminate\\Pipeline\\Pipeline.php(183): Illuminate\\View\\Middleware\\ShareErrorsFromSession->handle(Object(Illuminate\\Http\\Request), Object(Closure))
#48 C:\\xampp\\htdocs\\laravel-dev-assessment\\vendor\\laravel\\framework\\src\\Illuminate\\Session\\Middleware\\StartSession.php(121): Illuminate\\Pipeline\\Pipeline->Illuminate\\Pipeline\\{closure}(Object(Illuminate\\Http\\Request))
#49 C:\\xampp\\htdocs\\laravel-dev-assessment\\vendor\\laravel\\framework\\src\\Illuminate\\Session\\Middleware\\StartSession.php(64): Illuminate\\Session\\Middleware\\StartSession->handleStatefulRequest(Object(Illuminate\\Http\\Request), Object(Illuminate\\Session\\Store), Object(Closure))
#50 C:\\xampp\\htdocs\\laravel-dev-assessment\\vendor\\laravel\\framework\\src\\Illuminate\\Pipeline\\Pipeline.php(183): Illuminate\\Session\\Middleware\\StartSession->handle(Object(Illuminate\\Http\\Request), Object(Closure))
#51 C:\\xampp\\htdocs\\laravel-dev-assessment\\vendor\\laravel\\framework\\src\\Illuminate\\Cookie\\Middleware\\AddQueuedCookiesToResponse.php(37): Illuminate\\Pipeline\\Pipeline->Illuminate\\Pipeline\\{closure}(Object(Illuminate\\Http\\Request))
#52 C:\\xampp\\htdocs\\laravel-dev-assessment\\vendor\\laravel\\framework\\src\\Illuminate\\Pipeline\\Pipeline.php(183): Illuminate\\Cookie\\Middleware\\AddQueuedCookiesToResponse->handle(Object(Illuminate\\Http\\Request), Object(Closure))
#53 C:\\xampp\\htdocs\\laravel-dev-assessment\\vendor\\laravel\\framework\\src\\Illuminate\\Cookie\\Middleware\\EncryptCookies.php(75): Illuminate\\Pipeline\\Pipeline->Illuminate\\Pipeline\\{closure}(Object(Illuminate\\Http\\Request))
#54 C:\\xampp\\htdocs\\laravel-dev-assessment\\vendor\\laravel\\framework\\src\\Illuminate\\Pipeline\\Pipeline.php(183): Illuminate\\Cookie\\Middleware\\EncryptCookies->handle(Object(Illuminate\\Http\\Request), Object(Closure))
#55 C:\\xampp\\htdocs\\laravel-dev-assessment\\vendor\\laravel\\framework\\src\\Illuminate\\Pipeline\\Pipeline.php(119): Illuminate\\Pipeline\\Pipeline->Illuminate\\Pipeline\\{closure}(Object(Illuminate\\Http\\Request))
#56 C:\\xampp\\htdocs\\laravel-dev-assessment\\vendor\\laravel\\framework\\src\\Illuminate\\Routing\\Router.php(807): Illuminate\\Pipeline\\Pipeline->then(Object(Closure))
#57 C:\\xampp\\htdocs\\laravel-dev-assessment\\vendor\\laravel\\framework\\src\\Illuminate\\Routing\\Router.php(786): Illuminate\\Routing\\Router->runRouteWithinStack(Object(Illuminate\\Routing\\Route), Object(Illuminate\\Http\\Request))
#58 C:\\xampp\\htdocs\\laravel-dev-assessment\\vendor\\laravel\\framework\\src\\Illuminate\\Routing\\Router.php(750): Illuminate\\Routing\\Router->runRoute(Object(Illuminate\\Http\\Request), Object(Illuminate\\Routing\\Route))
#59 C:\\xampp\\htdocs\\laravel-dev-assessment\\vendor\\laravel\\framework\\src\\Illuminate\\Routing\\Router.php(739): Illuminate\\Routing\\Router->dispatchToRoute(Object(Illuminate\\Http\\Request))
#60 C:\\xampp\\htdocs\\laravel-dev-assessment\\vendor\\laravel\\framework\\src\\Illuminate\\Foundation\\Http\\Kernel.php(201): Illuminate\\Routing\\Router->dispatch(Object(Illuminate\\Http\\Request))
#61 C:\\xampp\\htdocs\\laravel-dev-assessment\\vendor\\laravel\\framework\\src\\Illuminate\\Pipeline\\Pipeline.php(144): Illuminate\\Foundation\\Http\\Kernel->Illuminate\\Foundation\\Http\\{closure}(Object(Illuminate\\Http\\Request))
#62 C:\\xampp\\htdocs\\laravel-dev-assessment\\vendor\\livewire\\livewire\\src\\Features\\SupportDisablingBackButtonCache\\DisableBackButtonCacheMiddleware.php(19): Illuminate\\Pipeline\\Pipeline->Illuminate\\Pipeline\\{closure}(Object(Illuminate\\Http\\Request))
#63 C:\\xampp\\htdocs\\laravel-dev-assessment\\vendor\\laravel\\framework\\src\\Illuminate\\Pipeline\\Pipeline.php(183): Livewire\\Features\\SupportDisablingBackButtonCache\\DisableBackButtonCacheMiddleware->handle(Object(Illuminate\\Http\\Request), Object(Closure))
#64 C:\\xampp\\htdocs\\laravel-dev-assessment\\vendor\\barryvdh\\laravel-debugbar\\src\\Middleware\\InjectDebugbar.php(66): Illuminate\\Pipeline\\Pipeline->Illuminate\\Pipeline\\{closure}(Object(Illuminate\\Http\\Request))
#65 C:\\xampp\\htdocs\\laravel-dev-assessment\\vendor\\laravel\\framework\\src\\Illuminate\\Pipeline\\Pipeline.php(183): Barryvdh\\Debugbar\\Middleware\\InjectDebugbar->handle(Object(Illuminate\\Http\\Request), Object(Closure))
#66 C:\\xampp\\htdocs\\laravel-dev-assessment\\vendor\\laravel\\framework\\src\\Illuminate\\Foundation\\Http\\Middleware\\TransformsRequest.php(21): Illuminate\\Pipeline\\Pipeline->Illuminate\\Pipeline\\{closure}(Object(Illuminate\\Http\\Request))
#67 C:\\xampp\\htdocs\\laravel-dev-assessment\\vendor\\laravel\\framework\\src\\Illuminate\\Foundation\\Http\\Middleware\\ConvertEmptyStringsToNull.php(31): Illuminate\\Foundation\\Http\\Middleware\\TransformsRequest->handle(Object(Illuminate\\Http\\Request), Object(Closure))
#68 C:\\xampp\\htdocs\\laravel-dev-assessment\\vendor\\laravel\\framework\\src\\Illuminate\\Pipeline\\Pipeline.php(183): Illuminate\\Foundation\\Http\\Middleware\\ConvertEmptyStringsToNull->handle(Object(Illuminate\\Http\\Request), Object(Closure))
#69 C:\\xampp\\htdocs\\laravel-dev-assessment\\vendor\\laravel\\framework\\src\\Illuminate\\Foundation\\Http\\Middleware\\TransformsRequest.php(21): Illuminate\\Pipeline\\Pipeline->Illuminate\\Pipeline\\{closure}(Object(Illuminate\\Http\\Request))
#70 C:\\xampp\\htdocs\\laravel-dev-assessment\\vendor\\laravel\\framework\\src\\Illuminate\\Foundation\\Http\\Middleware\\TrimStrings.php(51): Illuminate\\Foundation\\Http\\Middleware\\TransformsRequest->handle(Object(Illuminate\\Http\\Request), Object(Closure))
#71 C:\\xampp\\htdocs\\laravel-dev-assessment\\vendor\\laravel\\framework\\src\\Illuminate\\Pipeline\\Pipeline.php(183): Illuminate\\Foundation\\Http\\Middleware\\TrimStrings->handle(Object(Illuminate\\Http\\Request), Object(Closure))
#72 C:\\xampp\\htdocs\\laravel-dev-assessment\\vendor\\laravel\\framework\\src\\Illuminate\\Http\\Middleware\\ValidatePostSize.php(27): Illuminate\\Pipeline\\Pipeline->Illuminate\\Pipeline\\{closure}(Object(Illuminate\\Http\\Request))
#73 C:\\xampp\\htdocs\\laravel-dev-assessment\\vendor\\laravel\\framework\\src\\Illuminate\\Pipeline\\Pipeline.php(183): Illuminate\\Http\\Middleware\\ValidatePostSize->handle(Object(Illuminate\\Http\\Request), Object(Closure))
#74 C:\\xampp\\htdocs\\laravel-dev-assessment\\vendor\\laravel\\framework\\src\\Illuminate\\Foundation\\Http\\Middleware\\PreventRequestsDuringMaintenance.php(110): Illuminate\\Pipeline\\Pipeline->Illuminate\\Pipeline\\{closure}(Object(Illuminate\\Http\\Request))
#75 C:\\xampp\\htdocs\\laravel-dev-assessment\\vendor\\laravel\\framework\\src\\Illuminate\\Pipeline\\Pipeline.php(183): Illuminate\\Foundation\\Http\\Middleware\\PreventRequestsDuringMaintenance->handle(Object(Illuminate\\Http\\Request), Object(Closure))
#76 C:\\xampp\\htdocs\\laravel-dev-assessment\\vendor\\laravel\\framework\\src\\Illuminate\\Http\\Middleware\\HandleCors.php(49): Illuminate\\Pipeline\\Pipeline->Illuminate\\Pipeline\\{closure}(Object(Illuminate\\Http\\Request))
#77 C:\\xampp\\htdocs\\laravel-dev-assessment\\vendor\\laravel\\framework\\src\\Illuminate\\Pipeline\\Pipeline.php(183): Illuminate\\Http\\Middleware\\HandleCors->handle(Object(Illuminate\\Http\\Request), Object(Closure))
#78 C:\\xampp\\htdocs\\laravel-dev-assessment\\vendor\\laravel\\framework\\src\\Illuminate\\Http\\Middleware\\TrustProxies.php(58): Illuminate\\Pipeline\\Pipeline->Illuminate\\Pipeline\\{closure}(Object(Illuminate\\Http\\Request))
#79 C:\\xampp\\htdocs\\laravel-dev-assessment\\vendor\\laravel\\framework\\src\\Illuminate\\Pipeline\\Pipeline.php(183): Illuminate\\Http\\Middleware\\TrustProxies->handle(Object(Illuminate\\Http\\Request), Object(Closure))
#80 C:\\xampp\\htdocs\\laravel-dev-assessment\\vendor\\laravel\\framework\\src\\Illuminate\\Foundation\\Http\\Middleware\\InvokeDeferredCallbacks.php(22): Illuminate\\Pipeline\\Pipeline->Illuminate\\Pipeline\\{closure}(Object(Illuminate\\Http\\Request))
#81 C:\\xampp\\htdocs\\laravel-dev-assessment\\vendor\\laravel\\framework\\src\\Illuminate\\Pipeline\\Pipeline.php(183): Illuminate\\Foundation\\Http\\Middleware\\InvokeDeferredCallbacks->handle(Object(Illuminate\\Http\\Request), Object(Closure))
#82 C:\\xampp\\htdocs\\laravel-dev-assessment\\vendor\\laravel\\framework\\src\\Illuminate\\Pipeline\\Pipeline.php(119): Illuminate\\Pipeline\\Pipeline->Illuminate\\Pipeline\\{closure}(Object(Illuminate\\Http\\Request))
#83 C:\\xampp\\htdocs\\laravel-dev-assessment\\vendor\\laravel\\framework\\src\\Illuminate\\Foundation\\Http\\Kernel.php(176): Illuminate\\Pipeline\\Pipeline->then(Object(Closure))
#84 C:\\xampp\\htdocs\\laravel-dev-assessment\\vendor\\laravel\\framework\\src\\Illuminate\\Foundation\\Http\\Kernel.php(145): Illuminate\\Foundation\\Http\\Kernel->sendRequestThroughRouter(Object(Illuminate\\Http\\Request))
#85 C:\\xampp\\htdocs\\laravel-dev-assessment\\vendor\\laravel\\framework\\src\\Illuminate\\Foundation\\Application.php(1190): Illuminate\\Foundation\\Http\\Kernel->handle(Object(Illuminate\\Http\\Request))
#86 C:\\xampp\\htdocs\\laravel-dev-assessment\\public\\index.php(17): Illuminate\\Foundation\\Application->handleRequest(Object(Illuminate\\Http\\Request))
#87 {main}
"} 
[2025-02-04 07:02:41] local.ERROR: SQLSTATE[42S02]: Base table or view not found: 1146 Table 'laravel-dev-assessment.skills' doesn't exist (Connection: mysql, SQL: select * from `skills`) {"userId":1,"exception":"[object] (Illuminate\\Database\\QueryException(code: 42S02): SQLSTATE[42S02]: Base table or view not found: 1146 Table 'laravel-dev-assessment.skills' doesn't exist (Connection: mysql, SQL: select * from `skills`) at C:\\xampp\\htdocs\\laravel-dev-assessment\\vendor\\laravel\\framework\\src\\Illuminate\\Database\\Connection.php:825)
[stacktrace]
#0 C:\\xampp\\htdocs\\laravel-dev-assessment\\vendor\\laravel\\framework\\src\\Illuminate\\Database\\Connection.php(779): Illuminate\\Database\\Connection->runQueryCallback('select * from `...', Array, Object(Closure))
#1 C:\\xampp\\htdocs\\laravel-dev-assessment\\vendor\\laravel\\framework\\src\\Illuminate\\Database\\Connection.php(398): Illuminate\\Database\\Connection->run('select * from `...', Array, Object(Closure))
#2 C:\\xampp\\htdocs\\laravel-dev-assessment\\vendor\\laravel\\framework\\src\\Illuminate\\Database\\Query\\Builder.php(3133): Illuminate\\Database\\Connection->select('select * from `...', Array, true)
#3 C:\\xampp\\htdocs\\laravel-dev-assessment\\vendor\\laravel\\framework\\src\\Illuminate\\Database\\Query\\Builder.php(3118): Illuminate\\Database\\Query\\Builder->runSelect()
#4 C:\\xampp\\htdocs\\laravel-dev-assessment\\vendor\\laravel\\framework\\src\\Illuminate\\Database\\Query\\Builder.php(3706): Illuminate\\Database\\Query\\Builder->Illuminate\\Database\\Query\\{closure}()
#5 C:\\xampp\\htdocs\\laravel-dev-assessment\\vendor\\laravel\\framework\\src\\Illuminate\\Database\\Query\\Builder.php(3117): Illuminate\\Database\\Query\\Builder->onceWithColumns(Array, Object(Closure))
#6 C:\\xampp\\htdocs\\laravel-dev-assessment\\vendor\\laravel\\framework\\src\\Illuminate\\Database\\Eloquent\\Builder.php(760): Illuminate\\Database\\Query\\Builder->get(Array)
#7 C:\\xampp\\htdocs\\laravel-dev-assessment\\vendor\\laravel\\framework\\src\\Illuminate\\Database\\Eloquent\\Builder.php(742): Illuminate\\Database\\Eloquent\\Builder->getModels(Array)
#8 C:\\xampp\\htdocs\\laravel-dev-assessment\\vendor\\laravel\\framework\\src\\Illuminate\\Database\\Eloquent\\Model.php(693): Illuminate\\Database\\Eloquent\\Builder->get(Array)
#9 C:\\xampp\\htdocs\\laravel-dev-assessment\\app\\Livewire\\Pages\\Skills\\Index.php(31): Illuminate\\Database\\Eloquent\\Model::all()
#10 C:\\xampp\\htdocs\\laravel-dev-assessment\\app\\Livewire\\Pages\\Skills\\Index.php(26): App\\Livewire\\Pages\\Skills\\Index->loadSkills()
#11 C:\\xampp\\htdocs\\laravel-dev-assessment\\vendor\\laravel\\framework\\src\\Illuminate\\Container\\BoundMethod.php(36): App\\Livewire\\Pages\\Skills\\Index->mount()
#12 C:\\xampp\\htdocs\\laravel-dev-assessment\\vendor\\laravel\\framework\\src\\Illuminate\\Container\\Util.php(43): Illuminate\\Container\\BoundMethod::Illuminate\\Container\\{closure}()
#13 C:\\xampp\\htdocs\\laravel-dev-assessment\\vendor\\laravel\\framework\\src\\Illuminate\\Container\\BoundMethod.php(95): Illuminate\\Container\\Util::unwrapIfClosure(Object(Closure))
#14 C:\\xampp\\htdocs\\laravel-dev-assessment\\vendor\\laravel\\framework\\src\\Illuminate\\Container\\BoundMethod.php(35): Illuminate\\Container\\BoundMethod::callBoundMethod(Object(Illuminate\\Foundation\\Application), Array, Object(Closure))
#15 C:\\xampp\\htdocs\\laravel-dev-assessment\\vendor\\livewire\\livewire\\src\\Wrapped.php(23): Illuminate\\Container\\BoundMethod::call(Object(Illuminate\\Foundation\\Application), Array, Array)
#16 C:\\xampp\\htdocs\\laravel-dev-assessment\\vendor\\livewire\\livewire\\src\\Features\\SupportLifecycleHooks\\SupportLifecycleHooks.php(134): Livewire\\Wrapped->__call('mount', Array)
#17 C:\\xampp\\htdocs\\laravel-dev-assessment\\vendor\\livewire\\livewire\\src\\Features\\SupportLifecycleHooks\\SupportLifecycleHooks.php(20): Livewire\\Features\\SupportLifecycleHooks\\SupportLifecycleHooks->callHook('mount', Array)
#18 C:\\xampp\\htdocs\\laravel-dev-assessment\\vendor\\livewire\\livewire\\src\\ComponentHook.php(19): Livewire\\Features\\SupportLifecycleHooks\\SupportLifecycleHooks->mount(Array, false)
#19 C:\\xampp\\htdocs\\laravel-dev-assessment\\vendor\\livewire\\livewire\\src\\ComponentHookRegistry.php(45): Livewire\\ComponentHook->callMount(Array, false)
#20 C:\\xampp\\htdocs\\laravel-dev-assessment\\vendor\\livewire\\livewire\\src\\EventBus.php(60): Livewire\\ComponentHookRegistry::Livewire\\{closure}(Object(App\\Livewire\\Pages\\Skills\\Index), Array, NULL, false)
#21 C:\\xampp\\htdocs\\laravel-dev-assessment\\vendor\\livewire\\livewire\\src\\helpers.php(98): Livewire\\EventBus->trigger('mount', Object(App\\Livewire\\Pages\\Skills\\Index), Array, NULL, false)
#22 C:\\xampp\\htdocs\\laravel-dev-assessment\\vendor\\livewire\\livewire\\src\\Mechanisms\\HandleComponents\\HandleComponents.php(50): Livewire\\trigger('mount', Object(App\\Livewire\\Pages\\Skills\\Index), Array, NULL, false)
#23 C:\\xampp\\htdocs\\laravel-dev-assessment\\vendor\\livewire\\livewire\\src\\LivewireManager.php(73): Livewire\\Mechanisms\\HandleComponents\\HandleComponents->mount('App\\\\Livewire\\\\Pa...', Array, NULL)
#24 C:\\xampp\\htdocs\\laravel-dev-assessment\\vendor\\livewire\\livewire\\src\\Features\\SupportPageComponents\\HandlesPageComponents.php(17): Livewire\\LivewireManager->mount('App\\\\Livewire\\\\Pa...', Array)
#25 C:\\xampp\\htdocs\\laravel-dev-assessment\\vendor\\livewire\\livewire\\src\\Features\\SupportPageComponents\\SupportPageComponents.php(117): Livewire\\Component->Livewire\\Features\\SupportPageComponents\\{closure}()
#26 C:\\xampp\\htdocs\\laravel-dev-assessment\\vendor\\livewire\\livewire\\src\\Features\\SupportPageComponents\\HandlesPageComponents.php(14): Livewire\\Features\\SupportPageComponents\\SupportPageComponents::interceptTheRenderOfTheComponentAndRetreiveTheLayoutConfiguration(Object(Closure))
#27 C:\\xampp\\htdocs\\laravel-dev-assessment\\vendor\\laravel\\framework\\src\\Illuminate\\Routing\\ControllerDispatcher.php(47): Livewire\\Component->__invoke()
#28 C:\\xampp\\htdocs\\laravel-dev-assessment\\vendor\\laravel\\framework\\src\\Illuminate\\Routing\\Route.php(266): Illuminate\\Routing\\ControllerDispatcher->dispatch(Object(Illuminate\\Routing\\Route), Object(App\\Livewire\\Pages\\Skills\\Index), '__invoke')
#29 C:\\xampp\\htdocs\\laravel-dev-assessment\\vendor\\laravel\\framework\\src\\Illuminate\\Routing\\Route.php(212): Illuminate\\Routing\\Route->runController()
#30 C:\\xampp\\htdocs\\laravel-dev-assessment\\vendor\\laravel\\framework\\src\\Illuminate\\Routing\\Router.php(808): Illuminate\\Routing\\Route->run()
#31 C:\\xampp\\htdocs\\laravel-dev-assessment\\vendor\\laravel\\framework\\src\\Illuminate\\Pipeline\\Pipeline.php(144): Illuminate\\Routing\\Router->Illuminate\\Routing\\{closure}(Object(Illuminate\\Http\\Request))
#32 C:\\xampp\\htdocs\\laravel-dev-assessment\\vendor\\spatie\\laravel-permission\\src\\Middleware\\RoleMiddleware.php(39): Illuminate\\Pipeline\\Pipeline->Illuminate\\Pipeline\\{closure}(Object(Illuminate\\Http\\Request))
#33 C:\\xampp\\htdocs\\laravel-dev-assessment\\vendor\\laravel\\framework\\src\\Illuminate\\Pipeline\\Pipeline.php(183): Spatie\\Permission\\Middleware\\RoleMiddleware->handle(Object(Illuminate\\Http\\Request), Object(Closure), 'admin')
#34 C:\\xampp\\htdocs\\laravel-dev-assessment\\vendor\\laravel\\framework\\src\\Illuminate\\Http\\Middleware\\AddLinkHeadersForPreloadedAssets.php(20): Illuminate\\Pipeline\\Pipeline->Illuminate\\Pipeline\\{closure}(Object(Illuminate\\Http\\Request))
#35 C:\\xampp\\htdocs\\laravel-dev-assessment\\vendor\\laravel\\framework\\src\\Illuminate\\Pipeline\\Pipeline.php(183): Illuminate\\Http\\Middleware\\AddLinkHeadersForPreloadedAssets->handle(Object(Illuminate\\Http\\Request), Object(Closure))
#36 C:\\xampp\\htdocs\\laravel-dev-assessment\\vendor\\inertiajs\\inertia-laravel\\src\\Middleware.php(86): Illuminate\\Pipeline\\Pipeline->Illuminate\\Pipeline\\{closure}(Object(Illuminate\\Http\\Request))
#37 C:\\xampp\\htdocs\\laravel-dev-assessment\\vendor\\laravel\\framework\\src\\Illuminate\\Pipeline\\Pipeline.php(183): Inertia\\Middleware->handle(Object(Illuminate\\Http\\Request), Object(Closure))
#38 C:\\xampp\\htdocs\\laravel-dev-assessment\\vendor\\laravel\\framework\\src\\Illuminate\\Routing\\Middleware\\SubstituteBindings.php(51): Illuminate\\Pipeline\\Pipeline->Illuminate\\Pipeline\\{closure}(Object(Illuminate\\Http\\Request))
#39 C:\\xampp\\htdocs\\laravel-dev-assessment\\vendor\\laravel\\framework\\src\\Illuminate\\Pipeline\\Pipeline.php(183): Illuminate\\Routing\\Middleware\\SubstituteBindings->handle(Object(Illuminate\\Http\\Request), Object(Closure))
#40 C:\\xampp\\htdocs\\laravel-dev-assessment\\vendor\\laravel\\framework\\src\\Illuminate\\Auth\\Middleware\\Authenticate.php(64): Illuminate\\Pipeline\\Pipeline->Illuminate\\Pipeline\\{closure}(Object(Illuminate\\Http\\Request))
#41 C:\\xampp\\htdocs\\laravel-dev-assessment\\vendor\\laravel\\framework\\src\\Illuminate\\Pipeline\\Pipeline.php(183): Illuminate\\Auth\\Middleware\\Authenticate->handle(Object(Illuminate\\Http\\Request), Object(Closure))
#42 C:\\xampp\\htdocs\\laravel-dev-assessment\\vendor\\laravel\\framework\\src\\Illuminate\\Foundation\\Http\\Middleware\\VerifyCsrfToken.php(88): Illuminate\\Pipeline\\Pipeline->Illuminate\\Pipeline\\{closure}(Object(Illuminate\\Http\\Request))
#43 C:\\xampp\\htdocs\\laravel-dev-assessment\\vendor\\laravel\\framework\\src\\Illuminate\\Pipeline\\Pipeline.php(183): Illuminate\\Foundation\\Http\\Middleware\\VerifyCsrfToken->handle(Object(Illuminate\\Http\\Request), Object(Closure))
#44 C:\\xampp\\htdocs\\laravel-dev-assessment\\vendor\\laravel\\framework\\src\\Illuminate\\View\\Middleware\\ShareErrorsFromSession.php(49): Illuminate\\Pipeline\\Pipeline->Illuminate\\Pipeline\\{closure}(Object(Illuminate\\Http\\Request))
#45 C:\\xampp\\htdocs\\laravel-dev-assessment\\vendor\\laravel\\framework\\src\\Illuminate\\Pipeline\\Pipeline.php(183): Illuminate\\View\\Middleware\\ShareErrorsFromSession->handle(Object(Illuminate\\Http\\Request), Object(Closure))
#46 C:\\xampp\\htdocs\\laravel-dev-assessment\\vendor\\laravel\\framework\\src\\Illuminate\\Session\\Middleware\\StartSession.php(121): Illuminate\\Pipeline\\Pipeline->Illuminate\\Pipeline\\{closure}(Object(Illuminate\\Http\\Request))
#47 C:\\xampp\\htdocs\\laravel-dev-assessment\\vendor\\laravel\\framework\\src\\Illuminate\\Session\\Middleware\\StartSession.php(64): Illuminate\\Session\\Middleware\\StartSession->handleStatefulRequest(Object(Illuminate\\Http\\Request), Object(Illuminate\\Session\\Store), Object(Closure))
#48 C:\\xampp\\htdocs\\laravel-dev-assessment\\vendor\\laravel\\framework\\src\\Illuminate\\Pipeline\\Pipeline.php(183): Illuminate\\Session\\Middleware\\StartSession->handle(Object(Illuminate\\Http\\Request), Object(Closure))
#49 C:\\xampp\\htdocs\\laravel-dev-assessment\\vendor\\laravel\\framework\\src\\Illuminate\\Cookie\\Middleware\\AddQueuedCookiesToResponse.php(37): Illuminate\\Pipeline\\Pipeline->Illuminate\\Pipeline\\{closure}(Object(Illuminate\\Http\\Request))
#50 C:\\xampp\\htdocs\\laravel-dev-assessment\\vendor\\laravel\\framework\\src\\Illuminate\\Pipeline\\Pipeline.php(183): Illuminate\\Cookie\\Middleware\\AddQueuedCookiesToResponse->handle(Object(Illuminate\\Http\\Request), Object(Closure))
#51 C:\\xampp\\htdocs\\laravel-dev-assessment\\vendor\\laravel\\framework\\src\\Illuminate\\Cookie\\Middleware\\EncryptCookies.php(75): Illuminate\\Pipeline\\Pipeline->Illuminate\\Pipeline\\{closure}(Object(Illuminate\\Http\\Request))
#52 C:\\xampp\\htdocs\\laravel-dev-assessment\\vendor\\laravel\\framework\\src\\Illuminate\\Pipeline\\Pipeline.php(183): Illuminate\\Cookie\\Middleware\\EncryptCookies->handle(Object(Illuminate\\Http\\Request), Object(Closure))
#53 C:\\xampp\\htdocs\\laravel-dev-assessment\\vendor\\laravel\\framework\\src\\Illuminate\\Pipeline\\Pipeline.php(119): Illuminate\\Pipeline\\Pipeline->Illuminate\\Pipeline\\{closure}(Object(Illuminate\\Http\\Request))
#54 C:\\xampp\\htdocs\\laravel-dev-assessment\\vendor\\laravel\\framework\\src\\Illuminate\\Routing\\Router.php(807): Illuminate\\Pipeline\\Pipeline->then(Object(Closure))
#55 C:\\xampp\\htdocs\\laravel-dev-assessment\\vendor\\laravel\\framework\\src\\Illuminate\\Routing\\Router.php(786): Illuminate\\Routing\\Router->runRouteWithinStack(Object(Illuminate\\Routing\\Route), Object(Illuminate\\Http\\Request))
#56 C:\\xampp\\htdocs\\laravel-dev-assessment\\vendor\\laravel\\framework\\src\\Illuminate\\Routing\\Router.php(750): Illuminate\\Routing\\Router->runRoute(Object(Illuminate\\Http\\Request), Object(Illuminate\\Routing\\Route))
#57 C:\\xampp\\htdocs\\laravel-dev-assessment\\vendor\\laravel\\framework\\src\\Illuminate\\Routing\\Router.php(739): Illuminate\\Routing\\Router->dispatchToRoute(Object(Illuminate\\Http\\Request))
#58 C:\\xampp\\htdocs\\laravel-dev-assessment\\vendor\\laravel\\framework\\src\\Illuminate\\Foundation\\Http\\Kernel.php(201): Illuminate\\Routing\\Router->dispatch(Object(Illuminate\\Http\\Request))
#59 C:\\xampp\\htdocs\\laravel-dev-assessment\\vendor\\laravel\\framework\\src\\Illuminate\\Pipeline\\Pipeline.php(144): Illuminate\\Foundation\\Http\\Kernel->Illuminate\\Foundation\\Http\\{closure}(Object(Illuminate\\Http\\Request))
#60 C:\\xampp\\htdocs\\laravel-dev-assessment\\vendor\\livewire\\livewire\\src\\Features\\SupportDisablingBackButtonCache\\DisableBackButtonCacheMiddleware.php(19): Illuminate\\Pipeline\\Pipeline->Illuminate\\Pipeline\\{closure}(Object(Illuminate\\Http\\Request))
#61 C:\\xampp\\htdocs\\laravel-dev-assessment\\vendor\\laravel\\framework\\src\\Illuminate\\Pipeline\\Pipeline.php(183): Livewire\\Features\\SupportDisablingBackButtonCache\\DisableBackButtonCacheMiddleware->handle(Object(Illuminate\\Http\\Request), Object(Closure))
#62 C:\\xampp\\htdocs\\laravel-dev-assessment\\vendor\\barryvdh\\laravel-debugbar\\src\\Middleware\\InjectDebugbar.php(66): Illuminate\\Pipeline\\Pipeline->Illuminate\\Pipeline\\{closure}(Object(Illuminate\\Http\\Request))
#63 C:\\xampp\\htdocs\\laravel-dev-assessment\\vendor\\laravel\\framework\\src\\Illuminate\\Pipeline\\Pipeline.php(183): Barryvdh\\Debugbar\\Middleware\\InjectDebugbar->handle(Object(Illuminate\\Http\\Request), Object(Closure))
#64 C:\\xampp\\htdocs\\laravel-dev-assessment\\vendor\\laravel\\framework\\src\\Illuminate\\Foundation\\Http\\Middleware\\TransformsRequest.php(21): Illuminate\\Pipeline\\Pipeline->Illuminate\\Pipeline\\{closure}(Object(Illuminate\\Http\\Request))
#65 C:\\xampp\\htdocs\\laravel-dev-assessment\\vendor\\laravel\\framework\\src\\Illuminate\\Foundation\\Http\\Middleware\\ConvertEmptyStringsToNull.php(31): Illuminate\\Foundation\\Http\\Middleware\\TransformsRequest->handle(Object(Illuminate\\Http\\Request), Object(Closure))
#66 C:\\xampp\\htdocs\\laravel-dev-assessment\\vendor\\laravel\\framework\\src\\Illuminate\\Pipeline\\Pipeline.php(183): Illuminate\\Foundation\\Http\\Middleware\\ConvertEmptyStringsToNull->handle(Object(Illuminate\\Http\\Request), Object(Closure))
#67 C:\\xampp\\htdocs\\laravel-dev-assessment\\vendor\\laravel\\framework\\src\\Illuminate\\Foundation\\Http\\Middleware\\TransformsRequest.php(21): Illuminate\\Pipeline\\Pipeline->Illuminate\\Pipeline\\{closure}(Object(Illuminate\\Http\\Request))
#68 C:\\xampp\\htdocs\\laravel-dev-assessment\\vendor\\laravel\\framework\\src\\Illuminate\\Foundation\\Http\\Middleware\\TrimStrings.php(51): Illuminate\\Foundation\\Http\\Middleware\\TransformsRequest->handle(Object(Illuminate\\Http\\Request), Object(Closure))
#69 C:\\xampp\\htdocs\\laravel-dev-assessment\\vendor\\laravel\\framework\\src\\Illuminate\\Pipeline\\Pipeline.php(183): Illuminate\\Foundation\\Http\\Middleware\\TrimStrings->handle(Object(Illuminate\\Http\\Request), Object(Closure))
#70 C:\\xampp\\htdocs\\laravel-dev-assessment\\vendor\\laravel\\framework\\src\\Illuminate\\Http\\Middleware\\ValidatePostSize.php(27): Illuminate\\Pipeline\\Pipeline->Illuminate\\Pipeline\\{closure}(Object(Illuminate\\Http\\Request))
#71 C:\\xampp\\htdocs\\laravel-dev-assessment\\vendor\\laravel\\framework\\src\\Illuminate\\Pipeline\\Pipeline.php(183): Illuminate\\Http\\Middleware\\ValidatePostSize->handle(Object(Illuminate\\Http\\Request), Object(Closure))
#72 C:\\xampp\\htdocs\\laravel-dev-assessment\\vendor\\laravel\\framework\\src\\Illuminate\\Foundation\\Http\\Middleware\\PreventRequestsDuringMaintenance.php(110): Illuminate\\Pipeline\\Pipeline->Illuminate\\Pipeline\\{closure}(Object(Illuminate\\Http\\Request))
#73 C:\\xampp\\htdocs\\laravel-dev-assessment\\vendor\\laravel\\framework\\src\\Illuminate\\Pipeline\\Pipeline.php(183): Illuminate\\Foundation\\Http\\Middleware\\PreventRequestsDuringMaintenance->handle(Object(Illuminate\\Http\\Request), Object(Closure))
#74 C:\\xampp\\htdocs\\laravel-dev-assessment\\vendor\\laravel\\framework\\src\\Illuminate\\Http\\Middleware\\HandleCors.php(49): Illuminate\\Pipeline\\Pipeline->Illuminate\\Pipeline\\{closure}(Object(Illuminate\\Http\\Request))
#75 C:\\xampp\\htdocs\\laravel-dev-assessment\\vendor\\laravel\\framework\\src\\Illuminate\\Pipeline\\Pipeline.php(183): Illuminate\\Http\\Middleware\\HandleCors->handle(Object(Illuminate\\Http\\Request), Object(Closure))
#76 C:\\xampp\\htdocs\\laravel-dev-assessment\\vendor\\laravel\\framework\\src\\Illuminate\\Http\\Middleware\\TrustProxies.php(58): Illuminate\\Pipeline\\Pipeline->Illuminate\\Pipeline\\{closure}(Object(Illuminate\\Http\\Request))
#77 C:\\xampp\\htdocs\\laravel-dev-assessment\\vendor\\laravel\\framework\\src\\Illuminate\\Pipeline\\Pipeline.php(183): Illuminate\\Http\\Middleware\\TrustProxies->handle(Object(Illuminate\\Http\\Request), Object(Closure))
#78 C:\\xampp\\htdocs\\laravel-dev-assessment\\vendor\\laravel\\framework\\src\\Illuminate\\Foundation\\Http\\Middleware\\InvokeDeferredCallbacks.php(22): Illuminate\\Pipeline\\Pipeline->Illuminate\\Pipeline\\{closure}(Object(Illuminate\\Http\\Request))
#79 C:\\xampp\\htdocs\\laravel-dev-assessment\\vendor\\laravel\\framework\\src\\Illuminate\\Pipeline\\Pipeline.php(183): Illuminate\\Foundation\\Http\\Middleware\\InvokeDeferredCallbacks->handle(Object(Illuminate\\Http\\Request), Object(Closure))
#80 C:\\xampp\\htdocs\\laravel-dev-assessment\\vendor\\laravel\\framework\\src\\Illuminate\\Pipeline\\Pipeline.php(119): Illuminate\\Pipeline\\Pipeline->Illuminate\\Pipeline\\{closure}(Object(Illuminate\\Http\\Request))
#81 C:\\xampp\\htdocs\\laravel-dev-assessment\\vendor\\laravel\\framework\\src\\Illuminate\\Foundation\\Http\\Kernel.php(176): Illuminate\\Pipeline\\Pipeline->then(Object(Closure))
#82 C:\\xampp\\htdocs\\laravel-dev-assessment\\vendor\\laravel\\framework\\src\\Illuminate\\Foundation\\Http\\Kernel.php(145): Illuminate\\Foundation\\Http\\Kernel->sendRequestThroughRouter(Object(Illuminate\\Http\\Request))
#83 C:\\xampp\\htdocs\\laravel-dev-assessment\\vendor\\laravel\\framework\\src\\Illuminate\\Foundation\\Application.php(1190): Illuminate\\Foundation\\Http\\Kernel->handle(Object(Illuminate\\Http\\Request))
#84 C:\\xampp\\htdocs\\laravel-dev-assessment\\public\\index.php(17): Illuminate\\Foundation\\Application->handleRequest(Object(Illuminate\\Http\\Request))
#85 {main}

[previous exception] [object] (PDOException(code: 42S02): SQLSTATE[42S02]: Base table or view not found: 1146 Table 'laravel-dev-assessment.skills' doesn't exist at C:\\xampp\\htdocs\\laravel-dev-assessment\\vendor\\laravel\\framework\\src\\Illuminate\\Database\\Connection.php:407)
[stacktrace]
#0 C:\\xampp\\htdocs\\laravel-dev-assessment\\vendor\\laravel\\framework\\src\\Illuminate\\Database\\Connection.php(407): PDO->prepare('select * from `...')
#1 C:\\xampp\\htdocs\\laravel-dev-assessment\\vendor\\laravel\\framework\\src\\Illuminate\\Database\\Connection.php(812): Illuminate\\Database\\Connection->Illuminate\\Database\\{closure}('select * from `...', Array)
#2 C:\\xampp\\htdocs\\laravel-dev-assessment\\vendor\\laravel\\framework\\src\\Illuminate\\Database\\Connection.php(779): Illuminate\\Database\\Connection->runQueryCallback('select * from `...', Array, Object(Closure))
#3 C:\\xampp\\htdocs\\laravel-dev-assessment\\vendor\\laravel\\framework\\src\\Illuminate\\Database\\Connection.php(398): Illuminate\\Database\\Connection->run('select * from `...', Array, Object(Closure))
#4 C:\\xampp\\htdocs\\laravel-dev-assessment\\vendor\\laravel\\framework\\src\\Illuminate\\Database\\Query\\Builder.php(3133): Illuminate\\Database\\Connection->select('select * from `...', Array, true)
#5 C:\\xampp\\htdocs\\laravel-dev-assessment\\vendor\\laravel\\framework\\src\\Illuminate\\Database\\Query\\Builder.php(3118): Illuminate\\Database\\Query\\Builder->runSelect()
#6 C:\\xampp\\htdocs\\laravel-dev-assessment\\vendor\\laravel\\framework\\src\\Illuminate\\Database\\Query\\Builder.php(3706): Illuminate\\Database\\Query\\Builder->Illuminate\\Database\\Query\\{closure}()
#7 C:\\xampp\\htdocs\\laravel-dev-assessment\\vendor\\laravel\\framework\\src\\Illuminate\\Database\\Query\\Builder.php(3117): Illuminate\\Database\\Query\\Builder->onceWithColumns(Array, Object(Closure))
#8 C:\\xampp\\htdocs\\laravel-dev-assessment\\vendor\\laravel\\framework\\src\\Illuminate\\Database\\Eloquent\\Builder.php(760): Illuminate\\Database\\Query\\Builder->get(Array)
#9 C:\\xampp\\htdocs\\laravel-dev-assessment\\vendor\\laravel\\framework\\src\\Illuminate\\Database\\Eloquent\\Builder.php(742): Illuminate\\Database\\Eloquent\\Builder->getModels(Array)
#10 C:\\xampp\\htdocs\\laravel-dev-assessment\\vendor\\laravel\\framework\\src\\Illuminate\\Database\\Eloquent\\Model.php(693): Illuminate\\Database\\Eloquent\\Builder->get(Array)
#11 C:\\xampp\\htdocs\\laravel-dev-assessment\\app\\Livewire\\Pages\\Skills\\Index.php(31): Illuminate\\Database\\Eloquent\\Model::all()
#12 C:\\xampp\\htdocs\\laravel-dev-assessment\\app\\Livewire\\Pages\\Skills\\Index.php(26): App\\Livewire\\Pages\\Skills\\Index->loadSkills()
#13 C:\\xampp\\htdocs\\laravel-dev-assessment\\vendor\\laravel\\framework\\src\\Illuminate\\Container\\BoundMethod.php(36): App\\Livewire\\Pages\\Skills\\Index->mount()
#14 C:\\xampp\\htdocs\\laravel-dev-assessment\\vendor\\laravel\\framework\\src\\Illuminate\\Container\\Util.php(43): Illuminate\\Container\\BoundMethod::Illuminate\\Container\\{closure}()
#15 C:\\xampp\\htdocs\\laravel-dev-assessment\\vendor\\laravel\\framework\\src\\Illuminate\\Container\\BoundMethod.php(95): Illuminate\\Container\\Util::unwrapIfClosure(Object(Closure))
#16 C:\\xampp\\htdocs\\laravel-dev-assessment\\vendor\\laravel\\framework\\src\\Illuminate\\Container\\BoundMethod.php(35): Illuminate\\Container\\BoundMethod::callBoundMethod(Object(Illuminate\\Foundation\\Application), Array, Object(Closure))
#17 C:\\xampp\\htdocs\\laravel-dev-assessment\\vendor\\livewire\\livewire\\src\\Wrapped.php(23): Illuminate\\Container\\BoundMethod::call(Object(Illuminate\\Foundation\\Application), Array, Array)
#18 C:\\xampp\\htdocs\\laravel-dev-assessment\\vendor\\livewire\\livewire\\src\\Features\\SupportLifecycleHooks\\SupportLifecycleHooks.php(134): Livewire\\Wrapped->__call('mount', Array)
#19 C:\\xampp\\htdocs\\laravel-dev-assessment\\vendor\\livewire\\livewire\\src\\Features\\SupportLifecycleHooks\\SupportLifecycleHooks.php(20): Livewire\\Features\\SupportLifecycleHooks\\SupportLifecycleHooks->callHook('mount', Array)
#20 C:\\xampp\\htdocs\\laravel-dev-assessment\\vendor\\livewire\\livewire\\src\\ComponentHook.php(19): Livewire\\Features\\SupportLifecycleHooks\\SupportLifecycleHooks->mount(Array, false)
#21 C:\\xampp\\htdocs\\laravel-dev-assessment\\vendor\\livewire\\livewire\\src\\ComponentHookRegistry.php(45): Livewire\\ComponentHook->callMount(Array, false)
#22 C:\\xampp\\htdocs\\laravel-dev-assessment\\vendor\\livewire\\livewire\\src\\EventBus.php(60): Livewire\\ComponentHookRegistry::Livewire\\{closure}(Object(App\\Livewire\\Pages\\Skills\\Index), Array, NULL, false)
#23 C:\\xampp\\htdocs\\laravel-dev-assessment\\vendor\\livewire\\livewire\\src\\helpers.php(98): Livewire\\EventBus->trigger('mount', Object(App\\Livewire\\Pages\\Skills\\Index), Array, NULL, false)
#24 C:\\xampp\\htdocs\\laravel-dev-assessment\\vendor\\livewire\\livewire\\src\\Mechanisms\\HandleComponents\\HandleComponents.php(50): Livewire\\trigger('mount', Object(App\\Livewire\\Pages\\Skills\\Index), Array, NULL, false)
#25 C:\\xampp\\htdocs\\laravel-dev-assessment\\vendor\\livewire\\livewire\\src\\LivewireManager.php(73): Livewire\\Mechanisms\\HandleComponents\\HandleComponents->mount('App\\\\Livewire\\\\Pa...', Array, NULL)
#26 C:\\xampp\\htdocs\\laravel-dev-assessment\\vendor\\livewire\\livewire\\src\\Features\\SupportPageComponents\\HandlesPageComponents.php(17): Livewire\\LivewireManager->mount('App\\\\Livewire\\\\Pa...', Array)
#27 C:\\xampp\\htdocs\\laravel-dev-assessment\\vendor\\livewire\\livewire\\src\\Features\\SupportPageComponents\\SupportPageComponents.php(117): Livewire\\Component->Livewire\\Features\\SupportPageComponents\\{closure}()
#28 C:\\xampp\\htdocs\\laravel-dev-assessment\\vendor\\livewire\\livewire\\src\\Features\\SupportPageComponents\\HandlesPageComponents.php(14): Livewire\\Features\\SupportPageComponents\\SupportPageComponents::interceptTheRenderOfTheComponentAndRetreiveTheLayoutConfiguration(Object(Closure))
#29 C:\\xampp\\htdocs\\laravel-dev-assessment\\vendor\\laravel\\framework\\src\\Illuminate\\Routing\\ControllerDispatcher.php(47): Livewire\\Component->__invoke()
#30 C:\\xampp\\htdocs\\laravel-dev-assessment\\vendor\\laravel\\framework\\src\\Illuminate\\Routing\\Route.php(266): Illuminate\\Routing\\ControllerDispatcher->dispatch(Object(Illuminate\\Routing\\Route), Object(App\\Livewire\\Pages\\Skills\\Index), '__invoke')
#31 C:\\xampp\\htdocs\\laravel-dev-assessment\\vendor\\laravel\\framework\\src\\Illuminate\\Routing\\Route.php(212): Illuminate\\Routing\\Route->runController()
#32 C:\\xampp\\htdocs\\laravel-dev-assessment\\vendor\\laravel\\framework\\src\\Illuminate\\Routing\\Router.php(808): Illuminate\\Routing\\Route->run()
#33 C:\\xampp\\htdocs\\laravel-dev-assessment\\vendor\\laravel\\framework\\src\\Illuminate\\Pipeline\\Pipeline.php(144): Illuminate\\Routing\\Router->Illuminate\\Routing\\{closure}(Object(Illuminate\\Http\\Request))
#34 C:\\xampp\\htdocs\\laravel-dev-assessment\\vendor\\spatie\\laravel-permission\\src\\Middleware\\RoleMiddleware.php(39): Illuminate\\Pipeline\\Pipeline->Illuminate\\Pipeline\\{closure}(Object(Illuminate\\Http\\Request))
#35 C:\\xampp\\htdocs\\laravel-dev-assessment\\vendor\\laravel\\framework\\src\\Illuminate\\Pipeline\\Pipeline.php(183): Spatie\\Permission\\Middleware\\RoleMiddleware->handle(Object(Illuminate\\Http\\Request), Object(Closure), 'admin')
#36 C:\\xampp\\htdocs\\laravel-dev-assessment\\vendor\\laravel\\framework\\src\\Illuminate\\Http\\Middleware\\AddLinkHeadersForPreloadedAssets.php(20): Illuminate\\Pipeline\\Pipeline->Illuminate\\Pipeline\\{closure}(Object(Illuminate\\Http\\Request))
#37 C:\\xampp\\htdocs\\laravel-dev-assessment\\vendor\\laravel\\framework\\src\\Illuminate\\Pipeline\\Pipeline.php(183): Illuminate\\Http\\Middleware\\AddLinkHeadersForPreloadedAssets->handle(Object(Illuminate\\Http\\Request), Object(Closure))
#38 C:\\xampp\\htdocs\\laravel-dev-assessment\\vendor\\inertiajs\\inertia-laravel\\src\\Middleware.php(86): Illuminate\\Pipeline\\Pipeline->Illuminate\\Pipeline\\{closure}(Object(Illuminate\\Http\\Request))
#39 C:\\xampp\\htdocs\\laravel-dev-assessment\\vendor\\laravel\\framework\\src\\Illuminate\\Pipeline\\Pipeline.php(183): Inertia\\Middleware->handle(Object(Illuminate\\Http\\Request), Object(Closure))
#40 C:\\xampp\\htdocs\\laravel-dev-assessment\\vendor\\laravel\\framework\\src\\Illuminate\\Routing\\Middleware\\SubstituteBindings.php(51): Illuminate\\Pipeline\\Pipeline->Illuminate\\Pipeline\\{closure}(Object(Illuminate\\Http\\Request))
#41 C:\\xampp\\htdocs\\laravel-dev-assessment\\vendor\\laravel\\framework\\src\\Illuminate\\Pipeline\\Pipeline.php(183): Illuminate\\Routing\\Middleware\\SubstituteBindings->handle(Object(Illuminate\\Http\\Request), Object(Closure))
#42 C:\\xampp\\htdocs\\laravel-dev-assessment\\vendor\\laravel\\framework\\src\\Illuminate\\Auth\\Middleware\\Authenticate.php(64): Illuminate\\Pipeline\\Pipeline->Illuminate\\Pipeline\\{closure}(Object(Illuminate\\Http\\Request))
#43 C:\\xampp\\htdocs\\laravel-dev-assessment\\vendor\\laravel\\framework\\src\\Illuminate\\Pipeline\\Pipeline.php(183): Illuminate\\Auth\\Middleware\\Authenticate->handle(Object(Illuminate\\Http\\Request), Object(Closure))
#44 C:\\xampp\\htdocs\\laravel-dev-assessment\\vendor\\laravel\\framework\\src\\Illuminate\\Foundation\\Http\\Middleware\\VerifyCsrfToken.php(88): Illuminate\\Pipeline\\Pipeline->Illuminate\\Pipeline\\{closure}(Object(Illuminate\\Http\\Request))
#45 C:\\xampp\\htdocs\\laravel-dev-assessment\\vendor\\laravel\\framework\\src\\Illuminate\\Pipeline\\Pipeline.php(183): Illuminate\\Foundation\\Http\\Middleware\\VerifyCsrfToken->handle(Object(Illuminate\\Http\\Request), Object(Closure))
#46 C:\\xampp\\htdocs\\laravel-dev-assessment\\vendor\\laravel\\framework\\src\\Illuminate\\View\\Middleware\\ShareErrorsFromSession.php(49): Illuminate\\Pipeline\\Pipeline->Illuminate\\Pipeline\\{closure}(Object(Illuminate\\Http\\Request))
#47 C:\\xampp\\htdocs\\laravel-dev-assessment\\vendor\\laravel\\framework\\src\\Illuminate\\Pipeline\\Pipeline.php(183): Illuminate\\View\\Middleware\\ShareErrorsFromSession->handle(Object(Illuminate\\Http\\Request), Object(Closure))
#48 C:\\xampp\\htdocs\\laravel-dev-assessment\\vendor\\laravel\\framework\\src\\Illuminate\\Session\\Middleware\\StartSession.php(121): Illuminate\\Pipeline\\Pipeline->Illuminate\\Pipeline\\{closure}(Object(Illuminate\\Http\\Request))
#49 C:\\xampp\\htdocs\\laravel-dev-assessment\\vendor\\laravel\\framework\\src\\Illuminate\\Session\\Middleware\\StartSession.php(64): Illuminate\\Session\\Middleware\\StartSession->handleStatefulRequest(Object(Illuminate\\Http\\Request), Object(Illuminate\\Session\\Store), Object(Closure))
#50 C:\\xampp\\htdocs\\laravel-dev-assessment\\vendor\\laravel\\framework\\src\\Illuminate\\Pipeline\\Pipeline.php(183): Illuminate\\Session\\Middleware\\StartSession->handle(Object(Illuminate\\Http\\Request), Object(Closure))
#51 C:\\xampp\\htdocs\\laravel-dev-assessment\\vendor\\laravel\\framework\\src\\Illuminate\\Cookie\\Middleware\\AddQueuedCookiesToResponse.php(37): Illuminate\\Pipeline\\Pipeline->Illuminate\\Pipeline\\{closure}(Object(Illuminate\\Http\\Request))
#52 C:\\xampp\\htdocs\\laravel-dev-assessment\\vendor\\laravel\\framework\\src\\Illuminate\\Pipeline\\Pipeline.php(183): Illuminate\\Cookie\\Middleware\\AddQueuedCookiesToResponse->handle(Object(Illuminate\\Http\\Request), Object(Closure))
#53 C:\\xampp\\htdocs\\laravel-dev-assessment\\vendor\\laravel\\framework\\src\\Illuminate\\Cookie\\Middleware\\EncryptCookies.php(75): Illuminate\\Pipeline\\Pipeline->Illuminate\\Pipeline\\{closure}(Object(Illuminate\\Http\\Request))
#54 C:\\xampp\\htdocs\\laravel-dev-assessment\\vendor\\laravel\\framework\\src\\Illuminate\\Pipeline\\Pipeline.php(183): Illuminate\\Cookie\\Middleware\\EncryptCookies->handle(Object(Illuminate\\Http\\Request), Object(Closure))
#55 C:\\xampp\\htdocs\\laravel-dev-assessment\\vendor\\laravel\\framework\\src\\Illuminate\\Pipeline\\Pipeline.php(119): Illuminate\\Pipeline\\Pipeline->Illuminate\\Pipeline\\{closure}(Object(Illuminate\\Http\\Request))
#56 C:\\xampp\\htdocs\\laravel-dev-assessment\\vendor\\laravel\\framework\\src\\Illuminate\\Routing\\Router.php(807): Illuminate\\Pipeline\\Pipeline->then(Object(Closure))
#57 C:\\xampp\\htdocs\\laravel-dev-assessment\\vendor\\laravel\\framework\\src\\Illuminate\\Routing\\Router.php(786): Illuminate\\Routing\\Router->runRouteWithinStack(Object(Illuminate\\Routing\\Route), Object(Illuminate\\Http\\Request))
#58 C:\\xampp\\htdocs\\laravel-dev-assessment\\vendor\\laravel\\framework\\src\\Illuminate\\Routing\\Router.php(750): Illuminate\\Routing\\Router->runRoute(Object(Illuminate\\Http\\Request), Object(Illuminate\\Routing\\Route))
#59 C:\\xampp\\htdocs\\laravel-dev-assessment\\vendor\\laravel\\framework\\src\\Illuminate\\Routing\\Router.php(739): Illuminate\\Routing\\Router->dispatchToRoute(Object(Illuminate\\Http\\Request))
#60 C:\\xampp\\htdocs\\laravel-dev-assessment\\vendor\\laravel\\framework\\src\\Illuminate\\Foundation\\Http\\Kernel.php(201): Illuminate\\Routing\\Router->dispatch(Object(Illuminate\\Http\\Request))
#61 C:\\xampp\\htdocs\\laravel-dev-assessment\\vendor\\laravel\\framework\\src\\Illuminate\\Pipeline\\Pipeline.php(144): Illuminate\\Foundation\\Http\\Kernel->Illuminate\\Foundation\\Http\\{closure}(Object(Illuminate\\Http\\Request))
#62 C:\\xampp\\htdocs\\laravel-dev-assessment\\vendor\\livewire\\livewire\\src\\Features\\SupportDisablingBackButtonCache\\DisableBackButtonCacheMiddleware.php(19): Illuminate\\Pipeline\\Pipeline->Illuminate\\Pipeline\\{closure}(Object(Illuminate\\Http\\Request))
#63 C:\\xampp\\htdocs\\laravel-dev-assessment\\vendor\\laravel\\framework\\src\\Illuminate\\Pipeline\\Pipeline.php(183): Livewire\\Features\\SupportDisablingBackButtonCache\\DisableBackButtonCacheMiddleware->handle(Object(Illuminate\\Http\\Request), Object(Closure))
#64 C:\\xampp\\htdocs\\laravel-dev-assessment\\vendor\\barryvdh\\laravel-debugbar\\src\\Middleware\\InjectDebugbar.php(66): Illuminate\\Pipeline\\Pipeline->Illuminate\\Pipeline\\{closure}(Object(Illuminate\\Http\\Request))
#65 C:\\xampp\\htdocs\\laravel-dev-assessment\\vendor\\laravel\\framework\\src\\Illuminate\\Pipeline\\Pipeline.php(183): Barryvdh\\Debugbar\\Middleware\\InjectDebugbar->handle(Object(Illuminate\\Http\\Request), Object(Closure))
#66 C:\\xampp\\htdocs\\laravel-dev-assessment\\vendor\\laravel\\framework\\src\\Illuminate\\Foundation\\Http\\Middleware\\TransformsRequest.php(21): Illuminate\\Pipeline\\Pipeline->Illuminate\\Pipeline\\{closure}(Object(Illuminate\\Http\\Request))
#67 C:\\xampp\\htdocs\\laravel-dev-assessment\\vendor\\laravel\\framework\\src\\Illuminate\\Foundation\\Http\\Middleware\\ConvertEmptyStringsToNull.php(31): Illuminate\\Foundation\\Http\\Middleware\\TransformsRequest->handle(Object(Illuminate\\Http\\Request), Object(Closure))
#68 C:\\xampp\\htdocs\\laravel-dev-assessment\\vendor\\laravel\\framework\\src\\Illuminate\\Pipeline\\Pipeline.php(183): Illuminate\\Foundation\\Http\\Middleware\\ConvertEmptyStringsToNull->handle(Object(Illuminate\\Http\\Request), Object(Closure))
#69 C:\\xampp\\htdocs\\laravel-dev-assessment\\vendor\\laravel\\framework\\src\\Illuminate\\Foundation\\Http\\Middleware\\TransformsRequest.php(21): Illuminate\\Pipeline\\Pipeline->Illuminate\\Pipeline\\{closure}(Object(Illuminate\\Http\\Request))
#70 C:\\xampp\\htdocs\\laravel-dev-assessment\\vendor\\laravel\\framework\\src\\Illuminate\\Foundation\\Http\\Middleware\\TrimStrings.php(51): Illuminate\\Foundation\\Http\\Middleware\\TransformsRequest->handle(Object(Illuminate\\Http\\Request), Object(Closure))
#71 C:\\xampp\\htdocs\\laravel-dev-assessment\\vendor\\laravel\\framework\\src\\Illuminate\\Pipeline\\Pipeline.php(183): Illuminate\\Foundation\\Http\\Middleware\\TrimStrings->handle(Object(Illuminate\\Http\\Request), Object(Closure))
#72 C:\\xampp\\htdocs\\laravel-dev-assessment\\vendor\\laravel\\framework\\src\\Illuminate\\Http\\Middleware\\ValidatePostSize.php(27): Illuminate\\Pipeline\\Pipeline->Illuminate\\Pipeline\\{closure}(Object(Illuminate\\Http\\Request))
#73 C:\\xampp\\htdocs\\laravel-dev-assessment\\vendor\\laravel\\framework\\src\\Illuminate\\Pipeline\\Pipeline.php(183): Illuminate\\Http\\Middleware\\ValidatePostSize->handle(Object(Illuminate\\Http\\Request), Object(Closure))
#74 C:\\xampp\\htdocs\\laravel-dev-assessment\\vendor\\laravel\\framework\\src\\Illuminate\\Foundation\\Http\\Middleware\\PreventRequestsDuringMaintenance.php(110): Illuminate\\Pipeline\\Pipeline->Illuminate\\Pipeline\\{closure}(Object(Illuminate\\Http\\Request))
#75 C:\\xampp\\htdocs\\laravel-dev-assessment\\vendor\\laravel\\framework\\src\\Illuminate\\Pipeline\\Pipeline.php(183): Illuminate\\Foundation\\Http\\Middleware\\PreventRequestsDuringMaintenance->handle(Object(Illuminate\\Http\\Request), Object(Closure))
#76 C:\\xampp\\htdocs\\laravel-dev-assessment\\vendor\\laravel\\framework\\src\\Illuminate\\Http\\Middleware\\HandleCors.php(49): Illuminate\\Pipeline\\Pipeline->Illuminate\\Pipeline\\{closure}(Object(Illuminate\\Http\\Request))
#77 C:\\xampp\\htdocs\\laravel-dev-assessment\\vendor\\laravel\\framework\\src\\Illuminate\\Pipeline\\Pipeline.php(183): Illuminate\\Http\\Middleware\\HandleCors->handle(Object(Illuminate\\Http\\Request), Object(Closure))
#78 C:\\xampp\\htdocs\\laravel-dev-assessment\\vendor\\laravel\\framework\\src\\Illuminate\\Http\\Middleware\\TrustProxies.php(58): Illuminate\\Pipeline\\Pipeline->Illuminate\\Pipeline\\{closure}(Object(Illuminate\\Http\\Request))
#79 C:\\xampp\\htdocs\\laravel-dev-assessment\\vendor\\laravel\\framework\\src\\Illuminate\\Pipeline\\Pipeline.php(183): Illuminate\\Http\\Middleware\\TrustProxies->handle(Object(Illuminate\\Http\\Request), Object(Closure))
#80 C:\\xampp\\htdocs\\laravel-dev-assessment\\vendor\\laravel\\framework\\src\\Illuminate\\Foundation\\Http\\Middleware\\InvokeDeferredCallbacks.php(22): Illuminate\\Pipeline\\Pipeline->Illuminate\\Pipeline\\{closure}(Object(Illuminate\\Http\\Request))
#81 C:\\xampp\\htdocs\\laravel-dev-assessment\\vendor\\laravel\\framework\\src\\Illuminate\\Pipeline\\Pipeline.php(183): Illuminate\\Foundation\\Http\\Middleware\\InvokeDeferredCallbacks->handle(Object(Illuminate\\Http\\Request), Object(Closure))
#82 C:\\xampp\\htdocs\\laravel-dev-assessment\\vendor\\laravel\\framework\\src\\Illuminate\\Pipeline\\Pipeline.php(119): Illuminate\\Pipeline\\Pipeline->Illuminate\\Pipeline\\{closure}(Object(Illuminate\\Http\\Request))
#83 C:\\xampp\\htdocs\\laravel-dev-assessment\\vendor\\laravel\\framework\\src\\Illuminate\\Foundation\\Http\\Kernel.php(176): Illuminate\\Pipeline\\Pipeline->then(Object(Closure))
#84 C:\\xampp\\htdocs\\laravel-dev-assessment\\vendor\\laravel\\framework\\src\\Illuminate\\Foundation\\Http\\Kernel.php(145): Illuminate\\Foundation\\Http\\Kernel->sendRequestThroughRouter(Object(Illuminate\\Http\\Request))
#85 C:\\xampp\\htdocs\\laravel-dev-assessment\\vendor\\laravel\\framework\\src\\Illuminate\\Foundation\\Application.php(1190): Illuminate\\Foundation\\Http\\Kernel->handle(Object(Illuminate\\Http\\Request))
#86 C:\\xampp\\htdocs\\laravel-dev-assessment\\public\\index.php(17): Illuminate\\Foundation\\Application->handleRequest(Object(Illuminate\\Http\\Request))
#87 {main}
"} 
[2025-02-04 07:02:48] local.ERROR: SQLSTATE[42S02]: Base table or view not found: 1146 Table 'laravel-dev-assessment.skills' doesn't exist (Connection: mysql, SQL: select * from `skills`) {"userId":1,"exception":"[object] (Illuminate\\Database\\QueryException(code: 42S02): SQLSTATE[42S02]: Base table or view not found: 1146 Table 'laravel-dev-assessment.skills' doesn't exist (Connection: mysql, SQL: select * from `skills`) at C:\\xampp\\htdocs\\laravel-dev-assessment\\vendor\\laravel\\framework\\src\\Illuminate\\Database\\Connection.php:825)
[stacktrace]
#0 C:\\xampp\\htdocs\\laravel-dev-assessment\\vendor\\laravel\\framework\\src\\Illuminate\\Database\\Connection.php(779): Illuminate\\Database\\Connection->runQueryCallback('select * from `...', Array, Object(Closure))
#1 C:\\xampp\\htdocs\\laravel-dev-assessment\\vendor\\laravel\\framework\\src\\Illuminate\\Database\\Connection.php(398): Illuminate\\Database\\Connection->run('select * from `...', Array, Object(Closure))
#2 C:\\xampp\\htdocs\\laravel-dev-assessment\\vendor\\laravel\\framework\\src\\Illuminate\\Database\\Query\\Builder.php(3133): Illuminate\\Database\\Connection->select('select * from `...', Array, true)
#3 C:\\xampp\\htdocs\\laravel-dev-assessment\\vendor\\laravel\\framework\\src\\Illuminate\\Database\\Query\\Builder.php(3118): Illuminate\\Database\\Query\\Builder->runSelect()
#4 C:\\xampp\\htdocs\\laravel-dev-assessment\\vendor\\laravel\\framework\\src\\Illuminate\\Database\\Query\\Builder.php(3706): Illuminate\\Database\\Query\\Builder->Illuminate\\Database\\Query\\{closure}()
#5 C:\\xampp\\htdocs\\laravel-dev-assessment\\vendor\\laravel\\framework\\src\\Illuminate\\Database\\Query\\Builder.php(3117): Illuminate\\Database\\Query\\Builder->onceWithColumns(Array, Object(Closure))
#6 C:\\xampp\\htdocs\\laravel-dev-assessment\\vendor\\laravel\\framework\\src\\Illuminate\\Database\\Eloquent\\Builder.php(760): Illuminate\\Database\\Query\\Builder->get(Array)
#7 C:\\xampp\\htdocs\\laravel-dev-assessment\\vendor\\laravel\\framework\\src\\Illuminate\\Database\\Eloquent\\Builder.php(742): Illuminate\\Database\\Eloquent\\Builder->getModels(Array)
#8 C:\\xampp\\htdocs\\laravel-dev-assessment\\vendor\\laravel\\framework\\src\\Illuminate\\Database\\Eloquent\\Model.php(693): Illuminate\\Database\\Eloquent\\Builder->get(Array)
#9 C:\\xampp\\htdocs\\laravel-dev-assessment\\app\\Livewire\\Pages\\Skills\\Index.php(31): Illuminate\\Database\\Eloquent\\Model::all()
#10 C:\\xampp\\htdocs\\laravel-dev-assessment\\app\\Livewire\\Pages\\Skills\\Index.php(26): App\\Livewire\\Pages\\Skills\\Index->loadSkills()
#11 C:\\xampp\\htdocs\\laravel-dev-assessment\\vendor\\laravel\\framework\\src\\Illuminate\\Container\\BoundMethod.php(36): App\\Livewire\\Pages\\Skills\\Index->mount()
#12 C:\\xampp\\htdocs\\laravel-dev-assessment\\vendor\\laravel\\framework\\src\\Illuminate\\Container\\Util.php(43): Illuminate\\Container\\BoundMethod::Illuminate\\Container\\{closure}()
#13 C:\\xampp\\htdocs\\laravel-dev-assessment\\vendor\\laravel\\framework\\src\\Illuminate\\Container\\BoundMethod.php(95): Illuminate\\Container\\Util::unwrapIfClosure(Object(Closure))
#14 C:\\xampp\\htdocs\\laravel-dev-assessment\\vendor\\laravel\\framework\\src\\Illuminate\\Container\\BoundMethod.php(35): Illuminate\\Container\\BoundMethod::callBoundMethod(Object(Illuminate\\Foundation\\Application), Array, Object(Closure))
#15 C:\\xampp\\htdocs\\laravel-dev-assessment\\vendor\\livewire\\livewire\\src\\Wrapped.php(23): Illuminate\\Container\\BoundMethod::call(Object(Illuminate\\Foundation\\Application), Array, Array)
#16 C:\\xampp\\htdocs\\laravel-dev-assessment\\vendor\\livewire\\livewire\\src\\Features\\SupportLifecycleHooks\\SupportLifecycleHooks.php(134): Livewire\\Wrapped->__call('mount', Array)
#17 C:\\xampp\\htdocs\\laravel-dev-assessment\\vendor\\livewire\\livewire\\src\\Features\\SupportLifecycleHooks\\SupportLifecycleHooks.php(20): Livewire\\Features\\SupportLifecycleHooks\\SupportLifecycleHooks->callHook('mount', Array)
#18 C:\\xampp\\htdocs\\laravel-dev-assessment\\vendor\\livewire\\livewire\\src\\ComponentHook.php(19): Livewire\\Features\\SupportLifecycleHooks\\SupportLifecycleHooks->mount(Array, false)
#19 C:\\xampp\\htdocs\\laravel-dev-assessment\\vendor\\livewire\\livewire\\src\\ComponentHookRegistry.php(45): Livewire\\ComponentHook->callMount(Array, false)
#20 C:\\xampp\\htdocs\\laravel-dev-assessment\\vendor\\livewire\\livewire\\src\\EventBus.php(60): Livewire\\ComponentHookRegistry::Livewire\\{closure}(Object(App\\Livewire\\Pages\\Skills\\Index), Array, NULL, false)
#21 C:\\xampp\\htdocs\\laravel-dev-assessment\\vendor\\livewire\\livewire\\src\\helpers.php(98): Livewire\\EventBus->trigger('mount', Object(App\\Livewire\\Pages\\Skills\\Index), Array, NULL, false)
#22 C:\\xampp\\htdocs\\laravel-dev-assessment\\vendor\\livewire\\livewire\\src\\Mechanisms\\HandleComponents\\HandleComponents.php(50): Livewire\\trigger('mount', Object(App\\Livewire\\Pages\\Skills\\Index), Array, NULL, false)
#23 C:\\xampp\\htdocs\\laravel-dev-assessment\\vendor\\livewire\\livewire\\src\\LivewireManager.php(73): Livewire\\Mechanisms\\HandleComponents\\HandleComponents->mount('App\\\\Livewire\\\\Pa...', Array, NULL)
#24 C:\\xampp\\htdocs\\laravel-dev-assessment\\vendor\\livewire\\livewire\\src\\Features\\SupportPageComponents\\HandlesPageComponents.php(17): Livewire\\LivewireManager->mount('App\\\\Livewire\\\\Pa...', Array)
#25 C:\\xampp\\htdocs\\laravel-dev-assessment\\vendor\\livewire\\livewire\\src\\Features\\SupportPageComponents\\SupportPageComponents.php(117): Livewire\\Component->Livewire\\Features\\SupportPageComponents\\{closure}()
#26 C:\\xampp\\htdocs\\laravel-dev-assessment\\vendor\\livewire\\livewire\\src\\Features\\SupportPageComponents\\HandlesPageComponents.php(14): Livewire\\Features\\SupportPageComponents\\SupportPageComponents::interceptTheRenderOfTheComponentAndRetreiveTheLayoutConfiguration(Object(Closure))
#27 C:\\xampp\\htdocs\\laravel-dev-assessment\\vendor\\laravel\\framework\\src\\Illuminate\\Routing\\ControllerDispatcher.php(47): Livewire\\Component->__invoke()
#28 C:\\xampp\\htdocs\\laravel-dev-assessment\\vendor\\laravel\\framework\\src\\Illuminate\\Routing\\Route.php(266): Illuminate\\Routing\\ControllerDispatcher->dispatch(Object(Illuminate\\Routing\\Route), Object(App\\Livewire\\Pages\\Skills\\Index), '__invoke')
#29 C:\\xampp\\htdocs\\laravel-dev-assessment\\vendor\\laravel\\framework\\src\\Illuminate\\Routing\\Route.php(212): Illuminate\\Routing\\Route->runController()
#30 C:\\xampp\\htdocs\\laravel-dev-assessment\\vendor\\laravel\\framework\\src\\Illuminate\\Routing\\Router.php(808): Illuminate\\Routing\\Route->run()
#31 C:\\xampp\\htdocs\\laravel-dev-assessment\\vendor\\laravel\\framework\\src\\Illuminate\\Pipeline\\Pipeline.php(144): Illuminate\\Routing\\Router->Illuminate\\Routing\\{closure}(Object(Illuminate\\Http\\Request))
#32 C:\\xampp\\htdocs\\laravel-dev-assessment\\vendor\\spatie\\laravel-permission\\src\\Middleware\\RoleMiddleware.php(39): Illuminate\\Pipeline\\Pipeline->Illuminate\\Pipeline\\{closure}(Object(Illuminate\\Http\\Request))
#33 C:\\xampp\\htdocs\\laravel-dev-assessment\\vendor\\laravel\\framework\\src\\Illuminate\\Pipeline\\Pipeline.php(183): Spatie\\Permission\\Middleware\\RoleMiddleware->handle(Object(Illuminate\\Http\\Request), Object(Closure), 'admin')
#34 C:\\xampp\\htdocs\\laravel-dev-assessment\\vendor\\laravel\\framework\\src\\Illuminate\\Http\\Middleware\\AddLinkHeadersForPreloadedAssets.php(20): Illuminate\\Pipeline\\Pipeline->Illuminate\\Pipeline\\{closure}(Object(Illuminate\\Http\\Request))
#35 C:\\xampp\\htdocs\\laravel-dev-assessment\\vendor\\laravel\\framework\\src\\Illuminate\\Pipeline\\Pipeline.php(183): Illuminate\\Http\\Middleware\\AddLinkHeadersForPreloadedAssets->handle(Object(Illuminate\\Http\\Request), Object(Closure))
#36 C:\\xampp\\htdocs\\laravel-dev-assessment\\vendor\\inertiajs\\inertia-laravel\\src\\Middleware.php(86): Illuminate\\Pipeline\\Pipeline->Illuminate\\Pipeline\\{closure}(Object(Illuminate\\Http\\Request))
#37 C:\\xampp\\htdocs\\laravel-dev-assessment\\vendor\\laravel\\framework\\src\\Illuminate\\Pipeline\\Pipeline.php(183): Inertia\\Middleware->handle(Object(Illuminate\\Http\\Request), Object(Closure))
#38 C:\\xampp\\htdocs\\laravel-dev-assessment\\vendor\\laravel\\framework\\src\\Illuminate\\Routing\\Middleware\\SubstituteBindings.php(51): Illuminate\\Pipeline\\Pipeline->Illuminate\\Pipeline\\{closure}(Object(Illuminate\\Http\\Request))
#39 C:\\xampp\\htdocs\\laravel-dev-assessment\\vendor\\laravel\\framework\\src\\Illuminate\\Pipeline\\Pipeline.php(183): Illuminate\\Routing\\Middleware\\SubstituteBindings->handle(Object(Illuminate\\Http\\Request), Object(Closure))
#40 C:\\xampp\\htdocs\\laravel-dev-assessment\\vendor\\laravel\\framework\\src\\Illuminate\\Auth\\Middleware\\Authenticate.php(64): Illuminate\\Pipeline\\Pipeline->Illuminate\\Pipeline\\{closure}(Object(Illuminate\\Http\\Request))
#41 C:\\xampp\\htdocs\\laravel-dev-assessment\\vendor\\laravel\\framework\\src\\Illuminate\\Pipeline\\Pipeline.php(183): Illuminate\\Auth\\Middleware\\Authenticate->handle(Object(Illuminate\\Http\\Request), Object(Closure))
#42 C:\\xampp\\htdocs\\laravel-dev-assessment\\vendor\\laravel\\framework\\src\\Illuminate\\Foundation\\Http\\Middleware\\VerifyCsrfToken.php(88): Illuminate\\Pipeline\\Pipeline->Illuminate\\Pipeline\\{closure}(Object(Illuminate\\Http\\Request))
#43 C:\\xampp\\htdocs\\laravel-dev-assessment\\vendor\\laravel\\framework\\src\\Illuminate\\Pipeline\\Pipeline.php(183): Illuminate\\Foundation\\Http\\Middleware\\VerifyCsrfToken->handle(Object(Illuminate\\Http\\Request), Object(Closure))
#44 C:\\xampp\\htdocs\\laravel-dev-assessment\\vendor\\laravel\\framework\\src\\Illuminate\\View\\Middleware\\ShareErrorsFromSession.php(49): Illuminate\\Pipeline\\Pipeline->Illuminate\\Pipeline\\{closure}(Object(Illuminate\\Http\\Request))
#45 C:\\xampp\\htdocs\\laravel-dev-assessment\\vendor\\laravel\\framework\\src\\Illuminate\\Pipeline\\Pipeline.php(183): Illuminate\\View\\Middleware\\ShareErrorsFromSession->handle(Object(Illuminate\\Http\\Request), Object(Closure))
#46 C:\\xampp\\htdocs\\laravel-dev-assessment\\vendor\\laravel\\framework\\src\\Illuminate\\Session\\Middleware\\StartSession.php(121): Illuminate\\Pipeline\\Pipeline->Illuminate\\Pipeline\\{closure}(Object(Illuminate\\Http\\Request))
#47 C:\\xampp\\htdocs\\laravel-dev-assessment\\vendor\\laravel\\framework\\src\\Illuminate\\Session\\Middleware\\StartSession.php(64): Illuminate\\Session\\Middleware\\StartSession->handleStatefulRequest(Object(Illuminate\\Http\\Request), Object(Illuminate\\Session\\Store), Object(Closure))
#48 C:\\xampp\\htdocs\\laravel-dev-assessment\\vendor\\laravel\\framework\\src\\Illuminate\\Pipeline\\Pipeline.php(183): Illuminate\\Session\\Middleware\\StartSession->handle(Object(Illuminate\\Http\\Request), Object(Closure))
#49 C:\\xampp\\htdocs\\laravel-dev-assessment\\vendor\\laravel\\framework\\src\\Illuminate\\Cookie\\Middleware\\AddQueuedCookiesToResponse.php(37): Illuminate\\Pipeline\\Pipeline->Illuminate\\Pipeline\\{closure}(Object(Illuminate\\Http\\Request))
#50 C:\\xampp\\htdocs\\laravel-dev-assessment\\vendor\\laravel\\framework\\src\\Illuminate\\Pipeline\\Pipeline.php(183): Illuminate\\Cookie\\Middleware\\AddQueuedCookiesToResponse->handle(Object(Illuminate\\Http\\Request), Object(Closure))
#51 C:\\xampp\\htdocs\\laravel-dev-assessment\\vendor\\laravel\\framework\\src\\Illuminate\\Cookie\\Middleware\\EncryptCookies.php(75): Illuminate\\Pipeline\\Pipeline->Illuminate\\Pipeline\\{closure}(Object(Illuminate\\Http\\Request))
#52 C:\\xampp\\htdocs\\laravel-dev-assessment\\vendor\\laravel\\framework\\src\\Illuminate\\Pipeline\\Pipeline.php(183): Illuminate\\Cookie\\Middleware\\EncryptCookies->handle(Object(Illuminate\\Http\\Request), Object(Closure))
#53 C:\\xampp\\htdocs\\laravel-dev-assessment\\vendor\\laravel\\framework\\src\\Illuminate\\Pipeline\\Pipeline.php(119): Illuminate\\Pipeline\\Pipeline->Illuminate\\Pipeline\\{closure}(Object(Illuminate\\Http\\Request))
#54 C:\\xampp\\htdocs\\laravel-dev-assessment\\vendor\\laravel\\framework\\src\\Illuminate\\Routing\\Router.php(807): Illuminate\\Pipeline\\Pipeline->then(Object(Closure))
#55 C:\\xampp\\htdocs\\laravel-dev-assessment\\vendor\\laravel\\framework\\src\\Illuminate\\Routing\\Router.php(786): Illuminate\\Routing\\Router->runRouteWithinStack(Object(Illuminate\\Routing\\Route), Object(Illuminate\\Http\\Request))
#56 C:\\xampp\\htdocs\\laravel-dev-assessment\\vendor\\laravel\\framework\\src\\Illuminate\\Routing\\Router.php(750): Illuminate\\Routing\\Router->runRoute(Object(Illuminate\\Http\\Request), Object(Illuminate\\Routing\\Route))
#57 C:\\xampp\\htdocs\\laravel-dev-assessment\\vendor\\laravel\\framework\\src\\Illuminate\\Routing\\Router.php(739): Illuminate\\Routing\\Router->dispatchToRoute(Object(Illuminate\\Http\\Request))
#58 C:\\xampp\\htdocs\\laravel-dev-assessment\\vendor\\laravel\\framework\\src\\Illuminate\\Foundation\\Http\\Kernel.php(201): Illuminate\\Routing\\Router->dispatch(Object(Illuminate\\Http\\Request))
#59 C:\\xampp\\htdocs\\laravel-dev-assessment\\vendor\\laravel\\framework\\src\\Illuminate\\Pipeline\\Pipeline.php(144): Illuminate\\Foundation\\Http\\Kernel->Illuminate\\Foundation\\Http\\{closure}(Object(Illuminate\\Http\\Request))
#60 C:\\xampp\\htdocs\\laravel-dev-assessment\\vendor\\livewire\\livewire\\src\\Features\\SupportDisablingBackButtonCache\\DisableBackButtonCacheMiddleware.php(19): Illuminate\\Pipeline\\Pipeline->Illuminate\\Pipeline\\{closure}(Object(Illuminate\\Http\\Request))
#61 C:\\xampp\\htdocs\\laravel-dev-assessment\\vendor\\laravel\\framework\\src\\Illuminate\\Pipeline\\Pipeline.php(183): Livewire\\Features\\SupportDisablingBackButtonCache\\DisableBackButtonCacheMiddleware->handle(Object(Illuminate\\Http\\Request), Object(Closure))
#62 C:\\xampp\\htdocs\\laravel-dev-assessment\\vendor\\barryvdh\\laravel-debugbar\\src\\Middleware\\InjectDebugbar.php(66): Illuminate\\Pipeline\\Pipeline->Illuminate\\Pipeline\\{closure}(Object(Illuminate\\Http\\Request))
#63 C:\\xampp\\htdocs\\laravel-dev-assessment\\vendor\\laravel\\framework\\src\\Illuminate\\Pipeline\\Pipeline.php(183): Barryvdh\\Debugbar\\Middleware\\InjectDebugbar->handle(Object(Illuminate\\Http\\Request), Object(Closure))
#64 C:\\xampp\\htdocs\\laravel-dev-assessment\\vendor\\laravel\\framework\\src\\Illuminate\\Foundation\\Http\\Middleware\\TransformsRequest.php(21): Illuminate\\Pipeline\\Pipeline->Illuminate\\Pipeline\\{closure}(Object(Illuminate\\Http\\Request))
#65 C:\\xampp\\htdocs\\laravel-dev-assessment\\vendor\\laravel\\framework\\src\\Illuminate\\Foundation\\Http\\Middleware\\ConvertEmptyStringsToNull.php(31): Illuminate\\Foundation\\Http\\Middleware\\TransformsRequest->handle(Object(Illuminate\\Http\\Request), Object(Closure))
#66 C:\\xampp\\htdocs\\laravel-dev-assessment\\vendor\\laravel\\framework\\src\\Illuminate\\Pipeline\\Pipeline.php(183): Illuminate\\Foundation\\Http\\Middleware\\ConvertEmptyStringsToNull->handle(Object(Illuminate\\Http\\Request), Object(Closure))
#67 C:\\xampp\\htdocs\\laravel-dev-assessment\\vendor\\laravel\\framework\\src\\Illuminate\\Foundation\\Http\\Middleware\\TransformsRequest.php(21): Illuminate\\Pipeline\\Pipeline->Illuminate\\Pipeline\\{closure}(Object(Illuminate\\Http\\Request))
#68 C:\\xampp\\htdocs\\laravel-dev-assessment\\vendor\\laravel\\framework\\src\\Illuminate\\Foundation\\Http\\Middleware\\TrimStrings.php(51): Illuminate\\Foundation\\Http\\Middleware\\TransformsRequest->handle(Object(Illuminate\\Http\\Request), Object(Closure))
#69 C:\\xampp\\htdocs\\laravel-dev-assessment\\vendor\\laravel\\framework\\src\\Illuminate\\Pipeline\\Pipeline.php(183): Illuminate\\Foundation\\Http\\Middleware\\TrimStrings->handle(Object(Illuminate\\Http\\Request), Object(Closure))
#70 C:\\xampp\\htdocs\\laravel-dev-assessment\\vendor\\laravel\\framework\\src\\Illuminate\\Http\\Middleware\\ValidatePostSize.php(27): Illuminate\\Pipeline\\Pipeline->Illuminate\\Pipeline\\{closure}(Object(Illuminate\\Http\\Request))
#71 C:\\xampp\\htdocs\\laravel-dev-assessment\\vendor\\laravel\\framework\\src\\Illuminate\\Pipeline\\Pipeline.php(183): Illuminate\\Http\\Middleware\\ValidatePostSize->handle(Object(Illuminate\\Http\\Request), Object(Closure))
#72 C:\\xampp\\htdocs\\laravel-dev-assessment\\vendor\\laravel\\framework\\src\\Illuminate\\Foundation\\Http\\Middleware\\PreventRequestsDuringMaintenance.php(110): Illuminate\\Pipeline\\Pipeline->Illuminate\\Pipeline\\{closure}(Object(Illuminate\\Http\\Request))
#73 C:\\xampp\\htdocs\\laravel-dev-assessment\\vendor\\laravel\\framework\\src\\Illuminate\\Pipeline\\Pipeline.php(183): Illuminate\\Foundation\\Http\\Middleware\\PreventRequestsDuringMaintenance->handle(Object(Illuminate\\Http\\Request), Object(Closure))
#74 C:\\xampp\\htdocs\\laravel-dev-assessment\\vendor\\laravel\\framework\\src\\Illuminate\\Http\\Middleware\\HandleCors.php(49): Illuminate\\Pipeline\\Pipeline->Illuminate\\Pipeline\\{closure}(Object(Illuminate\\Http\\Request))
#75 C:\\xampp\\htdocs\\laravel-dev-assessment\\vendor\\laravel\\framework\\src\\Illuminate\\Pipeline\\Pipeline.php(183): Illuminate\\Http\\Middleware\\HandleCors->handle(Object(Illuminate\\Http\\Request), Object(Closure))
#76 C:\\xampp\\htdocs\\laravel-dev-assessment\\vendor\\laravel\\framework\\src\\Illuminate\\Http\\Middleware\\TrustProxies.php(58): Illuminate\\Pipeline\\Pipeline->Illuminate\\Pipeline\\{closure}(Object(Illuminate\\Http\\Request))
#77 C:\\xampp\\htdocs\\laravel-dev-assessment\\vendor\\laravel\\framework\\src\\Illuminate\\Pipeline\\Pipeline.php(183): Illuminate\\Http\\Middleware\\TrustProxies->handle(Object(Illuminate\\Http\\Request), Object(Closure))
#78 C:\\xampp\\htdocs\\laravel-dev-assessment\\vendor\\laravel\\framework\\src\\Illuminate\\Foundation\\Http\\Middleware\\InvokeDeferredCallbacks.php(22): Illuminate\\Pipeline\\Pipeline->Illuminate\\Pipeline\\{closure}(Object(Illuminate\\Http\\Request))
#79 C:\\xampp\\htdocs\\laravel-dev-assessment\\vendor\\laravel\\framework\\src\\Illuminate\\Pipeline\\Pipeline.php(183): Illuminate\\Foundation\\Http\\Middleware\\InvokeDeferredCallbacks->handle(Object(Illuminate\\Http\\Request), Object(Closure))
#80 C:\\xampp\\htdocs\\laravel-dev-assessment\\vendor\\laravel\\framework\\src\\Illuminate\\Pipeline\\Pipeline.php(119): Illuminate\\Pipeline\\Pipeline->Illuminate\\Pipeline\\{closure}(Object(Illuminate\\Http\\Request))
#81 C:\\xampp\\htdocs\\laravel-dev-assessment\\vendor\\laravel\\framework\\src\\Illuminate\\Foundation\\Http\\Kernel.php(176): Illuminate\\Pipeline\\Pipeline->then(Object(Closure))
#82 C:\\xampp\\htdocs\\laravel-dev-assessment\\vendor\\laravel\\framework\\src\\Illuminate\\Foundation\\Http\\Kernel.php(145): Illuminate\\Foundation\\Http\\Kernel->sendRequestThroughRouter(Object(Illuminate\\Http\\Request))
#83 C:\\xampp\\htdocs\\laravel-dev-assessment\\vendor\\laravel\\framework\\src\\Illuminate\\Foundation\\Application.php(1190): Illuminate\\Foundation\\Http\\Kernel->handle(Object(Illuminate\\Http\\Request))
#84 C:\\xampp\\htdocs\\laravel-dev-assessment\\public\\index.php(17): Illuminate\\Foundation\\Application->handleRequest(Object(Illuminate\\Http\\Request))
#85 {main}

[previous exception] [object] (PDOException(code: 42S02): SQLSTATE[42S02]: Base table or view not found: 1146 Table 'laravel-dev-assessment.skills' doesn't exist at C:\\xampp\\htdocs\\laravel-dev-assessment\\vendor\\laravel\\framework\\src\\Illuminate\\Database\\Connection.php:407)
[stacktrace]
#0 C:\\xampp\\htdocs\\laravel-dev-assessment\\vendor\\laravel\\framework\\src\\Illuminate\\Database\\Connection.php(407): PDO->prepare('select * from `...')
#1 C:\\xampp\\htdocs\\laravel-dev-assessment\\vendor\\laravel\\framework\\src\\Illuminate\\Database\\Connection.php(812): Illuminate\\Database\\Connection->Illuminate\\Database\\{closure}('select * from `...', Array)
#2 C:\\xampp\\htdocs\\laravel-dev-assessment\\vendor\\laravel\\framework\\src\\Illuminate\\Database\\Connection.php(779): Illuminate\\Database\\Connection->runQueryCallback('select * from `...', Array, Object(Closure))
#3 C:\\xampp\\htdocs\\laravel-dev-assessment\\vendor\\laravel\\framework\\src\\Illuminate\\Database\\Connection.php(398): Illuminate\\Database\\Connection->run('select * from `...', Array, Object(Closure))
#4 C:\\xampp\\htdocs\\laravel-dev-assessment\\vendor\\laravel\\framework\\src\\Illuminate\\Database\\Query\\Builder.php(3133): Illuminate\\Database\\Connection->select('select * from `...', Array, true)
#5 C:\\xampp\\htdocs\\laravel-dev-assessment\\vendor\\laravel\\framework\\src\\Illuminate\\Database\\Query\\Builder.php(3118): Illuminate\\Database\\Query\\Builder->runSelect()
#6 C:\\xampp\\htdocs\\laravel-dev-assessment\\vendor\\laravel\\framework\\src\\Illuminate\\Database\\Query\\Builder.php(3706): Illuminate\\Database\\Query\\Builder->Illuminate\\Database\\Query\\{closure}()
#7 C:\\xampp\\htdocs\\laravel-dev-assessment\\vendor\\laravel\\framework\\src\\Illuminate\\Database\\Query\\Builder.php(3117): Illuminate\\Database\\Query\\Builder->onceWithColumns(Array, Object(Closure))
#8 C:\\xampp\\htdocs\\laravel-dev-assessment\\vendor\\laravel\\framework\\src\\Illuminate\\Database\\Eloquent\\Builder.php(760): Illuminate\\Database\\Query\\Builder->get(Array)
#9 C:\\xampp\\htdocs\\laravel-dev-assessment\\vendor\\laravel\\framework\\src\\Illuminate\\Database\\Eloquent\\Builder.php(742): Illuminate\\Database\\Eloquent\\Builder->getModels(Array)
#10 C:\\xampp\\htdocs\\laravel-dev-assessment\\vendor\\laravel\\framework\\src\\Illuminate\\Database\\Eloquent\\Model.php(693): Illuminate\\Database\\Eloquent\\Builder->get(Array)
#11 C:\\xampp\\htdocs\\laravel-dev-assessment\\app\\Livewire\\Pages\\Skills\\Index.php(31): Illuminate\\Database\\Eloquent\\Model::all()
#12 C:\\xampp\\htdocs\\laravel-dev-assessment\\app\\Livewire\\Pages\\Skills\\Index.php(26): App\\Livewire\\Pages\\Skills\\Index->loadSkills()
#13 C:\\xampp\\htdocs\\laravel-dev-assessment\\vendor\\laravel\\framework\\src\\Illuminate\\Container\\BoundMethod.php(36): App\\Livewire\\Pages\\Skills\\Index->mount()
#14 C:\\xampp\\htdocs\\laravel-dev-assessment\\vendor\\laravel\\framework\\src\\Illuminate\\Container\\Util.php(43): Illuminate\\Container\\BoundMethod::Illuminate\\Container\\{closure}()
#15 C:\\xampp\\htdocs\\laravel-dev-assessment\\vendor\\laravel\\framework\\src\\Illuminate\\Container\\BoundMethod.php(95): Illuminate\\Container\\Util::unwrapIfClosure(Object(Closure))
#16 C:\\xampp\\htdocs\\laravel-dev-assessment\\vendor\\laravel\\framework\\src\\Illuminate\\Container\\BoundMethod.php(35): Illuminate\\Container\\BoundMethod::callBoundMethod(Object(Illuminate\\Foundation\\Application), Array, Object(Closure))
#17 C:\\xampp\\htdocs\\laravel-dev-assessment\\vendor\\livewire\\livewire\\src\\Wrapped.php(23): Illuminate\\Container\\BoundMethod::call(Object(Illuminate\\Foundation\\Application), Array, Array)
#18 C:\\xampp\\htdocs\\laravel-dev-assessment\\vendor\\livewire\\livewire\\src\\Features\\SupportLifecycleHooks\\SupportLifecycleHooks.php(134): Livewire\\Wrapped->__call('mount', Array)
#19 C:\\xampp\\htdocs\\laravel-dev-assessment\\vendor\\livewire\\livewire\\src\\Features\\SupportLifecycleHooks\\SupportLifecycleHooks.php(20): Livewire\\Features\\SupportLifecycleHooks\\SupportLifecycleHooks->callHook('mount', Array)
#20 C:\\xampp\\htdocs\\laravel-dev-assessment\\vendor\\livewire\\livewire\\src\\ComponentHook.php(19): Livewire\\Features\\SupportLifecycleHooks\\SupportLifecycleHooks->mount(Array, false)
#21 C:\\xampp\\htdocs\\laravel-dev-assessment\\vendor\\livewire\\livewire\\src\\ComponentHookRegistry.php(45): Livewire\\ComponentHook->callMount(Array, false)
#22 C:\\xampp\\htdocs\\laravel-dev-assessment\\vendor\\livewire\\livewire\\src\\EventBus.php(60): Livewire\\ComponentHookRegistry::Livewire\\{closure}(Object(App\\Livewire\\Pages\\Skills\\Index), Array, NULL, false)
#23 C:\\xampp\\htdocs\\laravel-dev-assessment\\vendor\\livewire\\livewire\\src\\helpers.php(98): Livewire\\EventBus->trigger('mount', Object(App\\Livewire\\Pages\\Skills\\Index), Array, NULL, false)
#24 C:\\xampp\\htdocs\\laravel-dev-assessment\\vendor\\livewire\\livewire\\src\\Mechanisms\\HandleComponents\\HandleComponents.php(50): Livewire\\trigger('mount', Object(App\\Livewire\\Pages\\Skills\\Index), Array, NULL, false)
#25 C:\\xampp\\htdocs\\laravel-dev-assessment\\vendor\\livewire\\livewire\\src\\LivewireManager.php(73): Livewire\\Mechanisms\\HandleComponents\\HandleComponents->mount('App\\\\Livewire\\\\Pa...', Array, NULL)
#26 C:\\xampp\\htdocs\\laravel-dev-assessment\\vendor\\livewire\\livewire\\src\\Features\\SupportPageComponents\\HandlesPageComponents.php(17): Livewire\\LivewireManager->mount('App\\\\Livewire\\\\Pa...', Array)
#27 C:\\xampp\\htdocs\\laravel-dev-assessment\\vendor\\livewire\\livewire\\src\\Features\\SupportPageComponents\\SupportPageComponents.php(117): Livewire\\Component->Livewire\\Features\\SupportPageComponents\\{closure}()
#28 C:\\xampp\\htdocs\\laravel-dev-assessment\\vendor\\livewire\\livewire\\src\\Features\\SupportPageComponents\\HandlesPageComponents.php(14): Livewire\\Features\\SupportPageComponents\\SupportPageComponents::interceptTheRenderOfTheComponentAndRetreiveTheLayoutConfiguration(Object(Closure))
#29 C:\\xampp\\htdocs\\laravel-dev-assessment\\vendor\\laravel\\framework\\src\\Illuminate\\Routing\\ControllerDispatcher.php(47): Livewire\\Component->__invoke()
#30 C:\\xampp\\htdocs\\laravel-dev-assessment\\vendor\\laravel\\framework\\src\\Illuminate\\Routing\\Route.php(266): Illuminate\\Routing\\ControllerDispatcher->dispatch(Object(Illuminate\\Routing\\Route), Object(App\\Livewire\\Pages\\Skills\\Index), '__invoke')
#31 C:\\xampp\\htdocs\\laravel-dev-assessment\\vendor\\laravel\\framework\\src\\Illuminate\\Routing\\Route.php(212): Illuminate\\Routing\\Route->runController()
#32 C:\\xampp\\htdocs\\laravel-dev-assessment\\vendor\\laravel\\framework\\src\\Illuminate\\Routing\\Router.php(808): Illuminate\\Routing\\Route->run()
#33 C:\\xampp\\htdocs\\laravel-dev-assessment\\vendor\\laravel\\framework\\src\\Illuminate\\Pipeline\\Pipeline.php(144): Illuminate\\Routing\\Router->Illuminate\\Routing\\{closure}(Object(Illuminate\\Http\\Request))
#34 C:\\xampp\\htdocs\\laravel-dev-assessment\\vendor\\spatie\\laravel-permission\\src\\Middleware\\RoleMiddleware.php(39): Illuminate\\Pipeline\\Pipeline->Illuminate\\Pipeline\\{closure}(Object(Illuminate\\Http\\Request))
#35 C:\\xampp\\htdocs\\laravel-dev-assessment\\vendor\\laravel\\framework\\src\\Illuminate\\Pipeline\\Pipeline.php(183): Spatie\\Permission\\Middleware\\RoleMiddleware->handle(Object(Illuminate\\Http\\Request), Object(Closure), 'admin')
#36 C:\\xampp\\htdocs\\laravel-dev-assessment\\vendor\\laravel\\framework\\src\\Illuminate\\Http\\Middleware\\AddLinkHeadersForPreloadedAssets.php(20): Illuminate\\Pipeline\\Pipeline->Illuminate\\Pipeline\\{closure}(Object(Illuminate\\Http\\Request))
#37 C:\\xampp\\htdocs\\laravel-dev-assessment\\vendor\\laravel\\framework\\src\\Illuminate\\Pipeline\\Pipeline.php(183): Illuminate\\Http\\Middleware\\AddLinkHeadersForPreloadedAssets->handle(Object(Illuminate\\Http\\Request), Object(Closure))
#38 C:\\xampp\\htdocs\\laravel-dev-assessment\\vendor\\inertiajs\\inertia-laravel\\src\\Middleware.php(86): Illuminate\\Pipeline\\Pipeline->Illuminate\\Pipeline\\{closure}(Object(Illuminate\\Http\\Request))
#39 C:\\xampp\\htdocs\\laravel-dev-assessment\\vendor\\laravel\\framework\\src\\Illuminate\\Pipeline\\Pipeline.php(183): Inertia\\Middleware->handle(Object(Illuminate\\Http\\Request), Object(Closure))
#40 C:\\xampp\\htdocs\\laravel-dev-assessment\\vendor\\laravel\\framework\\src\\Illuminate\\Routing\\Middleware\\SubstituteBindings.php(51): Illuminate\\Pipeline\\Pipeline->Illuminate\\Pipeline\\{closure}(Object(Illuminate\\Http\\Request))
#41 C:\\xampp\\htdocs\\laravel-dev-assessment\\vendor\\laravel\\framework\\src\\Illuminate\\Pipeline\\Pipeline.php(183): Illuminate\\Routing\\Middleware\\SubstituteBindings->handle(Object(Illuminate\\Http\\Request), Object(Closure))
#42 C:\\xampp\\htdocs\\laravel-dev-assessment\\vendor\\laravel\\framework\\src\\Illuminate\\Auth\\Middleware\\Authenticate.php(64): Illuminate\\Pipeline\\Pipeline->Illuminate\\Pipeline\\{closure}(Object(Illuminate\\Http\\Request))
#43 C:\\xampp\\htdocs\\laravel-dev-assessment\\vendor\\laravel\\framework\\src\\Illuminate\\Pipeline\\Pipeline.php(183): Illuminate\\Auth\\Middleware\\Authenticate->handle(Object(Illuminate\\Http\\Request), Object(Closure))
#44 C:\\xampp\\htdocs\\laravel-dev-assessment\\vendor\\laravel\\framework\\src\\Illuminate\\Foundation\\Http\\Middleware\\VerifyCsrfToken.php(88): Illuminate\\Pipeline\\Pipeline->Illuminate\\Pipeline\\{closure}(Object(Illuminate\\Http\\Request))
#45 C:\\xampp\\htdocs\\laravel-dev-assessment\\vendor\\laravel\\framework\\src\\Illuminate\\Pipeline\\Pipeline.php(183): Illuminate\\Foundation\\Http\\Middleware\\VerifyCsrfToken->handle(Object(Illuminate\\Http\\Request), Object(Closure))
#46 C:\\xampp\\htdocs\\laravel-dev-assessment\\vendor\\laravel\\framework\\src\\Illuminate\\View\\Middleware\\ShareErrorsFromSession.php(49): Illuminate\\Pipeline\\Pipeline->Illuminate\\Pipeline\\{closure}(Object(Illuminate\\Http\\Request))
#47 C:\\xampp\\htdocs\\laravel-dev-assessment\\vendor\\laravel\\framework\\src\\Illuminate\\Pipeline\\Pipeline.php(183): Illuminate\\View\\Middleware\\ShareErrorsFromSession->handle(Object(Illuminate\\Http\\Request), Object(Closure))
#48 C:\\xampp\\htdocs\\laravel-dev-assessment\\vendor\\laravel\\framework\\src\\Illuminate\\Session\\Middleware\\StartSession.php(121): Illuminate\\Pipeline\\Pipeline->Illuminate\\Pipeline\\{closure}(Object(Illuminate\\Http\\Request))
#49 C:\\xampp\\htdocs\\laravel-dev-assessment\\vendor\\laravel\\framework\\src\\Illuminate\\Session\\Middleware\\StartSession.php(64): Illuminate\\Session\\Middleware\\StartSession->handleStatefulRequest(Object(Illuminate\\Http\\Request), Object(Illuminate\\Session\\Store), Object(Closure))
#50 C:\\xampp\\htdocs\\laravel-dev-assessment\\vendor\\laravel\\framework\\src\\Illuminate\\Pipeline\\Pipeline.php(183): Illuminate\\Session\\Middleware\\StartSession->handle(Object(Illuminate\\Http\\Request), Object(Closure))
#51 C:\\xampp\\htdocs\\laravel-dev-assessment\\vendor\\laravel\\framework\\src\\Illuminate\\Cookie\\Middleware\\AddQueuedCookiesToResponse.php(37): Illuminate\\Pipeline\\Pipeline->Illuminate\\Pipeline\\{closure}(Object(Illuminate\\Http\\Request))
#52 C:\\xampp\\htdocs\\laravel-dev-assessment\\vendor\\laravel\\framework\\src\\Illuminate\\Pipeline\\Pipeline.php(183): Illuminate\\Cookie\\Middleware\\AddQueuedCookiesToResponse->handle(Object(Illuminate\\Http\\Request), Object(Closure))
#53 C:\\xampp\\htdocs\\laravel-dev-assessment\\vendor\\laravel\\framework\\src\\Illuminate\\Cookie\\Middleware\\EncryptCookies.php(75): Illuminate\\Pipeline\\Pipeline->Illuminate\\Pipeline\\{closure}(Object(Illuminate\\Http\\Request))
#54 C:\\xampp\\htdocs\\laravel-dev-assessment\\vendor\\laravel\\framework\\src\\Illuminate\\Pipeline\\Pipeline.php(183): Illuminate\\Cookie\\Middleware\\EncryptCookies->handle(Object(Illuminate\\Http\\Request), Object(Closure))
#55 C:\\xampp\\htdocs\\laravel-dev-assessment\\vendor\\laravel\\framework\\src\\Illuminate\\Pipeline\\Pipeline.php(119): Illuminate\\Pipeline\\Pipeline->Illuminate\\Pipeline\\{closure}(Object(Illuminate\\Http\\Request))
#56 C:\\xampp\\htdocs\\laravel-dev-assessment\\vendor\\laravel\\framework\\src\\Illuminate\\Routing\\Router.php(807): Illuminate\\Pipeline\\Pipeline->then(Object(Closure))
#57 C:\\xampp\\htdocs\\laravel-dev-assessment\\vendor\\laravel\\framework\\src\\Illuminate\\Routing\\Router.php(786): Illuminate\\Routing\\Router->runRouteWithinStack(Object(Illuminate\\Routing\\Route), Object(Illuminate\\Http\\Request))
#58 C:\\xampp\\htdocs\\laravel-dev-assessment\\vendor\\laravel\\framework\\src\\Illuminate\\Routing\\Router.php(750): Illuminate\\Routing\\Router->runRoute(Object(Illuminate\\Http\\Request), Object(Illuminate\\Routing\\Route))
#59 C:\\xampp\\htdocs\\laravel-dev-assessment\\vendor\\laravel\\framework\\src\\Illuminate\\Routing\\Router.php(739): Illuminate\\Routing\\Router->dispatchToRoute(Object(Illuminate\\Http\\Request))
#60 C:\\xampp\\htdocs\\laravel-dev-assessment\\vendor\\laravel\\framework\\src\\Illuminate\\Foundation\\Http\\Kernel.php(201): Illuminate\\Routing\\Router->dispatch(Object(Illuminate\\Http\\Request))
#61 C:\\xampp\\htdocs\\laravel-dev-assessment\\vendor\\laravel\\framework\\src\\Illuminate\\Pipeline\\Pipeline.php(144): Illuminate\\Foundation\\Http\\Kernel->Illuminate\\Foundation\\Http\\{closure}(Object(Illuminate\\Http\\Request))
#62 C:\\xampp\\htdocs\\laravel-dev-assessment\\vendor\\livewire\\livewire\\src\\Features\\SupportDisablingBackButtonCache\\DisableBackButtonCacheMiddleware.php(19): Illuminate\\Pipeline\\Pipeline->Illuminate\\Pipeline\\{closure}(Object(Illuminate\\Http\\Request))
#63 C:\\xampp\\htdocs\\laravel-dev-assessment\\vendor\\laravel\\framework\\src\\Illuminate\\Pipeline\\Pipeline.php(183): Livewire\\Features\\SupportDisablingBackButtonCache\\DisableBackButtonCacheMiddleware->handle(Object(Illuminate\\Http\\Request), Object(Closure))
#64 C:\\xampp\\htdocs\\laravel-dev-assessment\\vendor\\barryvdh\\laravel-debugbar\\src\\Middleware\\InjectDebugbar.php(66): Illuminate\\Pipeline\\Pipeline->Illuminate\\Pipeline\\{closure}(Object(Illuminate\\Http\\Request))
#65 C:\\xampp\\htdocs\\laravel-dev-assessment\\vendor\\laravel\\framework\\src\\Illuminate\\Pipeline\\Pipeline.php(183): Barryvdh\\Debugbar\\Middleware\\InjectDebugbar->handle(Object(Illuminate\\Http\\Request), Object(Closure))
#66 C:\\xampp\\htdocs\\laravel-dev-assessment\\vendor\\laravel\\framework\\src\\Illuminate\\Foundation\\Http\\Middleware\\TransformsRequest.php(21): Illuminate\\Pipeline\\Pipeline->Illuminate\\Pipeline\\{closure}(Object(Illuminate\\Http\\Request))
#67 C:\\xampp\\htdocs\\laravel-dev-assessment\\vendor\\laravel\\framework\\src\\Illuminate\\Foundation\\Http\\Middleware\\ConvertEmptyStringsToNull.php(31): Illuminate\\Foundation\\Http\\Middleware\\TransformsRequest->handle(Object(Illuminate\\Http\\Request), Object(Closure))
#68 C:\\xampp\\htdocs\\laravel-dev-assessment\\vendor\\laravel\\framework\\src\\Illuminate\\Pipeline\\Pipeline.php(183): Illuminate\\Foundation\\Http\\Middleware\\ConvertEmptyStringsToNull->handle(Object(Illuminate\\Http\\Request), Object(Closure))
#69 C:\\xampp\\htdocs\\laravel-dev-assessment\\vendor\\laravel\\framework\\src\\Illuminate\\Foundation\\Http\\Middleware\\TransformsRequest.php(21): Illuminate\\Pipeline\\Pipeline->Illuminate\\Pipeline\\{closure}(Object(Illuminate\\Http\\Request))
#70 C:\\xampp\\htdocs\\laravel-dev-assessment\\vendor\\laravel\\framework\\src\\Illuminate\\Foundation\\Http\\Middleware\\TrimStrings.php(51): Illuminate\\Foundation\\Http\\Middleware\\TransformsRequest->handle(Object(Illuminate\\Http\\Request), Object(Closure))
#71 C:\\xampp\\htdocs\\laravel-dev-assessment\\vendor\\laravel\\framework\\src\\Illuminate\\Pipeline\\Pipeline.php(183): Illuminate\\Foundation\\Http\\Middleware\\TrimStrings->handle(Object(Illuminate\\Http\\Request), Object(Closure))
#72 C:\\xampp\\htdocs\\laravel-dev-assessment\\vendor\\laravel\\framework\\src\\Illuminate\\Http\\Middleware\\ValidatePostSize.php(27): Illuminate\\Pipeline\\Pipeline->Illuminate\\Pipeline\\{closure}(Object(Illuminate\\Http\\Request))
#73 C:\\xampp\\htdocs\\laravel-dev-assessment\\vendor\\laravel\\framework\\src\\Illuminate\\Pipeline\\Pipeline.php(183): Illuminate\\Http\\Middleware\\ValidatePostSize->handle(Object(Illuminate\\Http\\Request), Object(Closure))
#74 C:\\xampp\\htdocs\\laravel-dev-assessment\\vendor\\laravel\\framework\\src\\Illuminate\\Foundation\\Http\\Middleware\\PreventRequestsDuringMaintenance.php(110): Illuminate\\Pipeline\\Pipeline->Illuminate\\Pipeline\\{closure}(Object(Illuminate\\Http\\Request))
#75 C:\\xampp\\htdocs\\laravel-dev-assessment\\vendor\\laravel\\framework\\src\\Illuminate\\Pipeline\\Pipeline.php(183): Illuminate\\Foundation\\Http\\Middleware\\PreventRequestsDuringMaintenance->handle(Object(Illuminate\\Http\\Request), Object(Closure))
#76 C:\\xampp\\htdocs\\laravel-dev-assessment\\vendor\\laravel\\framework\\src\\Illuminate\\Http\\Middleware\\HandleCors.php(49): Illuminate\\Pipeline\\Pipeline->Illuminate\\Pipeline\\{closure}(Object(Illuminate\\Http\\Request))
#77 C:\\xampp\\htdocs\\laravel-dev-assessment\\vendor\\laravel\\framework\\src\\Illuminate\\Pipeline\\Pipeline.php(183): Illuminate\\Http\\Middleware\\HandleCors->handle(Object(Illuminate\\Http\\Request), Object(Closure))
#78 C:\\xampp\\htdocs\\laravel-dev-assessment\\vendor\\laravel\\framework\\src\\Illuminate\\Http\\Middleware\\TrustProxies.php(58): Illuminate\\Pipeline\\Pipeline->Illuminate\\Pipeline\\{closure}(Object(Illuminate\\Http\\Request))
#79 C:\\xampp\\htdocs\\laravel-dev-assessment\\vendor\\laravel\\framework\\src\\Illuminate\\Pipeline\\Pipeline.php(183): Illuminate\\Http\\Middleware\\TrustProxies->handle(Object(Illuminate\\Http\\Request), Object(Closure))
#80 C:\\xampp\\htdocs\\laravel-dev-assessment\\vendor\\laravel\\framework\\src\\Illuminate\\Foundation\\Http\\Middleware\\InvokeDeferredCallbacks.php(22): Illuminate\\Pipeline\\Pipeline->Illuminate\\Pipeline\\{closure}(Object(Illuminate\\Http\\Request))
#81 C:\\xampp\\htdocs\\laravel-dev-assessment\\vendor\\laravel\\framework\\src\\Illuminate\\Pipeline\\Pipeline.php(183): Illuminate\\Foundation\\Http\\Middleware\\InvokeDeferredCallbacks->handle(Object(Illuminate\\Http\\Request), Object(Closure))
#82 C:\\xampp\\htdocs\\laravel-dev-assessment\\vendor\\laravel\\framework\\src\\Illuminate\\Pipeline\\Pipeline.php(119): Illuminate\\Pipeline\\Pipeline->Illuminate\\Pipeline\\{closure}(Object(Illuminate\\Http\\Request))
#83 C:\\xampp\\htdocs\\laravel-dev-assessment\\vendor\\laravel\\framework\\src\\Illuminate\\Foundation\\Http\\Kernel.php(176): Illuminate\\Pipeline\\Pipeline->then(Object(Closure))
#84 C:\\xampp\\htdocs\\laravel-dev-assessment\\vendor\\laravel\\framework\\src\\Illuminate\\Foundation\\Http\\Kernel.php(145): Illuminate\\Foundation\\Http\\Kernel->sendRequestThroughRouter(Object(Illuminate\\Http\\Request))
#85 C:\\xampp\\htdocs\\laravel-dev-assessment\\vendor\\laravel\\framework\\src\\Illuminate\\Foundation\\Application.php(1190): Illuminate\\Foundation\\Http\\Kernel->handle(Object(Illuminate\\Http\\Request))
#86 C:\\xampp\\htdocs\\laravel-dev-assessment\\public\\index.php(17): Illuminate\\Foundation\\Application->handleRequest(Object(Illuminate\\Http\\Request))
#87 {main}
"} 
[2025-02-04 07:09:36] local.ERROR: SQLSTATE[42S02]: Base table or view not found: 1146 Table 'laravel-dev-assessment.skills' doesn't exist (Connection: mysql, SQL: select * from `skills`) {"userId":1,"exception":"[object] (Illuminate\\Database\\QueryException(code: 42S02): SQLSTATE[42S02]: Base table or view not found: 1146 Table 'laravel-dev-assessment.skills' doesn't exist (Connection: mysql, SQL: select * from `skills`) at C:\\xampp\\htdocs\\laravel-dev-assessment\\vendor\\laravel\\framework\\src\\Illuminate\\Database\\Connection.php:825)
[stacktrace]
#0 C:\\xampp\\htdocs\\laravel-dev-assessment\\vendor\\laravel\\framework\\src\\Illuminate\\Database\\Connection.php(779): Illuminate\\Database\\Connection->runQueryCallback('select * from `...', Array, Object(Closure))
#1 C:\\xampp\\htdocs\\laravel-dev-assessment\\vendor\\laravel\\framework\\src\\Illuminate\\Database\\Connection.php(398): Illuminate\\Database\\Connection->run('select * from `...', Array, Object(Closure))
#2 C:\\xampp\\htdocs\\laravel-dev-assessment\\vendor\\laravel\\framework\\src\\Illuminate\\Database\\Query\\Builder.php(3133): Illuminate\\Database\\Connection->select('select * from `...', Array, true)
#3 C:\\xampp\\htdocs\\laravel-dev-assessment\\vendor\\laravel\\framework\\src\\Illuminate\\Database\\Query\\Builder.php(3118): Illuminate\\Database\\Query\\Builder->runSelect()
#4 C:\\xampp\\htdocs\\laravel-dev-assessment\\vendor\\laravel\\framework\\src\\Illuminate\\Database\\Query\\Builder.php(3706): Illuminate\\Database\\Query\\Builder->Illuminate\\Database\\Query\\{closure}()
#5 C:\\xampp\\htdocs\\laravel-dev-assessment\\vendor\\laravel\\framework\\src\\Illuminate\\Database\\Query\\Builder.php(3117): Illuminate\\Database\\Query\\Builder->onceWithColumns(Array, Object(Closure))
#6 C:\\xampp\\htdocs\\laravel-dev-assessment\\vendor\\laravel\\framework\\src\\Illuminate\\Database\\Eloquent\\Builder.php(760): Illuminate\\Database\\Query\\Builder->get(Array)
#7 C:\\xampp\\htdocs\\laravel-dev-assessment\\vendor\\laravel\\framework\\src\\Illuminate\\Database\\Eloquent\\Builder.php(742): Illuminate\\Database\\Eloquent\\Builder->getModels(Array)
#8 C:\\xampp\\htdocs\\laravel-dev-assessment\\vendor\\laravel\\framework\\src\\Illuminate\\Database\\Eloquent\\Model.php(693): Illuminate\\Database\\Eloquent\\Builder->get(Array)
#9 C:\\xampp\\htdocs\\laravel-dev-assessment\\app\\Livewire\\Pages\\Skills\\Index.php(31): Illuminate\\Database\\Eloquent\\Model::all()
#10 C:\\xampp\\htdocs\\laravel-dev-assessment\\app\\Livewire\\Pages\\Skills\\Index.php(26): App\\Livewire\\Pages\\Skills\\Index->loadSkills()
#11 C:\\xampp\\htdocs\\laravel-dev-assessment\\vendor\\laravel\\framework\\src\\Illuminate\\Container\\BoundMethod.php(36): App\\Livewire\\Pages\\Skills\\Index->mount()
#12 C:\\xampp\\htdocs\\laravel-dev-assessment\\vendor\\laravel\\framework\\src\\Illuminate\\Container\\Util.php(43): Illuminate\\Container\\BoundMethod::Illuminate\\Container\\{closure}()
#13 C:\\xampp\\htdocs\\laravel-dev-assessment\\vendor\\laravel\\framework\\src\\Illuminate\\Container\\BoundMethod.php(95): Illuminate\\Container\\Util::unwrapIfClosure(Object(Closure))
#14 C:\\xampp\\htdocs\\laravel-dev-assessment\\vendor\\laravel\\framework\\src\\Illuminate\\Container\\BoundMethod.php(35): Illuminate\\Container\\BoundMethod::callBoundMethod(Object(Illuminate\\Foundation\\Application), Array, Object(Closure))
#15 C:\\xampp\\htdocs\\laravel-dev-assessment\\vendor\\livewire\\livewire\\src\\Wrapped.php(23): Illuminate\\Container\\BoundMethod::call(Object(Illuminate\\Foundation\\Application), Array, Array)
#16 C:\\xampp\\htdocs\\laravel-dev-assessment\\vendor\\livewire\\livewire\\src\\Features\\SupportLifecycleHooks\\SupportLifecycleHooks.php(134): Livewire\\Wrapped->__call('mount', Array)
#17 C:\\xampp\\htdocs\\laravel-dev-assessment\\vendor\\livewire\\livewire\\src\\Features\\SupportLifecycleHooks\\SupportLifecycleHooks.php(20): Livewire\\Features\\SupportLifecycleHooks\\SupportLifecycleHooks->callHook('mount', Array)
#18 C:\\xampp\\htdocs\\laravel-dev-assessment\\vendor\\livewire\\livewire\\src\\ComponentHook.php(19): Livewire\\Features\\SupportLifecycleHooks\\SupportLifecycleHooks->mount(Array, false)
#19 C:\\xampp\\htdocs\\laravel-dev-assessment\\vendor\\livewire\\livewire\\src\\ComponentHookRegistry.php(45): Livewire\\ComponentHook->callMount(Array, false)
#20 C:\\xampp\\htdocs\\laravel-dev-assessment\\vendor\\livewire\\livewire\\src\\EventBus.php(60): Livewire\\ComponentHookRegistry::Livewire\\{closure}(Object(App\\Livewire\\Pages\\Skills\\Index), Array, NULL, false)
#21 C:\\xampp\\htdocs\\laravel-dev-assessment\\vendor\\livewire\\livewire\\src\\helpers.php(98): Livewire\\EventBus->trigger('mount', Object(App\\Livewire\\Pages\\Skills\\Index), Array, NULL, false)
#22 C:\\xampp\\htdocs\\laravel-dev-assessment\\vendor\\livewire\\livewire\\src\\Mechanisms\\HandleComponents\\HandleComponents.php(50): Livewire\\trigger('mount', Object(App\\Livewire\\Pages\\Skills\\Index), Array, NULL, false)
#23 C:\\xampp\\htdocs\\laravel-dev-assessment\\vendor\\livewire\\livewire\\src\\LivewireManager.php(73): Livewire\\Mechanisms\\HandleComponents\\HandleComponents->mount('App\\\\Livewire\\\\Pa...', Array, NULL)
#24 C:\\xampp\\htdocs\\laravel-dev-assessment\\vendor\\livewire\\livewire\\src\\Features\\SupportPageComponents\\HandlesPageComponents.php(17): Livewire\\LivewireManager->mount('App\\\\Livewire\\\\Pa...', Array)
#25 C:\\xampp\\htdocs\\laravel-dev-assessment\\vendor\\livewire\\livewire\\src\\Features\\SupportPageComponents\\SupportPageComponents.php(117): Livewire\\Component->Livewire\\Features\\SupportPageComponents\\{closure}()
#26 C:\\xampp\\htdocs\\laravel-dev-assessment\\vendor\\livewire\\livewire\\src\\Features\\SupportPageComponents\\HandlesPageComponents.php(14): Livewire\\Features\\SupportPageComponents\\SupportPageComponents::interceptTheRenderOfTheComponentAndRetreiveTheLayoutConfiguration(Object(Closure))
#27 C:\\xampp\\htdocs\\laravel-dev-assessment\\vendor\\laravel\\framework\\src\\Illuminate\\Routing\\ControllerDispatcher.php(47): Livewire\\Component->__invoke()
#28 C:\\xampp\\htdocs\\laravel-dev-assessment\\vendor\\laravel\\framework\\src\\Illuminate\\Routing\\Route.php(266): Illuminate\\Routing\\ControllerDispatcher->dispatch(Object(Illuminate\\Routing\\Route), Object(App\\Livewire\\Pages\\Skills\\Index), '__invoke')
#29 C:\\xampp\\htdocs\\laravel-dev-assessment\\vendor\\laravel\\framework\\src\\Illuminate\\Routing\\Route.php(212): Illuminate\\Routing\\Route->runController()
#30 C:\\xampp\\htdocs\\laravel-dev-assessment\\vendor\\laravel\\framework\\src\\Illuminate\\Routing\\Router.php(808): Illuminate\\Routing\\Route->run()
#31 C:\\xampp\\htdocs\\laravel-dev-assessment\\vendor\\laravel\\framework\\src\\Illuminate\\Pipeline\\Pipeline.php(144): Illuminate\\Routing\\Router->Illuminate\\Routing\\{closure}(Object(Illuminate\\Http\\Request))
#32 C:\\xampp\\htdocs\\laravel-dev-assessment\\vendor\\spatie\\laravel-permission\\src\\Middleware\\RoleMiddleware.php(39): Illuminate\\Pipeline\\Pipeline->Illuminate\\Pipeline\\{closure}(Object(Illuminate\\Http\\Request))
#33 C:\\xampp\\htdocs\\laravel-dev-assessment\\vendor\\laravel\\framework\\src\\Illuminate\\Pipeline\\Pipeline.php(183): Spatie\\Permission\\Middleware\\RoleMiddleware->handle(Object(Illuminate\\Http\\Request), Object(Closure), 'admin')
#34 C:\\xampp\\htdocs\\laravel-dev-assessment\\vendor\\laravel\\framework\\src\\Illuminate\\Http\\Middleware\\AddLinkHeadersForPreloadedAssets.php(20): Illuminate\\Pipeline\\Pipeline->Illuminate\\Pipeline\\{closure}(Object(Illuminate\\Http\\Request))
#35 C:\\xampp\\htdocs\\laravel-dev-assessment\\vendor\\laravel\\framework\\src\\Illuminate\\Pipeline\\Pipeline.php(183): Illuminate\\Http\\Middleware\\AddLinkHeadersForPreloadedAssets->handle(Object(Illuminate\\Http\\Request), Object(Closure))
#36 C:\\xampp\\htdocs\\laravel-dev-assessment\\vendor\\inertiajs\\inertia-laravel\\src\\Middleware.php(86): Illuminate\\Pipeline\\Pipeline->Illuminate\\Pipeline\\{closure}(Object(Illuminate\\Http\\Request))
#37 C:\\xampp\\htdocs\\laravel-dev-assessment\\vendor\\laravel\\framework\\src\\Illuminate\\Pipeline\\Pipeline.php(183): Inertia\\Middleware->handle(Object(Illuminate\\Http\\Request), Object(Closure))
#38 C:\\xampp\\htdocs\\laravel-dev-assessment\\vendor\\laravel\\framework\\src\\Illuminate\\Routing\\Middleware\\SubstituteBindings.php(51): Illuminate\\Pipeline\\Pipeline->Illuminate\\Pipeline\\{closure}(Object(Illuminate\\Http\\Request))
#39 C:\\xampp\\htdocs\\laravel-dev-assessment\\vendor\\laravel\\framework\\src\\Illuminate\\Pipeline\\Pipeline.php(183): Illuminate\\Routing\\Middleware\\SubstituteBindings->handle(Object(Illuminate\\Http\\Request), Object(Closure))
#40 C:\\xampp\\htdocs\\laravel-dev-assessment\\vendor\\laravel\\framework\\src\\Illuminate\\Auth\\Middleware\\Authenticate.php(64): Illuminate\\Pipeline\\Pipeline->Illuminate\\Pipeline\\{closure}(Object(Illuminate\\Http\\Request))
#41 C:\\xampp\\htdocs\\laravel-dev-assessment\\vendor\\laravel\\framework\\src\\Illuminate\\Pipeline\\Pipeline.php(183): Illuminate\\Auth\\Middleware\\Authenticate->handle(Object(Illuminate\\Http\\Request), Object(Closure))
#42 C:\\xampp\\htdocs\\laravel-dev-assessment\\vendor\\laravel\\framework\\src\\Illuminate\\Foundation\\Http\\Middleware\\VerifyCsrfToken.php(88): Illuminate\\Pipeline\\Pipeline->Illuminate\\Pipeline\\{closure}(Object(Illuminate\\Http\\Request))
#43 C:\\xampp\\htdocs\\laravel-dev-assessment\\vendor\\laravel\\framework\\src\\Illuminate\\Pipeline\\Pipeline.php(183): Illuminate\\Foundation\\Http\\Middleware\\VerifyCsrfToken->handle(Object(Illuminate\\Http\\Request), Object(Closure))
#44 C:\\xampp\\htdocs\\laravel-dev-assessment\\vendor\\laravel\\framework\\src\\Illuminate\\View\\Middleware\\ShareErrorsFromSession.php(49): Illuminate\\Pipeline\\Pipeline->Illuminate\\Pipeline\\{closure}(Object(Illuminate\\Http\\Request))
#45 C:\\xampp\\htdocs\\laravel-dev-assessment\\vendor\\laravel\\framework\\src\\Illuminate\\Pipeline\\Pipeline.php(183): Illuminate\\View\\Middleware\\ShareErrorsFromSession->handle(Object(Illuminate\\Http\\Request), Object(Closure))
#46 C:\\xampp\\htdocs\\laravel-dev-assessment\\vendor\\laravel\\framework\\src\\Illuminate\\Session\\Middleware\\StartSession.php(121): Illuminate\\Pipeline\\Pipeline->Illuminate\\Pipeline\\{closure}(Object(Illuminate\\Http\\Request))
#47 C:\\xampp\\htdocs\\laravel-dev-assessment\\vendor\\laravel\\framework\\src\\Illuminate\\Session\\Middleware\\StartSession.php(64): Illuminate\\Session\\Middleware\\StartSession->handleStatefulRequest(Object(Illuminate\\Http\\Request), Object(Illuminate\\Session\\Store), Object(Closure))
#48 C:\\xampp\\htdocs\\laravel-dev-assessment\\vendor\\laravel\\framework\\src\\Illuminate\\Pipeline\\Pipeline.php(183): Illuminate\\Session\\Middleware\\StartSession->handle(Object(Illuminate\\Http\\Request), Object(Closure))
#49 C:\\xampp\\htdocs\\laravel-dev-assessment\\vendor\\laravel\\framework\\src\\Illuminate\\Cookie\\Middleware\\AddQueuedCookiesToResponse.php(37): Illuminate\\Pipeline\\Pipeline->Illuminate\\Pipeline\\{closure}(Object(Illuminate\\Http\\Request))
#50 C:\\xampp\\htdocs\\laravel-dev-assessment\\vendor\\laravel\\framework\\src\\Illuminate\\Pipeline\\Pipeline.php(183): Illuminate\\Cookie\\Middleware\\AddQueuedCookiesToResponse->handle(Object(Illuminate\\Http\\Request), Object(Closure))
#51 C:\\xampp\\htdocs\\laravel-dev-assessment\\vendor\\laravel\\framework\\src\\Illuminate\\Cookie\\Middleware\\EncryptCookies.php(75): Illuminate\\Pipeline\\Pipeline->Illuminate\\Pipeline\\{closure}(Object(Illuminate\\Http\\Request))
#52 C:\\xampp\\htdocs\\laravel-dev-assessment\\vendor\\laravel\\framework\\src\\Illuminate\\Pipeline\\Pipeline.php(183): Illuminate\\Cookie\\Middleware\\EncryptCookies->handle(Object(Illuminate\\Http\\Request), Object(Closure))
#53 C:\\xampp\\htdocs\\laravel-dev-assessment\\vendor\\laravel\\framework\\src\\Illuminate\\Pipeline\\Pipeline.php(119): Illuminate\\Pipeline\\Pipeline->Illuminate\\Pipeline\\{closure}(Object(Illuminate\\Http\\Request))
#54 C:\\xampp\\htdocs\\laravel-dev-assessment\\vendor\\laravel\\framework\\src\\Illuminate\\Routing\\Router.php(807): Illuminate\\Pipeline\\Pipeline->then(Object(Closure))
#55 C:\\xampp\\htdocs\\laravel-dev-assessment\\vendor\\laravel\\framework\\src\\Illuminate\\Routing\\Router.php(786): Illuminate\\Routing\\Router->runRouteWithinStack(Object(Illuminate\\Routing\\Route), Object(Illuminate\\Http\\Request))
#56 C:\\xampp\\htdocs\\laravel-dev-assessment\\vendor\\laravel\\framework\\src\\Illuminate\\Routing\\Router.php(750): Illuminate\\Routing\\Router->runRoute(Object(Illuminate\\Http\\Request), Object(Illuminate\\Routing\\Route))
#57 C:\\xampp\\htdocs\\laravel-dev-assessment\\vendor\\laravel\\framework\\src\\Illuminate\\Routing\\Router.php(739): Illuminate\\Routing\\Router->dispatchToRoute(Object(Illuminate\\Http\\Request))
#58 C:\\xampp\\htdocs\\laravel-dev-assessment\\vendor\\laravel\\framework\\src\\Illuminate\\Foundation\\Http\\Kernel.php(201): Illuminate\\Routing\\Router->dispatch(Object(Illuminate\\Http\\Request))
#59 C:\\xampp\\htdocs\\laravel-dev-assessment\\vendor\\laravel\\framework\\src\\Illuminate\\Pipeline\\Pipeline.php(144): Illuminate\\Foundation\\Http\\Kernel->Illuminate\\Foundation\\Http\\{closure}(Object(Illuminate\\Http\\Request))
#60 C:\\xampp\\htdocs\\laravel-dev-assessment\\vendor\\livewire\\livewire\\src\\Features\\SupportDisablingBackButtonCache\\DisableBackButtonCacheMiddleware.php(19): Illuminate\\Pipeline\\Pipeline->Illuminate\\Pipeline\\{closure}(Object(Illuminate\\Http\\Request))
#61 C:\\xampp\\htdocs\\laravel-dev-assessment\\vendor\\laravel\\framework\\src\\Illuminate\\Pipeline\\Pipeline.php(183): Livewire\\Features\\SupportDisablingBackButtonCache\\DisableBackButtonCacheMiddleware->handle(Object(Illuminate\\Http\\Request), Object(Closure))
#62 C:\\xampp\\htdocs\\laravel-dev-assessment\\vendor\\barryvdh\\laravel-debugbar\\src\\Middleware\\InjectDebugbar.php(66): Illuminate\\Pipeline\\Pipeline->Illuminate\\Pipeline\\{closure}(Object(Illuminate\\Http\\Request))
#63 C:\\xampp\\htdocs\\laravel-dev-assessment\\vendor\\laravel\\framework\\src\\Illuminate\\Pipeline\\Pipeline.php(183): Barryvdh\\Debugbar\\Middleware\\InjectDebugbar->handle(Object(Illuminate\\Http\\Request), Object(Closure))
#64 C:\\xampp\\htdocs\\laravel-dev-assessment\\vendor\\laravel\\framework\\src\\Illuminate\\Foundation\\Http\\Middleware\\TransformsRequest.php(21): Illuminate\\Pipeline\\Pipeline->Illuminate\\Pipeline\\{closure}(Object(Illuminate\\Http\\Request))
#65 C:\\xampp\\htdocs\\laravel-dev-assessment\\vendor\\laravel\\framework\\src\\Illuminate\\Foundation\\Http\\Middleware\\ConvertEmptyStringsToNull.php(31): Illuminate\\Foundation\\Http\\Middleware\\TransformsRequest->handle(Object(Illuminate\\Http\\Request), Object(Closure))
#66 C:\\xampp\\htdocs\\laravel-dev-assessment\\vendor\\laravel\\framework\\src\\Illuminate\\Pipeline\\Pipeline.php(183): Illuminate\\Foundation\\Http\\Middleware\\ConvertEmptyStringsToNull->handle(Object(Illuminate\\Http\\Request), Object(Closure))
#67 C:\\xampp\\htdocs\\laravel-dev-assessment\\vendor\\laravel\\framework\\src\\Illuminate\\Foundation\\Http\\Middleware\\TransformsRequest.php(21): Illuminate\\Pipeline\\Pipeline->Illuminate\\Pipeline\\{closure}(Object(Illuminate\\Http\\Request))
#68 C:\\xampp\\htdocs\\laravel-dev-assessment\\vendor\\laravel\\framework\\src\\Illuminate\\Foundation\\Http\\Middleware\\TrimStrings.php(51): Illuminate\\Foundation\\Http\\Middleware\\TransformsRequest->handle(Object(Illuminate\\Http\\Request), Object(Closure))
#69 C:\\xampp\\htdocs\\laravel-dev-assessment\\vendor\\laravel\\framework\\src\\Illuminate\\Pipeline\\Pipeline.php(183): Illuminate\\Foundation\\Http\\Middleware\\TrimStrings->handle(Object(Illuminate\\Http\\Request), Object(Closure))
#70 C:\\xampp\\htdocs\\laravel-dev-assessment\\vendor\\laravel\\framework\\src\\Illuminate\\Http\\Middleware\\ValidatePostSize.php(27): Illuminate\\Pipeline\\Pipeline->Illuminate\\Pipeline\\{closure}(Object(Illuminate\\Http\\Request))
#71 C:\\xampp\\htdocs\\laravel-dev-assessment\\vendor\\laravel\\framework\\src\\Illuminate\\Pipeline\\Pipeline.php(183): Illuminate\\Http\\Middleware\\ValidatePostSize->handle(Object(Illuminate\\Http\\Request), Object(Closure))
#72 C:\\xampp\\htdocs\\laravel-dev-assessment\\vendor\\laravel\\framework\\src\\Illuminate\\Foundation\\Http\\Middleware\\PreventRequestsDuringMaintenance.php(110): Illuminate\\Pipeline\\Pipeline->Illuminate\\Pipeline\\{closure}(Object(Illuminate\\Http\\Request))
#73 C:\\xampp\\htdocs\\laravel-dev-assessment\\vendor\\laravel\\framework\\src\\Illuminate\\Pipeline\\Pipeline.php(183): Illuminate\\Foundation\\Http\\Middleware\\PreventRequestsDuringMaintenance->handle(Object(Illuminate\\Http\\Request), Object(Closure))
#74 C:\\xampp\\htdocs\\laravel-dev-assessment\\vendor\\laravel\\framework\\src\\Illuminate\\Http\\Middleware\\HandleCors.php(49): Illuminate\\Pipeline\\Pipeline->Illuminate\\Pipeline\\{closure}(Object(Illuminate\\Http\\Request))
#75 C:\\xampp\\htdocs\\laravel-dev-assessment\\vendor\\laravel\\framework\\src\\Illuminate\\Pipeline\\Pipeline.php(183): Illuminate\\Http\\Middleware\\HandleCors->handle(Object(Illuminate\\Http\\Request), Object(Closure))
#76 C:\\xampp\\htdocs\\laravel-dev-assessment\\vendor\\laravel\\framework\\src\\Illuminate\\Http\\Middleware\\TrustProxies.php(58): Illuminate\\Pipeline\\Pipeline->Illuminate\\Pipeline\\{closure}(Object(Illuminate\\Http\\Request))
#77 C:\\xampp\\htdocs\\laravel-dev-assessment\\vendor\\laravel\\framework\\src\\Illuminate\\Pipeline\\Pipeline.php(183): Illuminate\\Http\\Middleware\\TrustProxies->handle(Object(Illuminate\\Http\\Request), Object(Closure))
#78 C:\\xampp\\htdocs\\laravel-dev-assessment\\vendor\\laravel\\framework\\src\\Illuminate\\Foundation\\Http\\Middleware\\InvokeDeferredCallbacks.php(22): Illuminate\\Pipeline\\Pipeline->Illuminate\\Pipeline\\{closure}(Object(Illuminate\\Http\\Request))
#79 C:\\xampp\\htdocs\\laravel-dev-assessment\\vendor\\laravel\\framework\\src\\Illuminate\\Pipeline\\Pipeline.php(183): Illuminate\\Foundation\\Http\\Middleware\\InvokeDeferredCallbacks->handle(Object(Illuminate\\Http\\Request), Object(Closure))
#80 C:\\xampp\\htdocs\\laravel-dev-assessment\\vendor\\laravel\\framework\\src\\Illuminate\\Pipeline\\Pipeline.php(119): Illuminate\\Pipeline\\Pipeline->Illuminate\\Pipeline\\{closure}(Object(Illuminate\\Http\\Request))
#81 C:\\xampp\\htdocs\\laravel-dev-assessment\\vendor\\laravel\\framework\\src\\Illuminate\\Foundation\\Http\\Kernel.php(176): Illuminate\\Pipeline\\Pipeline->then(Object(Closure))
#82 C:\\xampp\\htdocs\\laravel-dev-assessment\\vendor\\laravel\\framework\\src\\Illuminate\\Foundation\\Http\\Kernel.php(145): Illuminate\\Foundation\\Http\\Kernel->sendRequestThroughRouter(Object(Illuminate\\Http\\Request))
#83 C:\\xampp\\htdocs\\laravel-dev-assessment\\vendor\\laravel\\framework\\src\\Illuminate\\Foundation\\Application.php(1190): Illuminate\\Foundation\\Http\\Kernel->handle(Object(Illuminate\\Http\\Request))
#84 C:\\xampp\\htdocs\\laravel-dev-assessment\\public\\index.php(17): Illuminate\\Foundation\\Application->handleRequest(Object(Illuminate\\Http\\Request))
#85 {main}

[previous exception] [object] (PDOException(code: 42S02): SQLSTATE[42S02]: Base table or view not found: 1146 Table 'laravel-dev-assessment.skills' doesn't exist at C:\\xampp\\htdocs\\laravel-dev-assessment\\vendor\\laravel\\framework\\src\\Illuminate\\Database\\Connection.php:407)
[stacktrace]
#0 C:\\xampp\\htdocs\\laravel-dev-assessment\\vendor\\laravel\\framework\\src\\Illuminate\\Database\\Connection.php(407): PDO->prepare('select * from `...')
#1 C:\\xampp\\htdocs\\laravel-dev-assessment\\vendor\\laravel\\framework\\src\\Illuminate\\Database\\Connection.php(812): Illuminate\\Database\\Connection->Illuminate\\Database\\{closure}('select * from `...', Array)
#2 C:\\xampp\\htdocs\\laravel-dev-assessment\\vendor\\laravel\\framework\\src\\Illuminate\\Database\\Connection.php(779): Illuminate\\Database\\Connection->runQueryCallback('select * from `...', Array, Object(Closure))
#3 C:\\xampp\\htdocs\\laravel-dev-assessment\\vendor\\laravel\\framework\\src\\Illuminate\\Database\\Connection.php(398): Illuminate\\Database\\Connection->run('select * from `...', Array, Object(Closure))
#4 C:\\xampp\\htdocs\\laravel-dev-assessment\\vendor\\laravel\\framework\\src\\Illuminate\\Database\\Query\\Builder.php(3133): Illuminate\\Database\\Connection->select('select * from `...', Array, true)
#5 C:\\xampp\\htdocs\\laravel-dev-assessment\\vendor\\laravel\\framework\\src\\Illuminate\\Database\\Query\\Builder.php(3118): Illuminate\\Database\\Query\\Builder->runSelect()
#6 C:\\xampp\\htdocs\\laravel-dev-assessment\\vendor\\laravel\\framework\\src\\Illuminate\\Database\\Query\\Builder.php(3706): Illuminate\\Database\\Query\\Builder->Illuminate\\Database\\Query\\{closure}()
#7 C:\\xampp\\htdocs\\laravel-dev-assessment\\vendor\\laravel\\framework\\src\\Illuminate\\Database\\Query\\Builder.php(3117): Illuminate\\Database\\Query\\Builder->onceWithColumns(Array, Object(Closure))
#8 C:\\xampp\\htdocs\\laravel-dev-assessment\\vendor\\laravel\\framework\\src\\Illuminate\\Database\\Eloquent\\Builder.php(760): Illuminate\\Database\\Query\\Builder->get(Array)
#9 C:\\xampp\\htdocs\\laravel-dev-assessment\\vendor\\laravel\\framework\\src\\Illuminate\\Database\\Eloquent\\Builder.php(742): Illuminate\\Database\\Eloquent\\Builder->getModels(Array)
#10 C:\\xampp\\htdocs\\laravel-dev-assessment\\vendor\\laravel\\framework\\src\\Illuminate\\Database\\Eloquent\\Model.php(693): Illuminate\\Database\\Eloquent\\Builder->get(Array)
#11 C:\\xampp\\htdocs\\laravel-dev-assessment\\app\\Livewire\\Pages\\Skills\\Index.php(31): Illuminate\\Database\\Eloquent\\Model::all()
#12 C:\\xampp\\htdocs\\laravel-dev-assessment\\app\\Livewire\\Pages\\Skills\\Index.php(26): App\\Livewire\\Pages\\Skills\\Index->loadSkills()
#13 C:\\xampp\\htdocs\\laravel-dev-assessment\\vendor\\laravel\\framework\\src\\Illuminate\\Container\\BoundMethod.php(36): App\\Livewire\\Pages\\Skills\\Index->mount()
#14 C:\\xampp\\htdocs\\laravel-dev-assessment\\vendor\\laravel\\framework\\src\\Illuminate\\Container\\Util.php(43): Illuminate\\Container\\BoundMethod::Illuminate\\Container\\{closure}()
#15 C:\\xampp\\htdocs\\laravel-dev-assessment\\vendor\\laravel\\framework\\src\\Illuminate\\Container\\BoundMethod.php(95): Illuminate\\Container\\Util::unwrapIfClosure(Object(Closure))
#16 C:\\xampp\\htdocs\\laravel-dev-assessment\\vendor\\laravel\\framework\\src\\Illuminate\\Container\\BoundMethod.php(35): Illuminate\\Container\\BoundMethod::callBoundMethod(Object(Illuminate\\Foundation\\Application), Array, Object(Closure))
#17 C:\\xampp\\htdocs\\laravel-dev-assessment\\vendor\\livewire\\livewire\\src\\Wrapped.php(23): Illuminate\\Container\\BoundMethod::call(Object(Illuminate\\Foundation\\Application), Array, Array)
#18 C:\\xampp\\htdocs\\laravel-dev-assessment\\vendor\\livewire\\livewire\\src\\Features\\SupportLifecycleHooks\\SupportLifecycleHooks.php(134): Livewire\\Wrapped->__call('mount', Array)
#19 C:\\xampp\\htdocs\\laravel-dev-assessment\\vendor\\livewire\\livewire\\src\\Features\\SupportLifecycleHooks\\SupportLifecycleHooks.php(20): Livewire\\Features\\SupportLifecycleHooks\\SupportLifecycleHooks->callHook('mount', Array)
#20 C:\\xampp\\htdocs\\laravel-dev-assessment\\vendor\\livewire\\livewire\\src\\ComponentHook.php(19): Livewire\\Features\\SupportLifecycleHooks\\SupportLifecycleHooks->mount(Array, false)
#21 C:\\xampp\\htdocs\\laravel-dev-assessment\\vendor\\livewire\\livewire\\src\\ComponentHookRegistry.php(45): Livewire\\ComponentHook->callMount(Array, false)
#22 C:\\xampp\\htdocs\\laravel-dev-assessment\\vendor\\livewire\\livewire\\src\\EventBus.php(60): Livewire\\ComponentHookRegistry::Livewire\\{closure}(Object(App\\Livewire\\Pages\\Skills\\Index), Array, NULL, false)
#23 C:\\xampp\\htdocs\\laravel-dev-assessment\\vendor\\livewire\\livewire\\src\\helpers.php(98): Livewire\\EventBus->trigger('mount', Object(App\\Livewire\\Pages\\Skills\\Index), Array, NULL, false)
#24 C:\\xampp\\htdocs\\laravel-dev-assessment\\vendor\\livewire\\livewire\\src\\Mechanisms\\HandleComponents\\HandleComponents.php(50): Livewire\\trigger('mount', Object(App\\Livewire\\Pages\\Skills\\Index), Array, NULL, false)
#25 C:\\xampp\\htdocs\\laravel-dev-assessment\\vendor\\livewire\\livewire\\src\\LivewireManager.php(73): Livewire\\Mechanisms\\HandleComponents\\HandleComponents->mount('App\\\\Livewire\\\\Pa...', Array, NULL)
#26 C:\\xampp\\htdocs\\laravel-dev-assessment\\vendor\\livewire\\livewire\\src\\Features\\SupportPageComponents\\HandlesPageComponents.php(17): Livewire\\LivewireManager->mount('App\\\\Livewire\\\\Pa...', Array)
#27 C:\\xampp\\htdocs\\laravel-dev-assessment\\vendor\\livewire\\livewire\\src\\Features\\SupportPageComponents\\SupportPageComponents.php(117): Livewire\\Component->Livewire\\Features\\SupportPageComponents\\{closure}()
#28 C:\\xampp\\htdocs\\laravel-dev-assessment\\vendor\\livewire\\livewire\\src\\Features\\SupportPageComponents\\HandlesPageComponents.php(14): Livewire\\Features\\SupportPageComponents\\SupportPageComponents::interceptTheRenderOfTheComponentAndRetreiveTheLayoutConfiguration(Object(Closure))
#29 C:\\xampp\\htdocs\\laravel-dev-assessment\\vendor\\laravel\\framework\\src\\Illuminate\\Routing\\ControllerDispatcher.php(47): Livewire\\Component->__invoke()
#30 C:\\xampp\\htdocs\\laravel-dev-assessment\\vendor\\laravel\\framework\\src\\Illuminate\\Routing\\Route.php(266): Illuminate\\Routing\\ControllerDispatcher->dispatch(Object(Illuminate\\Routing\\Route), Object(App\\Livewire\\Pages\\Skills\\Index), '__invoke')
#31 C:\\xampp\\htdocs\\laravel-dev-assessment\\vendor\\laravel\\framework\\src\\Illuminate\\Routing\\Route.php(212): Illuminate\\Routing\\Route->runController()
#32 C:\\xampp\\htdocs\\laravel-dev-assessment\\vendor\\laravel\\framework\\src\\Illuminate\\Routing\\Router.php(808): Illuminate\\Routing\\Route->run()
#33 C:\\xampp\\htdocs\\laravel-dev-assessment\\vendor\\laravel\\framework\\src\\Illuminate\\Pipeline\\Pipeline.php(144): Illuminate\\Routing\\Router->Illuminate\\Routing\\{closure}(Object(Illuminate\\Http\\Request))
#34 C:\\xampp\\htdocs\\laravel-dev-assessment\\vendor\\spatie\\laravel-permission\\src\\Middleware\\RoleMiddleware.php(39): Illuminate\\Pipeline\\Pipeline->Illuminate\\Pipeline\\{closure}(Object(Illuminate\\Http\\Request))
#35 C:\\xampp\\htdocs\\laravel-dev-assessment\\vendor\\laravel\\framework\\src\\Illuminate\\Pipeline\\Pipeline.php(183): Spatie\\Permission\\Middleware\\RoleMiddleware->handle(Object(Illuminate\\Http\\Request), Object(Closure), 'admin')
#36 C:\\xampp\\htdocs\\laravel-dev-assessment\\vendor\\laravel\\framework\\src\\Illuminate\\Http\\Middleware\\AddLinkHeadersForPreloadedAssets.php(20): Illuminate\\Pipeline\\Pipeline->Illuminate\\Pipeline\\{closure}(Object(Illuminate\\Http\\Request))
#37 C:\\xampp\\htdocs\\laravel-dev-assessment\\vendor\\laravel\\framework\\src\\Illuminate\\Pipeline\\Pipeline.php(183): Illuminate\\Http\\Middleware\\AddLinkHeadersForPreloadedAssets->handle(Object(Illuminate\\Http\\Request), Object(Closure))
#38 C:\\xampp\\htdocs\\laravel-dev-assessment\\vendor\\inertiajs\\inertia-laravel\\src\\Middleware.php(86): Illuminate\\Pipeline\\Pipeline->Illuminate\\Pipeline\\{closure}(Object(Illuminate\\Http\\Request))
#39 C:\\xampp\\htdocs\\laravel-dev-assessment\\vendor\\laravel\\framework\\src\\Illuminate\\Pipeline\\Pipeline.php(183): Inertia\\Middleware->handle(Object(Illuminate\\Http\\Request), Object(Closure))
#40 C:\\xampp\\htdocs\\laravel-dev-assessment\\vendor\\laravel\\framework\\src\\Illuminate\\Routing\\Middleware\\SubstituteBindings.php(51): Illuminate\\Pipeline\\Pipeline->Illuminate\\Pipeline\\{closure}(Object(Illuminate\\Http\\Request))
#41 C:\\xampp\\htdocs\\laravel-dev-assessment\\vendor\\laravel\\framework\\src\\Illuminate\\Pipeline\\Pipeline.php(183): Illuminate\\Routing\\Middleware\\SubstituteBindings->handle(Object(Illuminate\\Http\\Request), Object(Closure))
#42 C:\\xampp\\htdocs\\laravel-dev-assessment\\vendor\\laravel\\framework\\src\\Illuminate\\Auth\\Middleware\\Authenticate.php(64): Illuminate\\Pipeline\\Pipeline->Illuminate\\Pipeline\\{closure}(Object(Illuminate\\Http\\Request))
#43 C:\\xampp\\htdocs\\laravel-dev-assessment\\vendor\\laravel\\framework\\src\\Illuminate\\Pipeline\\Pipeline.php(183): Illuminate\\Auth\\Middleware\\Authenticate->handle(Object(Illuminate\\Http\\Request), Object(Closure))
#44 C:\\xampp\\htdocs\\laravel-dev-assessment\\vendor\\laravel\\framework\\src\\Illuminate\\Foundation\\Http\\Middleware\\VerifyCsrfToken.php(88): Illuminate\\Pipeline\\Pipeline->Illuminate\\Pipeline\\{closure}(Object(Illuminate\\Http\\Request))
#45 C:\\xampp\\htdocs\\laravel-dev-assessment\\vendor\\laravel\\framework\\src\\Illuminate\\Pipeline\\Pipeline.php(183): Illuminate\\Foundation\\Http\\Middleware\\VerifyCsrfToken->handle(Object(Illuminate\\Http\\Request), Object(Closure))
#46 C:\\xampp\\htdocs\\laravel-dev-assessment\\vendor\\laravel\\framework\\src\\Illuminate\\View\\Middleware\\ShareErrorsFromSession.php(49): Illuminate\\Pipeline\\Pipeline->Illuminate\\Pipeline\\{closure}(Object(Illuminate\\Http\\Request))
#47 C:\\xampp\\htdocs\\laravel-dev-assessment\\vendor\\laravel\\framework\\src\\Illuminate\\Pipeline\\Pipeline.php(183): Illuminate\\View\\Middleware\\ShareErrorsFromSession->handle(Object(Illuminate\\Http\\Request), Object(Closure))
#48 C:\\xampp\\htdocs\\laravel-dev-assessment\\vendor\\laravel\\framework\\src\\Illuminate\\Session\\Middleware\\StartSession.php(121): Illuminate\\Pipeline\\Pipeline->Illuminate\\Pipeline\\{closure}(Object(Illuminate\\Http\\Request))
#49 C:\\xampp\\htdocs\\laravel-dev-assessment\\vendor\\laravel\\framework\\src\\Illuminate\\Session\\Middleware\\StartSession.php(64): Illuminate\\Session\\Middleware\\StartSession->handleStatefulRequest(Object(Illuminate\\Http\\Request), Object(Illuminate\\Session\\Store), Object(Closure))
#50 C:\\xampp\\htdocs\\laravel-dev-assessment\\vendor\\laravel\\framework\\src\\Illuminate\\Pipeline\\Pipeline.php(183): Illuminate\\Session\\Middleware\\StartSession->handle(Object(Illuminate\\Http\\Request), Object(Closure))
#51 C:\\xampp\\htdocs\\laravel-dev-assessment\\vendor\\laravel\\framework\\src\\Illuminate\\Cookie\\Middleware\\AddQueuedCookiesToResponse.php(37): Illuminate\\Pipeline\\Pipeline->Illuminate\\Pipeline\\{closure}(Object(Illuminate\\Http\\Request))
#52 C:\\xampp\\htdocs\\laravel-dev-assessment\\vendor\\laravel\\framework\\src\\Illuminate\\Pipeline\\Pipeline.php(183): Illuminate\\Cookie\\Middleware\\AddQueuedCookiesToResponse->handle(Object(Illuminate\\Http\\Request), Object(Closure))
#53 C:\\xampp\\htdocs\\laravel-dev-assessment\\vendor\\laravel\\framework\\src\\Illuminate\\Cookie\\Middleware\\EncryptCookies.php(75): Illuminate\\Pipeline\\Pipeline->Illuminate\\Pipeline\\{closure}(Object(Illuminate\\Http\\Request))
#54 C:\\xampp\\htdocs\\laravel-dev-assessment\\vendor\\laravel\\framework\\src\\Illuminate\\Pipeline\\Pipeline.php(183): Illuminate\\Cookie\\Middleware\\EncryptCookies->handle(Object(Illuminate\\Http\\Request), Object(Closure))
#55 C:\\xampp\\htdocs\\laravel-dev-assessment\\vendor\\laravel\\framework\\src\\Illuminate\\Pipeline\\Pipeline.php(119): Illuminate\\Pipeline\\Pipeline->Illuminate\\Pipeline\\{closure}(Object(Illuminate\\Http\\Request))
#56 C:\\xampp\\htdocs\\laravel-dev-assessment\\vendor\\laravel\\framework\\src\\Illuminate\\Routing\\Router.php(807): Illuminate\\Pipeline\\Pipeline->then(Object(Closure))
#57 C:\\xampp\\htdocs\\laravel-dev-assessment\\vendor\\laravel\\framework\\src\\Illuminate\\Routing\\Router.php(786): Illuminate\\Routing\\Router->runRouteWithinStack(Object(Illuminate\\Routing\\Route), Object(Illuminate\\Http\\Request))
#58 C:\\xampp\\htdocs\\laravel-dev-assessment\\vendor\\laravel\\framework\\src\\Illuminate\\Routing\\Router.php(750): Illuminate\\Routing\\Router->runRoute(Object(Illuminate\\Http\\Request), Object(Illuminate\\Routing\\Route))
#59 C:\\xampp\\htdocs\\laravel-dev-assessment\\vendor\\laravel\\framework\\src\\Illuminate\\Routing\\Router.php(739): Illuminate\\Routing\\Router->dispatchToRoute(Object(Illuminate\\Http\\Request))
#60 C:\\xampp\\htdocs\\laravel-dev-assessment\\vendor\\laravel\\framework\\src\\Illuminate\\Foundation\\Http\\Kernel.php(201): Illuminate\\Routing\\Router->dispatch(Object(Illuminate\\Http\\Request))
#61 C:\\xampp\\htdocs\\laravel-dev-assessment\\vendor\\laravel\\framework\\src\\Illuminate\\Pipeline\\Pipeline.php(144): Illuminate\\Foundation\\Http\\Kernel->Illuminate\\Foundation\\Http\\{closure}(Object(Illuminate\\Http\\Request))
#62 C:\\xampp\\htdocs\\laravel-dev-assessment\\vendor\\livewire\\livewire\\src\\Features\\SupportDisablingBackButtonCache\\DisableBackButtonCacheMiddleware.php(19): Illuminate\\Pipeline\\Pipeline->Illuminate\\Pipeline\\{closure}(Object(Illuminate\\Http\\Request))
#63 C:\\xampp\\htdocs\\laravel-dev-assessment\\vendor\\laravel\\framework\\src\\Illuminate\\Pipeline\\Pipeline.php(183): Livewire\\Features\\SupportDisablingBackButtonCache\\DisableBackButtonCacheMiddleware->handle(Object(Illuminate\\Http\\Request), Object(Closure))
#64 C:\\xampp\\htdocs\\laravel-dev-assessment\\vendor\\barryvdh\\laravel-debugbar\\src\\Middleware\\InjectDebugbar.php(66): Illuminate\\Pipeline\\Pipeline->Illuminate\\Pipeline\\{closure}(Object(Illuminate\\Http\\Request))
#65 C:\\xampp\\htdocs\\laravel-dev-assessment\\vendor\\laravel\\framework\\src\\Illuminate\\Pipeline\\Pipeline.php(183): Barryvdh\\Debugbar\\Middleware\\InjectDebugbar->handle(Object(Illuminate\\Http\\Request), Object(Closure))
#66 C:\\xampp\\htdocs\\laravel-dev-assessment\\vendor\\laravel\\framework\\src\\Illuminate\\Foundation\\Http\\Middleware\\TransformsRequest.php(21): Illuminate\\Pipeline\\Pipeline->Illuminate\\Pipeline\\{closure}(Object(Illuminate\\Http\\Request))
#67 C:\\xampp\\htdocs\\laravel-dev-assessment\\vendor\\laravel\\framework\\src\\Illuminate\\Foundation\\Http\\Middleware\\ConvertEmptyStringsToNull.php(31): Illuminate\\Foundation\\Http\\Middleware\\TransformsRequest->handle(Object(Illuminate\\Http\\Request), Object(Closure))
#68 C:\\xampp\\htdocs\\laravel-dev-assessment\\vendor\\laravel\\framework\\src\\Illuminate\\Pipeline\\Pipeline.php(183): Illuminate\\Foundation\\Http\\Middleware\\ConvertEmptyStringsToNull->handle(Object(Illuminate\\Http\\Request), Object(Closure))
#69 C:\\xampp\\htdocs\\laravel-dev-assessment\\vendor\\laravel\\framework\\src\\Illuminate\\Foundation\\Http\\Middleware\\TransformsRequest.php(21): Illuminate\\Pipeline\\Pipeline->Illuminate\\Pipeline\\{closure}(Object(Illuminate\\Http\\Request))
#70 C:\\xampp\\htdocs\\laravel-dev-assessment\\vendor\\laravel\\framework\\src\\Illuminate\\Foundation\\Http\\Middleware\\TrimStrings.php(51): Illuminate\\Foundation\\Http\\Middleware\\TransformsRequest->handle(Object(Illuminate\\Http\\Request), Object(Closure))
#71 C:\\xampp\\htdocs\\laravel-dev-assessment\\vendor\\laravel\\framework\\src\\Illuminate\\Pipeline\\Pipeline.php(183): Illuminate\\Foundation\\Http\\Middleware\\TrimStrings->handle(Object(Illuminate\\Http\\Request), Object(Closure))
#72 C:\\xampp\\htdocs\\laravel-dev-assessment\\vendor\\laravel\\framework\\src\\Illuminate\\Http\\Middleware\\ValidatePostSize.php(27): Illuminate\\Pipeline\\Pipeline->Illuminate\\Pipeline\\{closure}(Object(Illuminate\\Http\\Request))
#73 C:\\xampp\\htdocs\\laravel-dev-assessment\\vendor\\laravel\\framework\\src\\Illuminate\\Pipeline\\Pipeline.php(183): Illuminate\\Http\\Middleware\\ValidatePostSize->handle(Object(Illuminate\\Http\\Request), Object(Closure))
#74 C:\\xampp\\htdocs\\laravel-dev-assessment\\vendor\\laravel\\framework\\src\\Illuminate\\Foundation\\Http\\Middleware\\PreventRequestsDuringMaintenance.php(110): Illuminate\\Pipeline\\Pipeline->Illuminate\\Pipeline\\{closure}(Object(Illuminate\\Http\\Request))
#75 C:\\xampp\\htdocs\\laravel-dev-assessment\\vendor\\laravel\\framework\\src\\Illuminate\\Pipeline\\Pipeline.php(183): Illuminate\\Foundation\\Http\\Middleware\\PreventRequestsDuringMaintenance->handle(Object(Illuminate\\Http\\Request), Object(Closure))
#76 C:\\xampp\\htdocs\\laravel-dev-assessment\\vendor\\laravel\\framework\\src\\Illuminate\\Http\\Middleware\\HandleCors.php(49): Illuminate\\Pipeline\\Pipeline->Illuminate\\Pipeline\\{closure}(Object(Illuminate\\Http\\Request))
#77 C:\\xampp\\htdocs\\laravel-dev-assessment\\vendor\\laravel\\framework\\src\\Illuminate\\Pipeline\\Pipeline.php(183): Illuminate\\Http\\Middleware\\HandleCors->handle(Object(Illuminate\\Http\\Request), Object(Closure))
#78 C:\\xampp\\htdocs\\laravel-dev-assessment\\vendor\\laravel\\framework\\src\\Illuminate\\Http\\Middleware\\TrustProxies.php(58): Illuminate\\Pipeline\\Pipeline->Illuminate\\Pipeline\\{closure}(Object(Illuminate\\Http\\Request))
#79 C:\\xampp\\htdocs\\laravel-dev-assessment\\vendor\\laravel\\framework\\src\\Illuminate\\Pipeline\\Pipeline.php(183): Illuminate\\Http\\Middleware\\TrustProxies->handle(Object(Illuminate\\Http\\Request), Object(Closure))
#80 C:\\xampp\\htdocs\\laravel-dev-assessment\\vendor\\laravel\\framework\\src\\Illuminate\\Foundation\\Http\\Middleware\\InvokeDeferredCallbacks.php(22): Illuminate\\Pipeline\\Pipeline->Illuminate\\Pipeline\\{closure}(Object(Illuminate\\Http\\Request))
#81 C:\\xampp\\htdocs\\laravel-dev-assessment\\vendor\\laravel\\framework\\src\\Illuminate\\Pipeline\\Pipeline.php(183): Illuminate\\Foundation\\Http\\Middleware\\InvokeDeferredCallbacks->handle(Object(Illuminate\\Http\\Request), Object(Closure))
#82 C:\\xampp\\htdocs\\laravel-dev-assessment\\vendor\\laravel\\framework\\src\\Illuminate\\Pipeline\\Pipeline.php(119): Illuminate\\Pipeline\\Pipeline->Illuminate\\Pipeline\\{closure}(Object(Illuminate\\Http\\Request))
#83 C:\\xampp\\htdocs\\laravel-dev-assessment\\vendor\\laravel\\framework\\src\\Illuminate\\Foundation\\Http\\Kernel.php(176): Illuminate\\Pipeline\\Pipeline->then(Object(Closure))
#84 C:\\xampp\\htdocs\\laravel-dev-assessment\\vendor\\laravel\\framework\\src\\Illuminate\\Foundation\\Http\\Kernel.php(145): Illuminate\\Foundation\\Http\\Kernel->sendRequestThroughRouter(Object(Illuminate\\Http\\Request))
#85 C:\\xampp\\htdocs\\laravel-dev-assessment\\vendor\\laravel\\framework\\src\\Illuminate\\Foundation\\Application.php(1190): Illuminate\\Foundation\\Http\\Kernel->handle(Object(Illuminate\\Http\\Request))
#86 C:\\xampp\\htdocs\\laravel-dev-assessment\\public\\index.php(17): Illuminate\\Foundation\\Application->handleRequest(Object(Illuminate\\Http\\Request))
#87 {main}
"} 
[2025-02-04 07:09:41] local.ERROR: SQLSTATE[42S02]: Base table or view not found: 1146 Table 'laravel-dev-assessment.skills' doesn't exist (Connection: mysql, SQL: select * from `skills`) {"userId":1,"exception":"[object] (Illuminate\\Database\\QueryException(code: 42S02): SQLSTATE[42S02]: Base table or view not found: 1146 Table 'laravel-dev-assessment.skills' doesn't exist (Connection: mysql, SQL: select * from `skills`) at C:\\xampp\\htdocs\\laravel-dev-assessment\\vendor\\laravel\\framework\\src\\Illuminate\\Database\\Connection.php:825)
[stacktrace]
#0 C:\\xampp\\htdocs\\laravel-dev-assessment\\vendor\\laravel\\framework\\src\\Illuminate\\Database\\Connection.php(779): Illuminate\\Database\\Connection->runQueryCallback('select * from `...', Array, Object(Closure))
#1 C:\\xampp\\htdocs\\laravel-dev-assessment\\vendor\\laravel\\framework\\src\\Illuminate\\Database\\Connection.php(398): Illuminate\\Database\\Connection->run('select * from `...', Array, Object(Closure))
#2 C:\\xampp\\htdocs\\laravel-dev-assessment\\vendor\\laravel\\framework\\src\\Illuminate\\Database\\Query\\Builder.php(3133): Illuminate\\Database\\Connection->select('select * from `...', Array, true)
#3 C:\\xampp\\htdocs\\laravel-dev-assessment\\vendor\\laravel\\framework\\src\\Illuminate\\Database\\Query\\Builder.php(3118): Illuminate\\Database\\Query\\Builder->runSelect()
#4 C:\\xampp\\htdocs\\laravel-dev-assessment\\vendor\\laravel\\framework\\src\\Illuminate\\Database\\Query\\Builder.php(3706): Illuminate\\Database\\Query\\Builder->Illuminate\\Database\\Query\\{closure}()
#5 C:\\xampp\\htdocs\\laravel-dev-assessment\\vendor\\laravel\\framework\\src\\Illuminate\\Database\\Query\\Builder.php(3117): Illuminate\\Database\\Query\\Builder->onceWithColumns(Array, Object(Closure))
#6 C:\\xampp\\htdocs\\laravel-dev-assessment\\vendor\\laravel\\framework\\src\\Illuminate\\Database\\Eloquent\\Builder.php(760): Illuminate\\Database\\Query\\Builder->get(Array)
#7 C:\\xampp\\htdocs\\laravel-dev-assessment\\vendor\\laravel\\framework\\src\\Illuminate\\Database\\Eloquent\\Builder.php(742): Illuminate\\Database\\Eloquent\\Builder->getModels(Array)
#8 C:\\xampp\\htdocs\\laravel-dev-assessment\\vendor\\laravel\\framework\\src\\Illuminate\\Database\\Eloquent\\Model.php(693): Illuminate\\Database\\Eloquent\\Builder->get(Array)
#9 C:\\xampp\\htdocs\\laravel-dev-assessment\\app\\Livewire\\Pages\\Skills\\Index.php(31): Illuminate\\Database\\Eloquent\\Model::all()
#10 C:\\xampp\\htdocs\\laravel-dev-assessment\\app\\Livewire\\Pages\\Skills\\Index.php(26): App\\Livewire\\Pages\\Skills\\Index->loadSkills()
#11 C:\\xampp\\htdocs\\laravel-dev-assessment\\vendor\\laravel\\framework\\src\\Illuminate\\Container\\BoundMethod.php(36): App\\Livewire\\Pages\\Skills\\Index->mount()
#12 C:\\xampp\\htdocs\\laravel-dev-assessment\\vendor\\laravel\\framework\\src\\Illuminate\\Container\\Util.php(43): Illuminate\\Container\\BoundMethod::Illuminate\\Container\\{closure}()
#13 C:\\xampp\\htdocs\\laravel-dev-assessment\\vendor\\laravel\\framework\\src\\Illuminate\\Container\\BoundMethod.php(95): Illuminate\\Container\\Util::unwrapIfClosure(Object(Closure))
#14 C:\\xampp\\htdocs\\laravel-dev-assessment\\vendor\\laravel\\framework\\src\\Illuminate\\Container\\BoundMethod.php(35): Illuminate\\Container\\BoundMethod::callBoundMethod(Object(Illuminate\\Foundation\\Application), Array, Object(Closure))
#15 C:\\xampp\\htdocs\\laravel-dev-assessment\\vendor\\livewire\\livewire\\src\\Wrapped.php(23): Illuminate\\Container\\BoundMethod::call(Object(Illuminate\\Foundation\\Application), Array, Array)
#16 C:\\xampp\\htdocs\\laravel-dev-assessment\\vendor\\livewire\\livewire\\src\\Features\\SupportLifecycleHooks\\SupportLifecycleHooks.php(134): Livewire\\Wrapped->__call('mount', Array)
#17 C:\\xampp\\htdocs\\laravel-dev-assessment\\vendor\\livewire\\livewire\\src\\Features\\SupportLifecycleHooks\\SupportLifecycleHooks.php(20): Livewire\\Features\\SupportLifecycleHooks\\SupportLifecycleHooks->callHook('mount', Array)
#18 C:\\xampp\\htdocs\\laravel-dev-assessment\\vendor\\livewire\\livewire\\src\\ComponentHook.php(19): Livewire\\Features\\SupportLifecycleHooks\\SupportLifecycleHooks->mount(Array, false)
#19 C:\\xampp\\htdocs\\laravel-dev-assessment\\vendor\\livewire\\livewire\\src\\ComponentHookRegistry.php(45): Livewire\\ComponentHook->callMount(Array, false)
#20 C:\\xampp\\htdocs\\laravel-dev-assessment\\vendor\\livewire\\livewire\\src\\EventBus.php(60): Livewire\\ComponentHookRegistry::Livewire\\{closure}(Object(App\\Livewire\\Pages\\Skills\\Index), Array, NULL, false)
#21 C:\\xampp\\htdocs\\laravel-dev-assessment\\vendor\\livewire\\livewire\\src\\helpers.php(98): Livewire\\EventBus->trigger('mount', Object(App\\Livewire\\Pages\\Skills\\Index), Array, NULL, false)
#22 C:\\xampp\\htdocs\\laravel-dev-assessment\\vendor\\livewire\\livewire\\src\\Mechanisms\\HandleComponents\\HandleComponents.php(50): Livewire\\trigger('mount', Object(App\\Livewire\\Pages\\Skills\\Index), Array, NULL, false)
#23 C:\\xampp\\htdocs\\laravel-dev-assessment\\vendor\\livewire\\livewire\\src\\LivewireManager.php(73): Livewire\\Mechanisms\\HandleComponents\\HandleComponents->mount('App\\\\Livewire\\\\Pa...', Array, NULL)
#24 C:\\xampp\\htdocs\\laravel-dev-assessment\\vendor\\livewire\\livewire\\src\\Features\\SupportPageComponents\\HandlesPageComponents.php(17): Livewire\\LivewireManager->mount('App\\\\Livewire\\\\Pa...', Array)
#25 C:\\xampp\\htdocs\\laravel-dev-assessment\\vendor\\livewire\\livewire\\src\\Features\\SupportPageComponents\\SupportPageComponents.php(117): Livewire\\Component->Livewire\\Features\\SupportPageComponents\\{closure}()
#26 C:\\xampp\\htdocs\\laravel-dev-assessment\\vendor\\livewire\\livewire\\src\\Features\\SupportPageComponents\\HandlesPageComponents.php(14): Livewire\\Features\\SupportPageComponents\\SupportPageComponents::interceptTheRenderOfTheComponentAndRetreiveTheLayoutConfiguration(Object(Closure))
#27 C:\\xampp\\htdocs\\laravel-dev-assessment\\vendor\\laravel\\framework\\src\\Illuminate\\Routing\\ControllerDispatcher.php(47): Livewire\\Component->__invoke()
#28 C:\\xampp\\htdocs\\laravel-dev-assessment\\vendor\\laravel\\framework\\src\\Illuminate\\Routing\\Route.php(266): Illuminate\\Routing\\ControllerDispatcher->dispatch(Object(Illuminate\\Routing\\Route), Object(App\\Livewire\\Pages\\Skills\\Index), '__invoke')
#29 C:\\xampp\\htdocs\\laravel-dev-assessment\\vendor\\laravel\\framework\\src\\Illuminate\\Routing\\Route.php(212): Illuminate\\Routing\\Route->runController()
#30 C:\\xampp\\htdocs\\laravel-dev-assessment\\vendor\\laravel\\framework\\src\\Illuminate\\Routing\\Router.php(808): Illuminate\\Routing\\Route->run()
#31 C:\\xampp\\htdocs\\laravel-dev-assessment\\vendor\\laravel\\framework\\src\\Illuminate\\Pipeline\\Pipeline.php(144): Illuminate\\Routing\\Router->Illuminate\\Routing\\{closure}(Object(Illuminate\\Http\\Request))
#32 C:\\xampp\\htdocs\\laravel-dev-assessment\\vendor\\spatie\\laravel-permission\\src\\Middleware\\RoleMiddleware.php(39): Illuminate\\Pipeline\\Pipeline->Illuminate\\Pipeline\\{closure}(Object(Illuminate\\Http\\Request))
#33 C:\\xampp\\htdocs\\laravel-dev-assessment\\vendor\\laravel\\framework\\src\\Illuminate\\Pipeline\\Pipeline.php(183): Spatie\\Permission\\Middleware\\RoleMiddleware->handle(Object(Illuminate\\Http\\Request), Object(Closure), 'admin')
#34 C:\\xampp\\htdocs\\laravel-dev-assessment\\vendor\\laravel\\framework\\src\\Illuminate\\Http\\Middleware\\AddLinkHeadersForPreloadedAssets.php(20): Illuminate\\Pipeline\\Pipeline->Illuminate\\Pipeline\\{closure}(Object(Illuminate\\Http\\Request))
#35 C:\\xampp\\htdocs\\laravel-dev-assessment\\vendor\\laravel\\framework\\src\\Illuminate\\Pipeline\\Pipeline.php(183): Illuminate\\Http\\Middleware\\AddLinkHeadersForPreloadedAssets->handle(Object(Illuminate\\Http\\Request), Object(Closure))
#36 C:\\xampp\\htdocs\\laravel-dev-assessment\\vendor\\inertiajs\\inertia-laravel\\src\\Middleware.php(86): Illuminate\\Pipeline\\Pipeline->Illuminate\\Pipeline\\{closure}(Object(Illuminate\\Http\\Request))
#37 C:\\xampp\\htdocs\\laravel-dev-assessment\\vendor\\laravel\\framework\\src\\Illuminate\\Pipeline\\Pipeline.php(183): Inertia\\Middleware->handle(Object(Illuminate\\Http\\Request), Object(Closure))
#38 C:\\xampp\\htdocs\\laravel-dev-assessment\\vendor\\laravel\\framework\\src\\Illuminate\\Routing\\Middleware\\SubstituteBindings.php(51): Illuminate\\Pipeline\\Pipeline->Illuminate\\Pipeline\\{closure}(Object(Illuminate\\Http\\Request))
#39 C:\\xampp\\htdocs\\laravel-dev-assessment\\vendor\\laravel\\framework\\src\\Illuminate\\Pipeline\\Pipeline.php(183): Illuminate\\Routing\\Middleware\\SubstituteBindings->handle(Object(Illuminate\\Http\\Request), Object(Closure))
#40 C:\\xampp\\htdocs\\laravel-dev-assessment\\vendor\\laravel\\framework\\src\\Illuminate\\Auth\\Middleware\\Authenticate.php(64): Illuminate\\Pipeline\\Pipeline->Illuminate\\Pipeline\\{closure}(Object(Illuminate\\Http\\Request))
#41 C:\\xampp\\htdocs\\laravel-dev-assessment\\vendor\\laravel\\framework\\src\\Illuminate\\Pipeline\\Pipeline.php(183): Illuminate\\Auth\\Middleware\\Authenticate->handle(Object(Illuminate\\Http\\Request), Object(Closure))
#42 C:\\xampp\\htdocs\\laravel-dev-assessment\\vendor\\laravel\\framework\\src\\Illuminate\\Foundation\\Http\\Middleware\\VerifyCsrfToken.php(88): Illuminate\\Pipeline\\Pipeline->Illuminate\\Pipeline\\{closure}(Object(Illuminate\\Http\\Request))
#43 C:\\xampp\\htdocs\\laravel-dev-assessment\\vendor\\laravel\\framework\\src\\Illuminate\\Pipeline\\Pipeline.php(183): Illuminate\\Foundation\\Http\\Middleware\\VerifyCsrfToken->handle(Object(Illuminate\\Http\\Request), Object(Closure))
#44 C:\\xampp\\htdocs\\laravel-dev-assessment\\vendor\\laravel\\framework\\src\\Illuminate\\View\\Middleware\\ShareErrorsFromSession.php(49): Illuminate\\Pipeline\\Pipeline->Illuminate\\Pipeline\\{closure}(Object(Illuminate\\Http\\Request))
#45 C:\\xampp\\htdocs\\laravel-dev-assessment\\vendor\\laravel\\framework\\src\\Illuminate\\Pipeline\\Pipeline.php(183): Illuminate\\View\\Middleware\\ShareErrorsFromSession->handle(Object(Illuminate\\Http\\Request), Object(Closure))
#46 C:\\xampp\\htdocs\\laravel-dev-assessment\\vendor\\laravel\\framework\\src\\Illuminate\\Session\\Middleware\\StartSession.php(121): Illuminate\\Pipeline\\Pipeline->Illuminate\\Pipeline\\{closure}(Object(Illuminate\\Http\\Request))
#47 C:\\xampp\\htdocs\\laravel-dev-assessment\\vendor\\laravel\\framework\\src\\Illuminate\\Session\\Middleware\\StartSession.php(64): Illuminate\\Session\\Middleware\\StartSession->handleStatefulRequest(Object(Illuminate\\Http\\Request), Object(Illuminate\\Session\\Store), Object(Closure))
#48 C:\\xampp\\htdocs\\laravel-dev-assessment\\vendor\\laravel\\framework\\src\\Illuminate\\Pipeline\\Pipeline.php(183): Illuminate\\Session\\Middleware\\StartSession->handle(Object(Illuminate\\Http\\Request), Object(Closure))
#49 C:\\xampp\\htdocs\\laravel-dev-assessment\\vendor\\laravel\\framework\\src\\Illuminate\\Cookie\\Middleware\\AddQueuedCookiesToResponse.php(37): Illuminate\\Pipeline\\Pipeline->Illuminate\\Pipeline\\{closure}(Object(Illuminate\\Http\\Request))
#50 C:\\xampp\\htdocs\\laravel-dev-assessment\\vendor\\laravel\\framework\\src\\Illuminate\\Pipeline\\Pipeline.php(183): Illuminate\\Cookie\\Middleware\\AddQueuedCookiesToResponse->handle(Object(Illuminate\\Http\\Request), Object(Closure))
#51 C:\\xampp\\htdocs\\laravel-dev-assessment\\vendor\\laravel\\framework\\src\\Illuminate\\Cookie\\Middleware\\EncryptCookies.php(75): Illuminate\\Pipeline\\Pipeline->Illuminate\\Pipeline\\{closure}(Object(Illuminate\\Http\\Request))
#52 C:\\xampp\\htdocs\\laravel-dev-assessment\\vendor\\laravel\\framework\\src\\Illuminate\\Pipeline\\Pipeline.php(183): Illuminate\\Cookie\\Middleware\\EncryptCookies->handle(Object(Illuminate\\Http\\Request), Object(Closure))
#53 C:\\xampp\\htdocs\\laravel-dev-assessment\\vendor\\laravel\\framework\\src\\Illuminate\\Pipeline\\Pipeline.php(119): Illuminate\\Pipeline\\Pipeline->Illuminate\\Pipeline\\{closure}(Object(Illuminate\\Http\\Request))
#54 C:\\xampp\\htdocs\\laravel-dev-assessment\\vendor\\laravel\\framework\\src\\Illuminate\\Routing\\Router.php(807): Illuminate\\Pipeline\\Pipeline->then(Object(Closure))
#55 C:\\xampp\\htdocs\\laravel-dev-assessment\\vendor\\laravel\\framework\\src\\Illuminate\\Routing\\Router.php(786): Illuminate\\Routing\\Router->runRouteWithinStack(Object(Illuminate\\Routing\\Route), Object(Illuminate\\Http\\Request))
#56 C:\\xampp\\htdocs\\laravel-dev-assessment\\vendor\\laravel\\framework\\src\\Illuminate\\Routing\\Router.php(750): Illuminate\\Routing\\Router->runRoute(Object(Illuminate\\Http\\Request), Object(Illuminate\\Routing\\Route))
#57 C:\\xampp\\htdocs\\laravel-dev-assessment\\vendor\\laravel\\framework\\src\\Illuminate\\Routing\\Router.php(739): Illuminate\\Routing\\Router->dispatchToRoute(Object(Illuminate\\Http\\Request))
#58 C:\\xampp\\htdocs\\laravel-dev-assessment\\vendor\\laravel\\framework\\src\\Illuminate\\Foundation\\Http\\Kernel.php(201): Illuminate\\Routing\\Router->dispatch(Object(Illuminate\\Http\\Request))
#59 C:\\xampp\\htdocs\\laravel-dev-assessment\\vendor\\laravel\\framework\\src\\Illuminate\\Pipeline\\Pipeline.php(144): Illuminate\\Foundation\\Http\\Kernel->Illuminate\\Foundation\\Http\\{closure}(Object(Illuminate\\Http\\Request))
#60 C:\\xampp\\htdocs\\laravel-dev-assessment\\vendor\\livewire\\livewire\\src\\Features\\SupportDisablingBackButtonCache\\DisableBackButtonCacheMiddleware.php(19): Illuminate\\Pipeline\\Pipeline->Illuminate\\Pipeline\\{closure}(Object(Illuminate\\Http\\Request))
#61 C:\\xampp\\htdocs\\laravel-dev-assessment\\vendor\\laravel\\framework\\src\\Illuminate\\Pipeline\\Pipeline.php(183): Livewire\\Features\\SupportDisablingBackButtonCache\\DisableBackButtonCacheMiddleware->handle(Object(Illuminate\\Http\\Request), Object(Closure))
#62 C:\\xampp\\htdocs\\laravel-dev-assessment\\vendor\\barryvdh\\laravel-debugbar\\src\\Middleware\\InjectDebugbar.php(66): Illuminate\\Pipeline\\Pipeline->Illuminate\\Pipeline\\{closure}(Object(Illuminate\\Http\\Request))
#63 C:\\xampp\\htdocs\\laravel-dev-assessment\\vendor\\laravel\\framework\\src\\Illuminate\\Pipeline\\Pipeline.php(183): Barryvdh\\Debugbar\\Middleware\\InjectDebugbar->handle(Object(Illuminate\\Http\\Request), Object(Closure))
#64 C:\\xampp\\htdocs\\laravel-dev-assessment\\vendor\\laravel\\framework\\src\\Illuminate\\Foundation\\Http\\Middleware\\TransformsRequest.php(21): Illuminate\\Pipeline\\Pipeline->Illuminate\\Pipeline\\{closure}(Object(Illuminate\\Http\\Request))
#65 C:\\xampp\\htdocs\\laravel-dev-assessment\\vendor\\laravel\\framework\\src\\Illuminate\\Foundation\\Http\\Middleware\\ConvertEmptyStringsToNull.php(31): Illuminate\\Foundation\\Http\\Middleware\\TransformsRequest->handle(Object(Illuminate\\Http\\Request), Object(Closure))
#66 C:\\xampp\\htdocs\\laravel-dev-assessment\\vendor\\laravel\\framework\\src\\Illuminate\\Pipeline\\Pipeline.php(183): Illuminate\\Foundation\\Http\\Middleware\\ConvertEmptyStringsToNull->handle(Object(Illuminate\\Http\\Request), Object(Closure))
#67 C:\\xampp\\htdocs\\laravel-dev-assessment\\vendor\\laravel\\framework\\src\\Illuminate\\Foundation\\Http\\Middleware\\TransformsRequest.php(21): Illuminate\\Pipeline\\Pipeline->Illuminate\\Pipeline\\{closure}(Object(Illuminate\\Http\\Request))
#68 C:\\xampp\\htdocs\\laravel-dev-assessment\\vendor\\laravel\\framework\\src\\Illuminate\\Foundation\\Http\\Middleware\\TrimStrings.php(51): Illuminate\\Foundation\\Http\\Middleware\\TransformsRequest->handle(Object(Illuminate\\Http\\Request), Object(Closure))
#69 C:\\xampp\\htdocs\\laravel-dev-assessment\\vendor\\laravel\\framework\\src\\Illuminate\\Pipeline\\Pipeline.php(183): Illuminate\\Foundation\\Http\\Middleware\\TrimStrings->handle(Object(Illuminate\\Http\\Request), Object(Closure))
#70 C:\\xampp\\htdocs\\laravel-dev-assessment\\vendor\\laravel\\framework\\src\\Illuminate\\Http\\Middleware\\ValidatePostSize.php(27): Illuminate\\Pipeline\\Pipeline->Illuminate\\Pipeline\\{closure}(Object(Illuminate\\Http\\Request))
#71 C:\\xampp\\htdocs\\laravel-dev-assessment\\vendor\\laravel\\framework\\src\\Illuminate\\Pipeline\\Pipeline.php(183): Illuminate\\Http\\Middleware\\ValidatePostSize->handle(Object(Illuminate\\Http\\Request), Object(Closure))
#72 C:\\xampp\\htdocs\\laravel-dev-assessment\\vendor\\laravel\\framework\\src\\Illuminate\\Foundation\\Http\\Middleware\\PreventRequestsDuringMaintenance.php(110): Illuminate\\Pipeline\\Pipeline->Illuminate\\Pipeline\\{closure}(Object(Illuminate\\Http\\Request))
#73 C:\\xampp\\htdocs\\laravel-dev-assessment\\vendor\\laravel\\framework\\src\\Illuminate\\Pipeline\\Pipeline.php(183): Illuminate\\Foundation\\Http\\Middleware\\PreventRequestsDuringMaintenance->handle(Object(Illuminate\\Http\\Request), Object(Closure))
#74 C:\\xampp\\htdocs\\laravel-dev-assessment\\vendor\\laravel\\framework\\src\\Illuminate\\Http\\Middleware\\HandleCors.php(49): Illuminate\\Pipeline\\Pipeline->Illuminate\\Pipeline\\{closure}(Object(Illuminate\\Http\\Request))
#75 C:\\xampp\\htdocs\\laravel-dev-assessment\\vendor\\laravel\\framework\\src\\Illuminate\\Pipeline\\Pipeline.php(183): Illuminate\\Http\\Middleware\\HandleCors->handle(Object(Illuminate\\Http\\Request), Object(Closure))
#76 C:\\xampp\\htdocs\\laravel-dev-assessment\\vendor\\laravel\\framework\\src\\Illuminate\\Http\\Middleware\\TrustProxies.php(58): Illuminate\\Pipeline\\Pipeline->Illuminate\\Pipeline\\{closure}(Object(Illuminate\\Http\\Request))
#77 C:\\xampp\\htdocs\\laravel-dev-assessment\\vendor\\laravel\\framework\\src\\Illuminate\\Pipeline\\Pipeline.php(183): Illuminate\\Http\\Middleware\\TrustProxies->handle(Object(Illuminate\\Http\\Request), Object(Closure))
#78 C:\\xampp\\htdocs\\laravel-dev-assessment\\vendor\\laravel\\framework\\src\\Illuminate\\Foundation\\Http\\Middleware\\InvokeDeferredCallbacks.php(22): Illuminate\\Pipeline\\Pipeline->Illuminate\\Pipeline\\{closure}(Object(Illuminate\\Http\\Request))
#79 C:\\xampp\\htdocs\\laravel-dev-assessment\\vendor\\laravel\\framework\\src\\Illuminate\\Pipeline\\Pipeline.php(183): Illuminate\\Foundation\\Http\\Middleware\\InvokeDeferredCallbacks->handle(Object(Illuminate\\Http\\Request), Object(Closure))
#80 C:\\xampp\\htdocs\\laravel-dev-assessment\\vendor\\laravel\\framework\\src\\Illuminate\\Pipeline\\Pipeline.php(119): Illuminate\\Pipeline\\Pipeline->Illuminate\\Pipeline\\{closure}(Object(Illuminate\\Http\\Request))
#81 C:\\xampp\\htdocs\\laravel-dev-assessment\\vendor\\laravel\\framework\\src\\Illuminate\\Foundation\\Http\\Kernel.php(176): Illuminate\\Pipeline\\Pipeline->then(Object(Closure))
#82 C:\\xampp\\htdocs\\laravel-dev-assessment\\vendor\\laravel\\framework\\src\\Illuminate\\Foundation\\Http\\Kernel.php(145): Illuminate\\Foundation\\Http\\Kernel->sendRequestThroughRouter(Object(Illuminate\\Http\\Request))
#83 C:\\xampp\\htdocs\\laravel-dev-assessment\\vendor\\laravel\\framework\\src\\Illuminate\\Foundation\\Application.php(1190): Illuminate\\Foundation\\Http\\Kernel->handle(Object(Illuminate\\Http\\Request))
#84 C:\\xampp\\htdocs\\laravel-dev-assessment\\public\\index.php(17): Illuminate\\Foundation\\Application->handleRequest(Object(Illuminate\\Http\\Request))
#85 {main}

[previous exception] [object] (PDOException(code: 42S02): SQLSTATE[42S02]: Base table or view not found: 1146 Table 'laravel-dev-assessment.skills' doesn't exist at C:\\xampp\\htdocs\\laravel-dev-assessment\\vendor\\laravel\\framework\\src\\Illuminate\\Database\\Connection.php:407)
[stacktrace]
#0 C:\\xampp\\htdocs\\laravel-dev-assessment\\vendor\\laravel\\framework\\src\\Illuminate\\Database\\Connection.php(407): PDO->prepare('select * from `...')
#1 C:\\xampp\\htdocs\\laravel-dev-assessment\\vendor\\laravel\\framework\\src\\Illuminate\\Database\\Connection.php(812): Illuminate\\Database\\Connection->Illuminate\\Database\\{closure}('select * from `...', Array)
#2 C:\\xampp\\htdocs\\laravel-dev-assessment\\vendor\\laravel\\framework\\src\\Illuminate\\Database\\Connection.php(779): Illuminate\\Database\\Connection->runQueryCallback('select * from `...', Array, Object(Closure))
#3 C:\\xampp\\htdocs\\laravel-dev-assessment\\vendor\\laravel\\framework\\src\\Illuminate\\Database\\Connection.php(398): Illuminate\\Database\\Connection->run('select * from `...', Array, Object(Closure))
#4 C:\\xampp\\htdocs\\laravel-dev-assessment\\vendor\\laravel\\framework\\src\\Illuminate\\Database\\Query\\Builder.php(3133): Illuminate\\Database\\Connection->select('select * from `...', Array, true)
#5 C:\\xampp\\htdocs\\laravel-dev-assessment\\vendor\\laravel\\framework\\src\\Illuminate\\Database\\Query\\Builder.php(3118): Illuminate\\Database\\Query\\Builder->runSelect()
#6 C:\\xampp\\htdocs\\laravel-dev-assessment\\vendor\\laravel\\framework\\src\\Illuminate\\Database\\Query\\Builder.php(3706): Illuminate\\Database\\Query\\Builder->Illuminate\\Database\\Query\\{closure}()
#7 C:\\xampp\\htdocs\\laravel-dev-assessment\\vendor\\laravel\\framework\\src\\Illuminate\\Database\\Query\\Builder.php(3117): Illuminate\\Database\\Query\\Builder->onceWithColumns(Array, Object(Closure))
#8 C:\\xampp\\htdocs\\laravel-dev-assessment\\vendor\\laravel\\framework\\src\\Illuminate\\Database\\Eloquent\\Builder.php(760): Illuminate\\Database\\Query\\Builder->get(Array)
#9 C:\\xampp\\htdocs\\laravel-dev-assessment\\vendor\\laravel\\framework\\src\\Illuminate\\Database\\Eloquent\\Builder.php(742): Illuminate\\Database\\Eloquent\\Builder->getModels(Array)
#10 C:\\xampp\\htdocs\\laravel-dev-assessment\\vendor\\laravel\\framework\\src\\Illuminate\\Database\\Eloquent\\Model.php(693): Illuminate\\Database\\Eloquent\\Builder->get(Array)
#11 C:\\xampp\\htdocs\\laravel-dev-assessment\\app\\Livewire\\Pages\\Skills\\Index.php(31): Illuminate\\Database\\Eloquent\\Model::all()
#12 C:\\xampp\\htdocs\\laravel-dev-assessment\\app\\Livewire\\Pages\\Skills\\Index.php(26): App\\Livewire\\Pages\\Skills\\Index->loadSkills()
#13 C:\\xampp\\htdocs\\laravel-dev-assessment\\vendor\\laravel\\framework\\src\\Illuminate\\Container\\BoundMethod.php(36): App\\Livewire\\Pages\\Skills\\Index->mount()
#14 C:\\xampp\\htdocs\\laravel-dev-assessment\\vendor\\laravel\\framework\\src\\Illuminate\\Container\\Util.php(43): Illuminate\\Container\\BoundMethod::Illuminate\\Container\\{closure}()
#15 C:\\xampp\\htdocs\\laravel-dev-assessment\\vendor\\laravel\\framework\\src\\Illuminate\\Container\\BoundMethod.php(95): Illuminate\\Container\\Util::unwrapIfClosure(Object(Closure))
#16 C:\\xampp\\htdocs\\laravel-dev-assessment\\vendor\\laravel\\framework\\src\\Illuminate\\Container\\BoundMethod.php(35): Illuminate\\Container\\BoundMethod::callBoundMethod(Object(Illuminate\\Foundation\\Application), Array, Object(Closure))
#17 C:\\xampp\\htdocs\\laravel-dev-assessment\\vendor\\livewire\\livewire\\src\\Wrapped.php(23): Illuminate\\Container\\BoundMethod::call(Object(Illuminate\\Foundation\\Application), Array, Array)
#18 C:\\xampp\\htdocs\\laravel-dev-assessment\\vendor\\livewire\\livewire\\src\\Features\\SupportLifecycleHooks\\SupportLifecycleHooks.php(134): Livewire\\Wrapped->__call('mount', Array)
#19 C:\\xampp\\htdocs\\laravel-dev-assessment\\vendor\\livewire\\livewire\\src\\Features\\SupportLifecycleHooks\\SupportLifecycleHooks.php(20): Livewire\\Features\\SupportLifecycleHooks\\SupportLifecycleHooks->callHook('mount', Array)
#20 C:\\xampp\\htdocs\\laravel-dev-assessment\\vendor\\livewire\\livewire\\src\\ComponentHook.php(19): Livewire\\Features\\SupportLifecycleHooks\\SupportLifecycleHooks->mount(Array, false)
#21 C:\\xampp\\htdocs\\laravel-dev-assessment\\vendor\\livewire\\livewire\\src\\ComponentHookRegistry.php(45): Livewire\\ComponentHook->callMount(Array, false)
#22 C:\\xampp\\htdocs\\laravel-dev-assessment\\vendor\\livewire\\livewire\\src\\EventBus.php(60): Livewire\\ComponentHookRegistry::Livewire\\{closure}(Object(App\\Livewire\\Pages\\Skills\\Index), Array, NULL, false)
#23 C:\\xampp\\htdocs\\laravel-dev-assessment\\vendor\\livewire\\livewire\\src\\helpers.php(98): Livewire\\EventBus->trigger('mount', Object(App\\Livewire\\Pages\\Skills\\Index), Array, NULL, false)
#24 C:\\xampp\\htdocs\\laravel-dev-assessment\\vendor\\livewire\\livewire\\src\\Mechanisms\\HandleComponents\\HandleComponents.php(50): Livewire\\trigger('mount', Object(App\\Livewire\\Pages\\Skills\\Index), Array, NULL, false)
#25 C:\\xampp\\htdocs\\laravel-dev-assessment\\vendor\\livewire\\livewire\\src\\LivewireManager.php(73): Livewire\\Mechanisms\\HandleComponents\\HandleComponents->mount('App\\\\Livewire\\\\Pa...', Array, NULL)
#26 C:\\xampp\\htdocs\\laravel-dev-assessment\\vendor\\livewire\\livewire\\src\\Features\\SupportPageComponents\\HandlesPageComponents.php(17): Livewire\\LivewireManager->mount('App\\\\Livewire\\\\Pa...', Array)
#27 C:\\xampp\\htdocs\\laravel-dev-assessment\\vendor\\livewire\\livewire\\src\\Features\\SupportPageComponents\\SupportPageComponents.php(117): Livewire\\Component->Livewire\\Features\\SupportPageComponents\\{closure}()
#28 C:\\xampp\\htdocs\\laravel-dev-assessment\\vendor\\livewire\\livewire\\src\\Features\\SupportPageComponents\\HandlesPageComponents.php(14): Livewire\\Features\\SupportPageComponents\\SupportPageComponents::interceptTheRenderOfTheComponentAndRetreiveTheLayoutConfiguration(Object(Closure))
#29 C:\\xampp\\htdocs\\laravel-dev-assessment\\vendor\\laravel\\framework\\src\\Illuminate\\Routing\\ControllerDispatcher.php(47): Livewire\\Component->__invoke()
#30 C:\\xampp\\htdocs\\laravel-dev-assessment\\vendor\\laravel\\framework\\src\\Illuminate\\Routing\\Route.php(266): Illuminate\\Routing\\ControllerDispatcher->dispatch(Object(Illuminate\\Routing\\Route), Object(App\\Livewire\\Pages\\Skills\\Index), '__invoke')
#31 C:\\xampp\\htdocs\\laravel-dev-assessment\\vendor\\laravel\\framework\\src\\Illuminate\\Routing\\Route.php(212): Illuminate\\Routing\\Route->runController()
#32 C:\\xampp\\htdocs\\laravel-dev-assessment\\vendor\\laravel\\framework\\src\\Illuminate\\Routing\\Router.php(808): Illuminate\\Routing\\Route->run()
#33 C:\\xampp\\htdocs\\laravel-dev-assessment\\vendor\\laravel\\framework\\src\\Illuminate\\Pipeline\\Pipeline.php(144): Illuminate\\Routing\\Router->Illuminate\\Routing\\{closure}(Object(Illuminate\\Http\\Request))
#34 C:\\xampp\\htdocs\\laravel-dev-assessment\\vendor\\spatie\\laravel-permission\\src\\Middleware\\RoleMiddleware.php(39): Illuminate\\Pipeline\\Pipeline->Illuminate\\Pipeline\\{closure}(Object(Illuminate\\Http\\Request))
#35 C:\\xampp\\htdocs\\laravel-dev-assessment\\vendor\\laravel\\framework\\src\\Illuminate\\Pipeline\\Pipeline.php(183): Spatie\\Permission\\Middleware\\RoleMiddleware->handle(Object(Illuminate\\Http\\Request), Object(Closure), 'admin')
#36 C:\\xampp\\htdocs\\laravel-dev-assessment\\vendor\\laravel\\framework\\src\\Illuminate\\Http\\Middleware\\AddLinkHeadersForPreloadedAssets.php(20): Illuminate\\Pipeline\\Pipeline->Illuminate\\Pipeline\\{closure}(Object(Illuminate\\Http\\Request))
#37 C:\\xampp\\htdocs\\laravel-dev-assessment\\vendor\\laravel\\framework\\src\\Illuminate\\Pipeline\\Pipeline.php(183): Illuminate\\Http\\Middleware\\AddLinkHeadersForPreloadedAssets->handle(Object(Illuminate\\Http\\Request), Object(Closure))
#38 C:\\xampp\\htdocs\\laravel-dev-assessment\\vendor\\inertiajs\\inertia-laravel\\src\\Middleware.php(86): Illuminate\\Pipeline\\Pipeline->Illuminate\\Pipeline\\{closure}(Object(Illuminate\\Http\\Request))
#39 C:\\xampp\\htdocs\\laravel-dev-assessment\\vendor\\laravel\\framework\\src\\Illuminate\\Pipeline\\Pipeline.php(183): Inertia\\Middleware->handle(Object(Illuminate\\Http\\Request), Object(Closure))
#40 C:\\xampp\\htdocs\\laravel-dev-assessment\\vendor\\laravel\\framework\\src\\Illuminate\\Routing\\Middleware\\SubstituteBindings.php(51): Illuminate\\Pipeline\\Pipeline->Illuminate\\Pipeline\\{closure}(Object(Illuminate\\Http\\Request))
#41 C:\\xampp\\htdocs\\laravel-dev-assessment\\vendor\\laravel\\framework\\src\\Illuminate\\Pipeline\\Pipeline.php(183): Illuminate\\Routing\\Middleware\\SubstituteBindings->handle(Object(Illuminate\\Http\\Request), Object(Closure))
#42 C:\\xampp\\htdocs\\laravel-dev-assessment\\vendor\\laravel\\framework\\src\\Illuminate\\Auth\\Middleware\\Authenticate.php(64): Illuminate\\Pipeline\\Pipeline->Illuminate\\Pipeline\\{closure}(Object(Illuminate\\Http\\Request))
#43 C:\\xampp\\htdocs\\laravel-dev-assessment\\vendor\\laravel\\framework\\src\\Illuminate\\Pipeline\\Pipeline.php(183): Illuminate\\Auth\\Middleware\\Authenticate->handle(Object(Illuminate\\Http\\Request), Object(Closure))
#44 C:\\xampp\\htdocs\\laravel-dev-assessment\\vendor\\laravel\\framework\\src\\Illuminate\\Foundation\\Http\\Middleware\\VerifyCsrfToken.php(88): Illuminate\\Pipeline\\Pipeline->Illuminate\\Pipeline\\{closure}(Object(Illuminate\\Http\\Request))
#45 C:\\xampp\\htdocs\\laravel-dev-assessment\\vendor\\laravel\\framework\\src\\Illuminate\\Pipeline\\Pipeline.php(183): Illuminate\\Foundation\\Http\\Middleware\\VerifyCsrfToken->handle(Object(Illuminate\\Http\\Request), Object(Closure))
#46 C:\\xampp\\htdocs\\laravel-dev-assessment\\vendor\\laravel\\framework\\src\\Illuminate\\View\\Middleware\\ShareErrorsFromSession.php(49): Illuminate\\Pipeline\\Pipeline->Illuminate\\Pipeline\\{closure}(Object(Illuminate\\Http\\Request))
#47 C:\\xampp\\htdocs\\laravel-dev-assessment\\vendor\\laravel\\framework\\src\\Illuminate\\Pipeline\\Pipeline.php(183): Illuminate\\View\\Middleware\\ShareErrorsFromSession->handle(Object(Illuminate\\Http\\Request), Object(Closure))
#48 C:\\xampp\\htdocs\\laravel-dev-assessment\\vendor\\laravel\\framework\\src\\Illuminate\\Session\\Middleware\\StartSession.php(121): Illuminate\\Pipeline\\Pipeline->Illuminate\\Pipeline\\{closure}(Object(Illuminate\\Http\\Request))
#49 C:\\xampp\\htdocs\\laravel-dev-assessment\\vendor\\laravel\\framework\\src\\Illuminate\\Session\\Middleware\\StartSession.php(64): Illuminate\\Session\\Middleware\\StartSession->handleStatefulRequest(Object(Illuminate\\Http\\Request), Object(Illuminate\\Session\\Store), Object(Closure))
#50 C:\\xampp\\htdocs\\laravel-dev-assessment\\vendor\\laravel\\framework\\src\\Illuminate\\Pipeline\\Pipeline.php(183): Illuminate\\Session\\Middleware\\StartSession->handle(Object(Illuminate\\Http\\Request), Object(Closure))
#51 C:\\xampp\\htdocs\\laravel-dev-assessment\\vendor\\laravel\\framework\\src\\Illuminate\\Cookie\\Middleware\\AddQueuedCookiesToResponse.php(37): Illuminate\\Pipeline\\Pipeline->Illuminate\\Pipeline\\{closure}(Object(Illuminate\\Http\\Request))
#52 C:\\xampp\\htdocs\\laravel-dev-assessment\\vendor\\laravel\\framework\\src\\Illuminate\\Pipeline\\Pipeline.php(183): Illuminate\\Cookie\\Middleware\\AddQueuedCookiesToResponse->handle(Object(Illuminate\\Http\\Request), Object(Closure))
#53 C:\\xampp\\htdocs\\laravel-dev-assessment\\vendor\\laravel\\framework\\src\\Illuminate\\Cookie\\Middleware\\EncryptCookies.php(75): Illuminate\\Pipeline\\Pipeline->Illuminate\\Pipeline\\{closure}(Object(Illuminate\\Http\\Request))
#54 C:\\xampp\\htdocs\\laravel-dev-assessment\\vendor\\laravel\\framework\\src\\Illuminate\\Pipeline\\Pipeline.php(183): Illuminate\\Cookie\\Middleware\\EncryptCookies->handle(Object(Illuminate\\Http\\Request), Object(Closure))
#55 C:\\xampp\\htdocs\\laravel-dev-assessment\\vendor\\laravel\\framework\\src\\Illuminate\\Pipeline\\Pipeline.php(119): Illuminate\\Pipeline\\Pipeline->Illuminate\\Pipeline\\{closure}(Object(Illuminate\\Http\\Request))
#56 C:\\xampp\\htdocs\\laravel-dev-assessment\\vendor\\laravel\\framework\\src\\Illuminate\\Routing\\Router.php(807): Illuminate\\Pipeline\\Pipeline->then(Object(Closure))
#57 C:\\xampp\\htdocs\\laravel-dev-assessment\\vendor\\laravel\\framework\\src\\Illuminate\\Routing\\Router.php(786): Illuminate\\Routing\\Router->runRouteWithinStack(Object(Illuminate\\Routing\\Route), Object(Illuminate\\Http\\Request))
#58 C:\\xampp\\htdocs\\laravel-dev-assessment\\vendor\\laravel\\framework\\src\\Illuminate\\Routing\\Router.php(750): Illuminate\\Routing\\Router->runRoute(Object(Illuminate\\Http\\Request), Object(Illuminate\\Routing\\Route))
#59 C:\\xampp\\htdocs\\laravel-dev-assessment\\vendor\\laravel\\framework\\src\\Illuminate\\Routing\\Router.php(739): Illuminate\\Routing\\Router->dispatchToRoute(Object(Illuminate\\Http\\Request))
#60 C:\\xampp\\htdocs\\laravel-dev-assessment\\vendor\\laravel\\framework\\src\\Illuminate\\Foundation\\Http\\Kernel.php(201): Illuminate\\Routing\\Router->dispatch(Object(Illuminate\\Http\\Request))
#61 C:\\xampp\\htdocs\\laravel-dev-assessment\\vendor\\laravel\\framework\\src\\Illuminate\\Pipeline\\Pipeline.php(144): Illuminate\\Foundation\\Http\\Kernel->Illuminate\\Foundation\\Http\\{closure}(Object(Illuminate\\Http\\Request))
#62 C:\\xampp\\htdocs\\laravel-dev-assessment\\vendor\\livewire\\livewire\\src\\Features\\SupportDisablingBackButtonCache\\DisableBackButtonCacheMiddleware.php(19): Illuminate\\Pipeline\\Pipeline->Illuminate\\Pipeline\\{closure}(Object(Illuminate\\Http\\Request))
#63 C:\\xampp\\htdocs\\laravel-dev-assessment\\vendor\\laravel\\framework\\src\\Illuminate\\Pipeline\\Pipeline.php(183): Livewire\\Features\\SupportDisablingBackButtonCache\\DisableBackButtonCacheMiddleware->handle(Object(Illuminate\\Http\\Request), Object(Closure))
#64 C:\\xampp\\htdocs\\laravel-dev-assessment\\vendor\\barryvdh\\laravel-debugbar\\src\\Middleware\\InjectDebugbar.php(66): Illuminate\\Pipeline\\Pipeline->Illuminate\\Pipeline\\{closure}(Object(Illuminate\\Http\\Request))
#65 C:\\xampp\\htdocs\\laravel-dev-assessment\\vendor\\laravel\\framework\\src\\Illuminate\\Pipeline\\Pipeline.php(183): Barryvdh\\Debugbar\\Middleware\\InjectDebugbar->handle(Object(Illuminate\\Http\\Request), Object(Closure))
#66 C:\\xampp\\htdocs\\laravel-dev-assessment\\vendor\\laravel\\framework\\src\\Illuminate\\Foundation\\Http\\Middleware\\TransformsRequest.php(21): Illuminate\\Pipeline\\Pipeline->Illuminate\\Pipeline\\{closure}(Object(Illuminate\\Http\\Request))
#67 C:\\xampp\\htdocs\\laravel-dev-assessment\\vendor\\laravel\\framework\\src\\Illuminate\\Foundation\\Http\\Middleware\\ConvertEmptyStringsToNull.php(31): Illuminate\\Foundation\\Http\\Middleware\\TransformsRequest->handle(Object(Illuminate\\Http\\Request), Object(Closure))
#68 C:\\xampp\\htdocs\\laravel-dev-assessment\\vendor\\laravel\\framework\\src\\Illuminate\\Pipeline\\Pipeline.php(183): Illuminate\\Foundation\\Http\\Middleware\\ConvertEmptyStringsToNull->handle(Object(Illuminate\\Http\\Request), Object(Closure))
#69 C:\\xampp\\htdocs\\laravel-dev-assessment\\vendor\\laravel\\framework\\src\\Illuminate\\Foundation\\Http\\Middleware\\TransformsRequest.php(21): Illuminate\\Pipeline\\Pipeline->Illuminate\\Pipeline\\{closure}(Object(Illuminate\\Http\\Request))
#70 C:\\xampp\\htdocs\\laravel-dev-assessment\\vendor\\laravel\\framework\\src\\Illuminate\\Foundation\\Http\\Middleware\\TrimStrings.php(51): Illuminate\\Foundation\\Http\\Middleware\\TransformsRequest->handle(Object(Illuminate\\Http\\Request), Object(Closure))
#71 C:\\xampp\\htdocs\\laravel-dev-assessment\\vendor\\laravel\\framework\\src\\Illuminate\\Pipeline\\Pipeline.php(183): Illuminate\\Foundation\\Http\\Middleware\\TrimStrings->handle(Object(Illuminate\\Http\\Request), Object(Closure))
#72 C:\\xampp\\htdocs\\laravel-dev-assessment\\vendor\\laravel\\framework\\src\\Illuminate\\Http\\Middleware\\ValidatePostSize.php(27): Illuminate\\Pipeline\\Pipeline->Illuminate\\Pipeline\\{closure}(Object(Illuminate\\Http\\Request))
#73 C:\\xampp\\htdocs\\laravel-dev-assessment\\vendor\\laravel\\framework\\src\\Illuminate\\Pipeline\\Pipeline.php(183): Illuminate\\Http\\Middleware\\ValidatePostSize->handle(Object(Illuminate\\Http\\Request), Object(Closure))
#74 C:\\xampp\\htdocs\\laravel-dev-assessment\\vendor\\laravel\\framework\\src\\Illuminate\\Foundation\\Http\\Middleware\\PreventRequestsDuringMaintenance.php(110): Illuminate\\Pipeline\\Pipeline->Illuminate\\Pipeline\\{closure}(Object(Illuminate\\Http\\Request))
#75 C:\\xampp\\htdocs\\laravel-dev-assessment\\vendor\\laravel\\framework\\src\\Illuminate\\Pipeline\\Pipeline.php(183): Illuminate\\Foundation\\Http\\Middleware\\PreventRequestsDuringMaintenance->handle(Object(Illuminate\\Http\\Request), Object(Closure))
#76 C:\\xampp\\htdocs\\laravel-dev-assessment\\vendor\\laravel\\framework\\src\\Illuminate\\Http\\Middleware\\HandleCors.php(49): Illuminate\\Pipeline\\Pipeline->Illuminate\\Pipeline\\{closure}(Object(Illuminate\\Http\\Request))
#77 C:\\xampp\\htdocs\\laravel-dev-assessment\\vendor\\laravel\\framework\\src\\Illuminate\\Pipeline\\Pipeline.php(183): Illuminate\\Http\\Middleware\\HandleCors->handle(Object(Illuminate\\Http\\Request), Object(Closure))
#78 C:\\xampp\\htdocs\\laravel-dev-assessment\\vendor\\laravel\\framework\\src\\Illuminate\\Http\\Middleware\\TrustProxies.php(58): Illuminate\\Pipeline\\Pipeline->Illuminate\\Pipeline\\{closure}(Object(Illuminate\\Http\\Request))
#79 C:\\xampp\\htdocs\\laravel-dev-assessment\\vendor\\laravel\\framework\\src\\Illuminate\\Pipeline\\Pipeline.php(183): Illuminate\\Http\\Middleware\\TrustProxies->handle(Object(Illuminate\\Http\\Request), Object(Closure))
#80 C:\\xampp\\htdocs\\laravel-dev-assessment\\vendor\\laravel\\framework\\src\\Illuminate\\Foundation\\Http\\Middleware\\InvokeDeferredCallbacks.php(22): Illuminate\\Pipeline\\Pipeline->Illuminate\\Pipeline\\{closure}(Object(Illuminate\\Http\\Request))
#81 C:\\xampp\\htdocs\\laravel-dev-assessment\\vendor\\laravel\\framework\\src\\Illuminate\\Pipeline\\Pipeline.php(183): Illuminate\\Foundation\\Http\\Middleware\\InvokeDeferredCallbacks->handle(Object(Illuminate\\Http\\Request), Object(Closure))
#82 C:\\xampp\\htdocs\\laravel-dev-assessment\\vendor\\laravel\\framework\\src\\Illuminate\\Pipeline\\Pipeline.php(119): Illuminate\\Pipeline\\Pipeline->Illuminate\\Pipeline\\{closure}(Object(Illuminate\\Http\\Request))
#83 C:\\xampp\\htdocs\\laravel-dev-assessment\\vendor\\laravel\\framework\\src\\Illuminate\\Foundation\\Http\\Kernel.php(176): Illuminate\\Pipeline\\Pipeline->then(Object(Closure))
#84 C:\\xampp\\htdocs\\laravel-dev-assessment\\vendor\\laravel\\framework\\src\\Illuminate\\Foundation\\Http\\Kernel.php(145): Illuminate\\Foundation\\Http\\Kernel->sendRequestThroughRouter(Object(Illuminate\\Http\\Request))
#85 C:\\xampp\\htdocs\\laravel-dev-assessment\\vendor\\laravel\\framework\\src\\Illuminate\\Foundation\\Application.php(1190): Illuminate\\Foundation\\Http\\Kernel->handle(Object(Illuminate\\Http\\Request))
#86 C:\\xampp\\htdocs\\laravel-dev-assessment\\public\\index.php(17): Illuminate\\Foundation\\Application->handleRequest(Object(Illuminate\\Http\\Request))
#87 {main}
"} 
[2025-02-04 07:09:43] local.ERROR: SQLSTATE[42S02]: Base table or view not found: 1146 Table 'laravel-dev-assessment.skills' doesn't exist (Connection: mysql, SQL: select * from `skills`) {"userId":1,"exception":"[object] (Illuminate\\Database\\QueryException(code: 42S02): SQLSTATE[42S02]: Base table or view not found: 1146 Table 'laravel-dev-assessment.skills' doesn't exist (Connection: mysql, SQL: select * from `skills`) at C:\\xampp\\htdocs\\laravel-dev-assessment\\vendor\\laravel\\framework\\src\\Illuminate\\Database\\Connection.php:825)
[stacktrace]
#0 C:\\xampp\\htdocs\\laravel-dev-assessment\\vendor\\laravel\\framework\\src\\Illuminate\\Database\\Connection.php(779): Illuminate\\Database\\Connection->runQueryCallback('select * from `...', Array, Object(Closure))
#1 C:\\xampp\\htdocs\\laravel-dev-assessment\\vendor\\laravel\\framework\\src\\Illuminate\\Database\\Connection.php(398): Illuminate\\Database\\Connection->run('select * from `...', Array, Object(Closure))
#2 C:\\xampp\\htdocs\\laravel-dev-assessment\\vendor\\laravel\\framework\\src\\Illuminate\\Database\\Query\\Builder.php(3133): Illuminate\\Database\\Connection->select('select * from `...', Array, true)
#3 C:\\xampp\\htdocs\\laravel-dev-assessment\\vendor\\laravel\\framework\\src\\Illuminate\\Database\\Query\\Builder.php(3118): Illuminate\\Database\\Query\\Builder->runSelect()
#4 C:\\xampp\\htdocs\\laravel-dev-assessment\\vendor\\laravel\\framework\\src\\Illuminate\\Database\\Query\\Builder.php(3706): Illuminate\\Database\\Query\\Builder->Illuminate\\Database\\Query\\{closure}()
#5 C:\\xampp\\htdocs\\laravel-dev-assessment\\vendor\\laravel\\framework\\src\\Illuminate\\Database\\Query\\Builder.php(3117): Illuminate\\Database\\Query\\Builder->onceWithColumns(Array, Object(Closure))
#6 C:\\xampp\\htdocs\\laravel-dev-assessment\\vendor\\laravel\\framework\\src\\Illuminate\\Database\\Eloquent\\Builder.php(760): Illuminate\\Database\\Query\\Builder->get(Array)
#7 C:\\xampp\\htdocs\\laravel-dev-assessment\\vendor\\laravel\\framework\\src\\Illuminate\\Database\\Eloquent\\Builder.php(742): Illuminate\\Database\\Eloquent\\Builder->getModels(Array)
#8 C:\\xampp\\htdocs\\laravel-dev-assessment\\vendor\\laravel\\framework\\src\\Illuminate\\Database\\Eloquent\\Model.php(693): Illuminate\\Database\\Eloquent\\Builder->get(Array)
#9 C:\\xampp\\htdocs\\laravel-dev-assessment\\app\\Livewire\\Pages\\Skills\\Index.php(31): Illuminate\\Database\\Eloquent\\Model::all()
#10 C:\\xampp\\htdocs\\laravel-dev-assessment\\app\\Livewire\\Pages\\Skills\\Index.php(26): App\\Livewire\\Pages\\Skills\\Index->loadSkills()
#11 C:\\xampp\\htdocs\\laravel-dev-assessment\\vendor\\laravel\\framework\\src\\Illuminate\\Container\\BoundMethod.php(36): App\\Livewire\\Pages\\Skills\\Index->mount()
#12 C:\\xampp\\htdocs\\laravel-dev-assessment\\vendor\\laravel\\framework\\src\\Illuminate\\Container\\Util.php(43): Illuminate\\Container\\BoundMethod::Illuminate\\Container\\{closure}()
#13 C:\\xampp\\htdocs\\laravel-dev-assessment\\vendor\\laravel\\framework\\src\\Illuminate\\Container\\BoundMethod.php(95): Illuminate\\Container\\Util::unwrapIfClosure(Object(Closure))
#14 C:\\xampp\\htdocs\\laravel-dev-assessment\\vendor\\laravel\\framework\\src\\Illuminate\\Container\\BoundMethod.php(35): Illuminate\\Container\\BoundMethod::callBoundMethod(Object(Illuminate\\Foundation\\Application), Array, Object(Closure))
#15 C:\\xampp\\htdocs\\laravel-dev-assessment\\vendor\\livewire\\livewire\\src\\Wrapped.php(23): Illuminate\\Container\\BoundMethod::call(Object(Illuminate\\Foundation\\Application), Array, Array)
#16 C:\\xampp\\htdocs\\laravel-dev-assessment\\vendor\\livewire\\livewire\\src\\Features\\SupportLifecycleHooks\\SupportLifecycleHooks.php(134): Livewire\\Wrapped->__call('mount', Array)
#17 C:\\xampp\\htdocs\\laravel-dev-assessment\\vendor\\livewire\\livewire\\src\\Features\\SupportLifecycleHooks\\SupportLifecycleHooks.php(20): Livewire\\Features\\SupportLifecycleHooks\\SupportLifecycleHooks->callHook('mount', Array)
#18 C:\\xampp\\htdocs\\laravel-dev-assessment\\vendor\\livewire\\livewire\\src\\ComponentHook.php(19): Livewire\\Features\\SupportLifecycleHooks\\SupportLifecycleHooks->mount(Array, false)
#19 C:\\xampp\\htdocs\\laravel-dev-assessment\\vendor\\livewire\\livewire\\src\\ComponentHookRegistry.php(45): Livewire\\ComponentHook->callMount(Array, false)
#20 C:\\xampp\\htdocs\\laravel-dev-assessment\\vendor\\livewire\\livewire\\src\\EventBus.php(60): Livewire\\ComponentHookRegistry::Livewire\\{closure}(Object(App\\Livewire\\Pages\\Skills\\Index), Array, NULL, false)
#21 C:\\xampp\\htdocs\\laravel-dev-assessment\\vendor\\livewire\\livewire\\src\\helpers.php(98): Livewire\\EventBus->trigger('mount', Object(App\\Livewire\\Pages\\Skills\\Index), Array, NULL, false)
#22 C:\\xampp\\htdocs\\laravel-dev-assessment\\vendor\\livewire\\livewire\\src\\Mechanisms\\HandleComponents\\HandleComponents.php(50): Livewire\\trigger('mount', Object(App\\Livewire\\Pages\\Skills\\Index), Array, NULL, false)
#23 C:\\xampp\\htdocs\\laravel-dev-assessment\\vendor\\livewire\\livewire\\src\\LivewireManager.php(73): Livewire\\Mechanisms\\HandleComponents\\HandleComponents->mount('App\\\\Livewire\\\\Pa...', Array, NULL)
#24 C:\\xampp\\htdocs\\laravel-dev-assessment\\vendor\\livewire\\livewire\\src\\Features\\SupportPageComponents\\HandlesPageComponents.php(17): Livewire\\LivewireManager->mount('App\\\\Livewire\\\\Pa...', Array)
#25 C:\\xampp\\htdocs\\laravel-dev-assessment\\vendor\\livewire\\livewire\\src\\Features\\SupportPageComponents\\SupportPageComponents.php(117): Livewire\\Component->Livewire\\Features\\SupportPageComponents\\{closure}()
#26 C:\\xampp\\htdocs\\laravel-dev-assessment\\vendor\\livewire\\livewire\\src\\Features\\SupportPageComponents\\HandlesPageComponents.php(14): Livewire\\Features\\SupportPageComponents\\SupportPageComponents::interceptTheRenderOfTheComponentAndRetreiveTheLayoutConfiguration(Object(Closure))
#27 C:\\xampp\\htdocs\\laravel-dev-assessment\\vendor\\laravel\\framework\\src\\Illuminate\\Routing\\ControllerDispatcher.php(47): Livewire\\Component->__invoke()
#28 C:\\xampp\\htdocs\\laravel-dev-assessment\\vendor\\laravel\\framework\\src\\Illuminate\\Routing\\Route.php(266): Illuminate\\Routing\\ControllerDispatcher->dispatch(Object(Illuminate\\Routing\\Route), Object(App\\Livewire\\Pages\\Skills\\Index), '__invoke')
#29 C:\\xampp\\htdocs\\laravel-dev-assessment\\vendor\\laravel\\framework\\src\\Illuminate\\Routing\\Route.php(212): Illuminate\\Routing\\Route->runController()
#30 C:\\xampp\\htdocs\\laravel-dev-assessment\\vendor\\laravel\\framework\\src\\Illuminate\\Routing\\Router.php(808): Illuminate\\Routing\\Route->run()
#31 C:\\xampp\\htdocs\\laravel-dev-assessment\\vendor\\laravel\\framework\\src\\Illuminate\\Pipeline\\Pipeline.php(144): Illuminate\\Routing\\Router->Illuminate\\Routing\\{closure}(Object(Illuminate\\Http\\Request))
#32 C:\\xampp\\htdocs\\laravel-dev-assessment\\vendor\\spatie\\laravel-permission\\src\\Middleware\\RoleMiddleware.php(39): Illuminate\\Pipeline\\Pipeline->Illuminate\\Pipeline\\{closure}(Object(Illuminate\\Http\\Request))
#33 C:\\xampp\\htdocs\\laravel-dev-assessment\\vendor\\laravel\\framework\\src\\Illuminate\\Pipeline\\Pipeline.php(183): Spatie\\Permission\\Middleware\\RoleMiddleware->handle(Object(Illuminate\\Http\\Request), Object(Closure), 'admin')
#34 C:\\xampp\\htdocs\\laravel-dev-assessment\\vendor\\laravel\\framework\\src\\Illuminate\\Http\\Middleware\\AddLinkHeadersForPreloadedAssets.php(20): Illuminate\\Pipeline\\Pipeline->Illuminate\\Pipeline\\{closure}(Object(Illuminate\\Http\\Request))
#35 C:\\xampp\\htdocs\\laravel-dev-assessment\\vendor\\laravel\\framework\\src\\Illuminate\\Pipeline\\Pipeline.php(183): Illuminate\\Http\\Middleware\\AddLinkHeadersForPreloadedAssets->handle(Object(Illuminate\\Http\\Request), Object(Closure))
#36 C:\\xampp\\htdocs\\laravel-dev-assessment\\vendor\\inertiajs\\inertia-laravel\\src\\Middleware.php(86): Illuminate\\Pipeline\\Pipeline->Illuminate\\Pipeline\\{closure}(Object(Illuminate\\Http\\Request))
#37 C:\\xampp\\htdocs\\laravel-dev-assessment\\vendor\\laravel\\framework\\src\\Illuminate\\Pipeline\\Pipeline.php(183): Inertia\\Middleware->handle(Object(Illuminate\\Http\\Request), Object(Closure))
#38 C:\\xampp\\htdocs\\laravel-dev-assessment\\vendor\\laravel\\framework\\src\\Illuminate\\Routing\\Middleware\\SubstituteBindings.php(51): Illuminate\\Pipeline\\Pipeline->Illuminate\\Pipeline\\{closure}(Object(Illuminate\\Http\\Request))
#39 C:\\xampp\\htdocs\\laravel-dev-assessment\\vendor\\laravel\\framework\\src\\Illuminate\\Pipeline\\Pipeline.php(183): Illuminate\\Routing\\Middleware\\SubstituteBindings->handle(Object(Illuminate\\Http\\Request), Object(Closure))
#40 C:\\xampp\\htdocs\\laravel-dev-assessment\\vendor\\laravel\\framework\\src\\Illuminate\\Auth\\Middleware\\Authenticate.php(64): Illuminate\\Pipeline\\Pipeline->Illuminate\\Pipeline\\{closure}(Object(Illuminate\\Http\\Request))
#41 C:\\xampp\\htdocs\\laravel-dev-assessment\\vendor\\laravel\\framework\\src\\Illuminate\\Pipeline\\Pipeline.php(183): Illuminate\\Auth\\Middleware\\Authenticate->handle(Object(Illuminate\\Http\\Request), Object(Closure))
#42 C:\\xampp\\htdocs\\laravel-dev-assessment\\vendor\\laravel\\framework\\src\\Illuminate\\Foundation\\Http\\Middleware\\VerifyCsrfToken.php(88): Illuminate\\Pipeline\\Pipeline->Illuminate\\Pipeline\\{closure}(Object(Illuminate\\Http\\Request))
#43 C:\\xampp\\htdocs\\laravel-dev-assessment\\vendor\\laravel\\framework\\src\\Illuminate\\Pipeline\\Pipeline.php(183): Illuminate\\Foundation\\Http\\Middleware\\VerifyCsrfToken->handle(Object(Illuminate\\Http\\Request), Object(Closure))
#44 C:\\xampp\\htdocs\\laravel-dev-assessment\\vendor\\laravel\\framework\\src\\Illuminate\\View\\Middleware\\ShareErrorsFromSession.php(49): Illuminate\\Pipeline\\Pipeline->Illuminate\\Pipeline\\{closure}(Object(Illuminate\\Http\\Request))
#45 C:\\xampp\\htdocs\\laravel-dev-assessment\\vendor\\laravel\\framework\\src\\Illuminate\\Pipeline\\Pipeline.php(183): Illuminate\\View\\Middleware\\ShareErrorsFromSession->handle(Object(Illuminate\\Http\\Request), Object(Closure))
#46 C:\\xampp\\htdocs\\laravel-dev-assessment\\vendor\\laravel\\framework\\src\\Illuminate\\Session\\Middleware\\StartSession.php(121): Illuminate\\Pipeline\\Pipeline->Illuminate\\Pipeline\\{closure}(Object(Illuminate\\Http\\Request))
#47 C:\\xampp\\htdocs\\laravel-dev-assessment\\vendor\\laravel\\framework\\src\\Illuminate\\Session\\Middleware\\StartSession.php(64): Illuminate\\Session\\Middleware\\StartSession->handleStatefulRequest(Object(Illuminate\\Http\\Request), Object(Illuminate\\Session\\Store), Object(Closure))
#48 C:\\xampp\\htdocs\\laravel-dev-assessment\\vendor\\laravel\\framework\\src\\Illuminate\\Pipeline\\Pipeline.php(183): Illuminate\\Session\\Middleware\\StartSession->handle(Object(Illuminate\\Http\\Request), Object(Closure))
#49 C:\\xampp\\htdocs\\laravel-dev-assessment\\vendor\\laravel\\framework\\src\\Illuminate\\Cookie\\Middleware\\AddQueuedCookiesToResponse.php(37): Illuminate\\Pipeline\\Pipeline->Illuminate\\Pipeline\\{closure}(Object(Illuminate\\Http\\Request))
#50 C:\\xampp\\htdocs\\laravel-dev-assessment\\vendor\\laravel\\framework\\src\\Illuminate\\Pipeline\\Pipeline.php(183): Illuminate\\Cookie\\Middleware\\AddQueuedCookiesToResponse->handle(Object(Illuminate\\Http\\Request), Object(Closure))
#51 C:\\xampp\\htdocs\\laravel-dev-assessment\\vendor\\laravel\\framework\\src\\Illuminate\\Cookie\\Middleware\\EncryptCookies.php(75): Illuminate\\Pipeline\\Pipeline->Illuminate\\Pipeline\\{closure}(Object(Illuminate\\Http\\Request))
#52 C:\\xampp\\htdocs\\laravel-dev-assessment\\vendor\\laravel\\framework\\src\\Illuminate\\Pipeline\\Pipeline.php(183): Illuminate\\Cookie\\Middleware\\EncryptCookies->handle(Object(Illuminate\\Http\\Request), Object(Closure))
#53 C:\\xampp\\htdocs\\laravel-dev-assessment\\vendor\\laravel\\framework\\src\\Illuminate\\Pipeline\\Pipeline.php(119): Illuminate\\Pipeline\\Pipeline->Illuminate\\Pipeline\\{closure}(Object(Illuminate\\Http\\Request))
#54 C:\\xampp\\htdocs\\laravel-dev-assessment\\vendor\\laravel\\framework\\src\\Illuminate\\Routing\\Router.php(807): Illuminate\\Pipeline\\Pipeline->then(Object(Closure))
#55 C:\\xampp\\htdocs\\laravel-dev-assessment\\vendor\\laravel\\framework\\src\\Illuminate\\Routing\\Router.php(786): Illuminate\\Routing\\Router->runRouteWithinStack(Object(Illuminate\\Routing\\Route), Object(Illuminate\\Http\\Request))
#56 C:\\xampp\\htdocs\\laravel-dev-assessment\\vendor\\laravel\\framework\\src\\Illuminate\\Routing\\Router.php(750): Illuminate\\Routing\\Router->runRoute(Object(Illuminate\\Http\\Request), Object(Illuminate\\Routing\\Route))
#57 C:\\xampp\\htdocs\\laravel-dev-assessment\\vendor\\laravel\\framework\\src\\Illuminate\\Routing\\Router.php(739): Illuminate\\Routing\\Router->dispatchToRoute(Object(Illuminate\\Http\\Request))
#58 C:\\xampp\\htdocs\\laravel-dev-assessment\\vendor\\laravel\\framework\\src\\Illuminate\\Foundation\\Http\\Kernel.php(201): Illuminate\\Routing\\Router->dispatch(Object(Illuminate\\Http\\Request))
#59 C:\\xampp\\htdocs\\laravel-dev-assessment\\vendor\\laravel\\framework\\src\\Illuminate\\Pipeline\\Pipeline.php(144): Illuminate\\Foundation\\Http\\Kernel->Illuminate\\Foundation\\Http\\{closure}(Object(Illuminate\\Http\\Request))
#60 C:\\xampp\\htdocs\\laravel-dev-assessment\\vendor\\livewire\\livewire\\src\\Features\\SupportDisablingBackButtonCache\\DisableBackButtonCacheMiddleware.php(19): Illuminate\\Pipeline\\Pipeline->Illuminate\\Pipeline\\{closure}(Object(Illuminate\\Http\\Request))
#61 C:\\xampp\\htdocs\\laravel-dev-assessment\\vendor\\laravel\\framework\\src\\Illuminate\\Pipeline\\Pipeline.php(183): Livewire\\Features\\SupportDisablingBackButtonCache\\DisableBackButtonCacheMiddleware->handle(Object(Illuminate\\Http\\Request), Object(Closure))
#62 C:\\xampp\\htdocs\\laravel-dev-assessment\\vendor\\barryvdh\\laravel-debugbar\\src\\Middleware\\InjectDebugbar.php(66): Illuminate\\Pipeline\\Pipeline->Illuminate\\Pipeline\\{closure}(Object(Illuminate\\Http\\Request))
#63 C:\\xampp\\htdocs\\laravel-dev-assessment\\vendor\\laravel\\framework\\src\\Illuminate\\Pipeline\\Pipeline.php(183): Barryvdh\\Debugbar\\Middleware\\InjectDebugbar->handle(Object(Illuminate\\Http\\Request), Object(Closure))
#64 C:\\xampp\\htdocs\\laravel-dev-assessment\\vendor\\laravel\\framework\\src\\Illuminate\\Foundation\\Http\\Middleware\\TransformsRequest.php(21): Illuminate\\Pipeline\\Pipeline->Illuminate\\Pipeline\\{closure}(Object(Illuminate\\Http\\Request))
#65 C:\\xampp\\htdocs\\laravel-dev-assessment\\vendor\\laravel\\framework\\src\\Illuminate\\Foundation\\Http\\Middleware\\ConvertEmptyStringsToNull.php(31): Illuminate\\Foundation\\Http\\Middleware\\TransformsRequest->handle(Object(Illuminate\\Http\\Request), Object(Closure))
#66 C:\\xampp\\htdocs\\laravel-dev-assessment\\vendor\\laravel\\framework\\src\\Illuminate\\Pipeline\\Pipeline.php(183): Illuminate\\Foundation\\Http\\Middleware\\ConvertEmptyStringsToNull->handle(Object(Illuminate\\Http\\Request), Object(Closure))
#67 C:\\xampp\\htdocs\\laravel-dev-assessment\\vendor\\laravel\\framework\\src\\Illuminate\\Foundation\\Http\\Middleware\\TransformsRequest.php(21): Illuminate\\Pipeline\\Pipeline->Illuminate\\Pipeline\\{closure}(Object(Illuminate\\Http\\Request))
#68 C:\\xampp\\htdocs\\laravel-dev-assessment\\vendor\\laravel\\framework\\src\\Illuminate\\Foundation\\Http\\Middleware\\TrimStrings.php(51): Illuminate\\Foundation\\Http\\Middleware\\TransformsRequest->handle(Object(Illuminate\\Http\\Request), Object(Closure))
#69 C:\\xampp\\htdocs\\laravel-dev-assessment\\vendor\\laravel\\framework\\src\\Illuminate\\Pipeline\\Pipeline.php(183): Illuminate\\Foundation\\Http\\Middleware\\TrimStrings->handle(Object(Illuminate\\Http\\Request), Object(Closure))
#70 C:\\xampp\\htdocs\\laravel-dev-assessment\\vendor\\laravel\\framework\\src\\Illuminate\\Http\\Middleware\\ValidatePostSize.php(27): Illuminate\\Pipeline\\Pipeline->Illuminate\\Pipeline\\{closure}(Object(Illuminate\\Http\\Request))
#71 C:\\xampp\\htdocs\\laravel-dev-assessment\\vendor\\laravel\\framework\\src\\Illuminate\\Pipeline\\Pipeline.php(183): Illuminate\\Http\\Middleware\\ValidatePostSize->handle(Object(Illuminate\\Http\\Request), Object(Closure))
#72 C:\\xampp\\htdocs\\laravel-dev-assessment\\vendor\\laravel\\framework\\src\\Illuminate\\Foundation\\Http\\Middleware\\PreventRequestsDuringMaintenance.php(110): Illuminate\\Pipeline\\Pipeline->Illuminate\\Pipeline\\{closure}(Object(Illuminate\\Http\\Request))
#73 C:\\xampp\\htdocs\\laravel-dev-assessment\\vendor\\laravel\\framework\\src\\Illuminate\\Pipeline\\Pipeline.php(183): Illuminate\\Foundation\\Http\\Middleware\\PreventRequestsDuringMaintenance->handle(Object(Illuminate\\Http\\Request), Object(Closure))
#74 C:\\xampp\\htdocs\\laravel-dev-assessment\\vendor\\laravel\\framework\\src\\Illuminate\\Http\\Middleware\\HandleCors.php(49): Illuminate\\Pipeline\\Pipeline->Illuminate\\Pipeline\\{closure}(Object(Illuminate\\Http\\Request))
#75 C:\\xampp\\htdocs\\laravel-dev-assessment\\vendor\\laravel\\framework\\src\\Illuminate\\Pipeline\\Pipeline.php(183): Illuminate\\Http\\Middleware\\HandleCors->handle(Object(Illuminate\\Http\\Request), Object(Closure))
#76 C:\\xampp\\htdocs\\laravel-dev-assessment\\vendor\\laravel\\framework\\src\\Illuminate\\Http\\Middleware\\TrustProxies.php(58): Illuminate\\Pipeline\\Pipeline->Illuminate\\Pipeline\\{closure}(Object(Illuminate\\Http\\Request))
#77 C:\\xampp\\htdocs\\laravel-dev-assessment\\vendor\\laravel\\framework\\src\\Illuminate\\Pipeline\\Pipeline.php(183): Illuminate\\Http\\Middleware\\TrustProxies->handle(Object(Illuminate\\Http\\Request), Object(Closure))
#78 C:\\xampp\\htdocs\\laravel-dev-assessment\\vendor\\laravel\\framework\\src\\Illuminate\\Foundation\\Http\\Middleware\\InvokeDeferredCallbacks.php(22): Illuminate\\Pipeline\\Pipeline->Illuminate\\Pipeline\\{closure}(Object(Illuminate\\Http\\Request))
#79 C:\\xampp\\htdocs\\laravel-dev-assessment\\vendor\\laravel\\framework\\src\\Illuminate\\Pipeline\\Pipeline.php(183): Illuminate\\Foundation\\Http\\Middleware\\InvokeDeferredCallbacks->handle(Object(Illuminate\\Http\\Request), Object(Closure))
#80 C:\\xampp\\htdocs\\laravel-dev-assessment\\vendor\\laravel\\framework\\src\\Illuminate\\Pipeline\\Pipeline.php(119): Illuminate\\Pipeline\\Pipeline->Illuminate\\Pipeline\\{closure}(Object(Illuminate\\Http\\Request))
#81 C:\\xampp\\htdocs\\laravel-dev-assessment\\vendor\\laravel\\framework\\src\\Illuminate\\Foundation\\Http\\Kernel.php(176): Illuminate\\Pipeline\\Pipeline->then(Object(Closure))
#82 C:\\xampp\\htdocs\\laravel-dev-assessment\\vendor\\laravel\\framework\\src\\Illuminate\\Foundation\\Http\\Kernel.php(145): Illuminate\\Foundation\\Http\\Kernel->sendRequestThroughRouter(Object(Illuminate\\Http\\Request))
#83 C:\\xampp\\htdocs\\laravel-dev-assessment\\vendor\\laravel\\framework\\src\\Illuminate\\Foundation\\Application.php(1190): Illuminate\\Foundation\\Http\\Kernel->handle(Object(Illuminate\\Http\\Request))
#84 C:\\xampp\\htdocs\\laravel-dev-assessment\\public\\index.php(17): Illuminate\\Foundation\\Application->handleRequest(Object(Illuminate\\Http\\Request))
#85 {main}

[previous exception] [object] (PDOException(code: 42S02): SQLSTATE[42S02]: Base table or view not found: 1146 Table 'laravel-dev-assessment.skills' doesn't exist at C:\\xampp\\htdocs\\laravel-dev-assessment\\vendor\\laravel\\framework\\src\\Illuminate\\Database\\Connection.php:407)
[stacktrace]
#0 C:\\xampp\\htdocs\\laravel-dev-assessment\\vendor\\laravel\\framework\\src\\Illuminate\\Database\\Connection.php(407): PDO->prepare('select * from `...')
#1 C:\\xampp\\htdocs\\laravel-dev-assessment\\vendor\\laravel\\framework\\src\\Illuminate\\Database\\Connection.php(812): Illuminate\\Database\\Connection->Illuminate\\Database\\{closure}('select * from `...', Array)
#2 C:\\xampp\\htdocs\\laravel-dev-assessment\\vendor\\laravel\\framework\\src\\Illuminate\\Database\\Connection.php(779): Illuminate\\Database\\Connection->runQueryCallback('select * from `...', Array, Object(Closure))
#3 C:\\xampp\\htdocs\\laravel-dev-assessment\\vendor\\laravel\\framework\\src\\Illuminate\\Database\\Connection.php(398): Illuminate\\Database\\Connection->run('select * from `...', Array, Object(Closure))
#4 C:\\xampp\\htdocs\\laravel-dev-assessment\\vendor\\laravel\\framework\\src\\Illuminate\\Database\\Query\\Builder.php(3133): Illuminate\\Database\\Connection->select('select * from `...', Array, true)
#5 C:\\xampp\\htdocs\\laravel-dev-assessment\\vendor\\laravel\\framework\\src\\Illuminate\\Database\\Query\\Builder.php(3118): Illuminate\\Database\\Query\\Builder->runSelect()
#6 C:\\xampp\\htdocs\\laravel-dev-assessment\\vendor\\laravel\\framework\\src\\Illuminate\\Database\\Query\\Builder.php(3706): Illuminate\\Database\\Query\\Builder->Illuminate\\Database\\Query\\{closure}()
#7 C:\\xampp\\htdocs\\laravel-dev-assessment\\vendor\\laravel\\framework\\src\\Illuminate\\Database\\Query\\Builder.php(3117): Illuminate\\Database\\Query\\Builder->onceWithColumns(Array, Object(Closure))
#8 C:\\xampp\\htdocs\\laravel-dev-assessment\\vendor\\laravel\\framework\\src\\Illuminate\\Database\\Eloquent\\Builder.php(760): Illuminate\\Database\\Query\\Builder->get(Array)
#9 C:\\xampp\\htdocs\\laravel-dev-assessment\\vendor\\laravel\\framework\\src\\Illuminate\\Database\\Eloquent\\Builder.php(742): Illuminate\\Database\\Eloquent\\Builder->getModels(Array)
#10 C:\\xampp\\htdocs\\laravel-dev-assessment\\vendor\\laravel\\framework\\src\\Illuminate\\Database\\Eloquent\\Model.php(693): Illuminate\\Database\\Eloquent\\Builder->get(Array)
#11 C:\\xampp\\htdocs\\laravel-dev-assessment\\app\\Livewire\\Pages\\Skills\\Index.php(31): Illuminate\\Database\\Eloquent\\Model::all()
#12 C:\\xampp\\htdocs\\laravel-dev-assessment\\app\\Livewire\\Pages\\Skills\\Index.php(26): App\\Livewire\\Pages\\Skills\\Index->loadSkills()
#13 C:\\xampp\\htdocs\\laravel-dev-assessment\\vendor\\laravel\\framework\\src\\Illuminate\\Container\\BoundMethod.php(36): App\\Livewire\\Pages\\Skills\\Index->mount()
#14 C:\\xampp\\htdocs\\laravel-dev-assessment\\vendor\\laravel\\framework\\src\\Illuminate\\Container\\Util.php(43): Illuminate\\Container\\BoundMethod::Illuminate\\Container\\{closure}()
#15 C:\\xampp\\htdocs\\laravel-dev-assessment\\vendor\\laravel\\framework\\src\\Illuminate\\Container\\BoundMethod.php(95): Illuminate\\Container\\Util::unwrapIfClosure(Object(Closure))
#16 C:\\xampp\\htdocs\\laravel-dev-assessment\\vendor\\laravel\\framework\\src\\Illuminate\\Container\\BoundMethod.php(35): Illuminate\\Container\\BoundMethod::callBoundMethod(Object(Illuminate\\Foundation\\Application), Array, Object(Closure))
#17 C:\\xampp\\htdocs\\laravel-dev-assessment\\vendor\\livewire\\livewire\\src\\Wrapped.php(23): Illuminate\\Container\\BoundMethod::call(Object(Illuminate\\Foundation\\Application), Array, Array)
#18 C:\\xampp\\htdocs\\laravel-dev-assessment\\vendor\\livewire\\livewire\\src\\Features\\SupportLifecycleHooks\\SupportLifecycleHooks.php(134): Livewire\\Wrapped->__call('mount', Array)
#19 C:\\xampp\\htdocs\\laravel-dev-assessment\\vendor\\livewire\\livewire\\src\\Features\\SupportLifecycleHooks\\SupportLifecycleHooks.php(20): Livewire\\Features\\SupportLifecycleHooks\\SupportLifecycleHooks->callHook('mount', Array)
#20 C:\\xampp\\htdocs\\laravel-dev-assessment\\vendor\\livewire\\livewire\\src\\ComponentHook.php(19): Livewire\\Features\\SupportLifecycleHooks\\SupportLifecycleHooks->mount(Array, false)
#21 C:\\xampp\\htdocs\\laravel-dev-assessment\\vendor\\livewire\\livewire\\src\\ComponentHookRegistry.php(45): Livewire\\ComponentHook->callMount(Array, false)
#22 C:\\xampp\\htdocs\\laravel-dev-assessment\\vendor\\livewire\\livewire\\src\\EventBus.php(60): Livewire\\ComponentHookRegistry::Livewire\\{closure}(Object(App\\Livewire\\Pages\\Skills\\Index), Array, NULL, false)
#23 C:\\xampp\\htdocs\\laravel-dev-assessment\\vendor\\livewire\\livewire\\src\\helpers.php(98): Livewire\\EventBus->trigger('mount', Object(App\\Livewire\\Pages\\Skills\\Index), Array, NULL, false)
#24 C:\\xampp\\htdocs\\laravel-dev-assessment\\vendor\\livewire\\livewire\\src\\Mechanisms\\HandleComponents\\HandleComponents.php(50): Livewire\\trigger('mount', Object(App\\Livewire\\Pages\\Skills\\Index), Array, NULL, false)
#25 C:\\xampp\\htdocs\\laravel-dev-assessment\\vendor\\livewire\\livewire\\src\\LivewireManager.php(73): Livewire\\Mechanisms\\HandleComponents\\HandleComponents->mount('App\\\\Livewire\\\\Pa...', Array, NULL)
#26 C:\\xampp\\htdocs\\laravel-dev-assessment\\vendor\\livewire\\livewire\\src\\Features\\SupportPageComponents\\HandlesPageComponents.php(17): Livewire\\LivewireManager->mount('App\\\\Livewire\\\\Pa...', Array)
#27 C:\\xampp\\htdocs\\laravel-dev-assessment\\vendor\\livewire\\livewire\\src\\Features\\SupportPageComponents\\SupportPageComponents.php(117): Livewire\\Component->Livewire\\Features\\SupportPageComponents\\{closure}()
#28 C:\\xampp\\htdocs\\laravel-dev-assessment\\vendor\\livewire\\livewire\\src\\Features\\SupportPageComponents\\HandlesPageComponents.php(14): Livewire\\Features\\SupportPageComponents\\SupportPageComponents::interceptTheRenderOfTheComponentAndRetreiveTheLayoutConfiguration(Object(Closure))
#29 C:\\xampp\\htdocs\\laravel-dev-assessment\\vendor\\laravel\\framework\\src\\Illuminate\\Routing\\ControllerDispatcher.php(47): Livewire\\Component->__invoke()
#30 C:\\xampp\\htdocs\\laravel-dev-assessment\\vendor\\laravel\\framework\\src\\Illuminate\\Routing\\Route.php(266): Illuminate\\Routing\\ControllerDispatcher->dispatch(Object(Illuminate\\Routing\\Route), Object(App\\Livewire\\Pages\\Skills\\Index), '__invoke')
#31 C:\\xampp\\htdocs\\laravel-dev-assessment\\vendor\\laravel\\framework\\src\\Illuminate\\Routing\\Route.php(212): Illuminate\\Routing\\Route->runController()
#32 C:\\xampp\\htdocs\\laravel-dev-assessment\\vendor\\laravel\\framework\\src\\Illuminate\\Routing\\Router.php(808): Illuminate\\Routing\\Route->run()
#33 C:\\xampp\\htdocs\\laravel-dev-assessment\\vendor\\laravel\\framework\\src\\Illuminate\\Pipeline\\Pipeline.php(144): Illuminate\\Routing\\Router->Illuminate\\Routing\\{closure}(Object(Illuminate\\Http\\Request))
#34 C:\\xampp\\htdocs\\laravel-dev-assessment\\vendor\\spatie\\laravel-permission\\src\\Middleware\\RoleMiddleware.php(39): Illuminate\\Pipeline\\Pipeline->Illuminate\\Pipeline\\{closure}(Object(Illuminate\\Http\\Request))
#35 C:\\xampp\\htdocs\\laravel-dev-assessment\\vendor\\laravel\\framework\\src\\Illuminate\\Pipeline\\Pipeline.php(183): Spatie\\Permission\\Middleware\\RoleMiddleware->handle(Object(Illuminate\\Http\\Request), Object(Closure), 'admin')
#36 C:\\xampp\\htdocs\\laravel-dev-assessment\\vendor\\laravel\\framework\\src\\Illuminate\\Http\\Middleware\\AddLinkHeadersForPreloadedAssets.php(20): Illuminate\\Pipeline\\Pipeline->Illuminate\\Pipeline\\{closure}(Object(Illuminate\\Http\\Request))
#37 C:\\xampp\\htdocs\\laravel-dev-assessment\\vendor\\laravel\\framework\\src\\Illuminate\\Pipeline\\Pipeline.php(183): Illuminate\\Http\\Middleware\\AddLinkHeadersForPreloadedAssets->handle(Object(Illuminate\\Http\\Request), Object(Closure))
#38 C:\\xampp\\htdocs\\laravel-dev-assessment\\vendor\\inertiajs\\inertia-laravel\\src\\Middleware.php(86): Illuminate\\Pipeline\\Pipeline->Illuminate\\Pipeline\\{closure}(Object(Illuminate\\Http\\Request))
#39 C:\\xampp\\htdocs\\laravel-dev-assessment\\vendor\\laravel\\framework\\src\\Illuminate\\Pipeline\\Pipeline.php(183): Inertia\\Middleware->handle(Object(Illuminate\\Http\\Request), Object(Closure))
#40 C:\\xampp\\htdocs\\laravel-dev-assessment\\vendor\\laravel\\framework\\src\\Illuminate\\Routing\\Middleware\\SubstituteBindings.php(51): Illuminate\\Pipeline\\Pipeline->Illuminate\\Pipeline\\{closure}(Object(Illuminate\\Http\\Request))
#41 C:\\xampp\\htdocs\\laravel-dev-assessment\\vendor\\laravel\\framework\\src\\Illuminate\\Pipeline\\Pipeline.php(183): Illuminate\\Routing\\Middleware\\SubstituteBindings->handle(Object(Illuminate\\Http\\Request), Object(Closure))
#42 C:\\xampp\\htdocs\\laravel-dev-assessment\\vendor\\laravel\\framework\\src\\Illuminate\\Auth\\Middleware\\Authenticate.php(64): Illuminate\\Pipeline\\Pipeline->Illuminate\\Pipeline\\{closure}(Object(Illuminate\\Http\\Request))
#43 C:\\xampp\\htdocs\\laravel-dev-assessment\\vendor\\laravel\\framework\\src\\Illuminate\\Pipeline\\Pipeline.php(183): Illuminate\\Auth\\Middleware\\Authenticate->handle(Object(Illuminate\\Http\\Request), Object(Closure))
#44 C:\\xampp\\htdocs\\laravel-dev-assessment\\vendor\\laravel\\framework\\src\\Illuminate\\Foundation\\Http\\Middleware\\VerifyCsrfToken.php(88): Illuminate\\Pipeline\\Pipeline->Illuminate\\Pipeline\\{closure}(Object(Illuminate\\Http\\Request))
#45 C:\\xampp\\htdocs\\laravel-dev-assessment\\vendor\\laravel\\framework\\src\\Illuminate\\Pipeline\\Pipeline.php(183): Illuminate\\Foundation\\Http\\Middleware\\VerifyCsrfToken->handle(Object(Illuminate\\Http\\Request), Object(Closure))
#46 C:\\xampp\\htdocs\\laravel-dev-assessment\\vendor\\laravel\\framework\\src\\Illuminate\\View\\Middleware\\ShareErrorsFromSession.php(49): Illuminate\\Pipeline\\Pipeline->Illuminate\\Pipeline\\{closure}(Object(Illuminate\\Http\\Request))
#47 C:\\xampp\\htdocs\\laravel-dev-assessment\\vendor\\laravel\\framework\\src\\Illuminate\\Pipeline\\Pipeline.php(183): Illuminate\\View\\Middleware\\ShareErrorsFromSession->handle(Object(Illuminate\\Http\\Request), Object(Closure))
#48 C:\\xampp\\htdocs\\laravel-dev-assessment\\vendor\\laravel\\framework\\src\\Illuminate\\Session\\Middleware\\StartSession.php(121): Illuminate\\Pipeline\\Pipeline->Illuminate\\Pipeline\\{closure}(Object(Illuminate\\Http\\Request))
#49 C:\\xampp\\htdocs\\laravel-dev-assessment\\vendor\\laravel\\framework\\src\\Illuminate\\Session\\Middleware\\StartSession.php(64): Illuminate\\Session\\Middleware\\StartSession->handleStatefulRequest(Object(Illuminate\\Http\\Request), Object(Illuminate\\Session\\Store), Object(Closure))
#50 C:\\xampp\\htdocs\\laravel-dev-assessment\\vendor\\laravel\\framework\\src\\Illuminate\\Pipeline\\Pipeline.php(183): Illuminate\\Session\\Middleware\\StartSession->handle(Object(Illuminate\\Http\\Request), Object(Closure))
#51 C:\\xampp\\htdocs\\laravel-dev-assessment\\vendor\\laravel\\framework\\src\\Illuminate\\Cookie\\Middleware\\AddQueuedCookiesToResponse.php(37): Illuminate\\Pipeline\\Pipeline->Illuminate\\Pipeline\\{closure}(Object(Illuminate\\Http\\Request))
#52 C:\\xampp\\htdocs\\laravel-dev-assessment\\vendor\\laravel\\framework\\src\\Illuminate\\Pipeline\\Pipeline.php(183): Illuminate\\Cookie\\Middleware\\AddQueuedCookiesToResponse->handle(Object(Illuminate\\Http\\Request), Object(Closure))
#53 C:\\xampp\\htdocs\\laravel-dev-assessment\\vendor\\laravel\\framework\\src\\Illuminate\\Cookie\\Middleware\\EncryptCookies.php(75): Illuminate\\Pipeline\\Pipeline->Illuminate\\Pipeline\\{closure}(Object(Illuminate\\Http\\Request))
#54 C:\\xampp\\htdocs\\laravel-dev-assessment\\vendor\\laravel\\framework\\src\\Illuminate\\Pipeline\\Pipeline.php(183): Illuminate\\Cookie\\Middleware\\EncryptCookies->handle(Object(Illuminate\\Http\\Request), Object(Closure))
#55 C:\\xampp\\htdocs\\laravel-dev-assessment\\vendor\\laravel\\framework\\src\\Illuminate\\Pipeline\\Pipeline.php(119): Illuminate\\Pipeline\\Pipeline->Illuminate\\Pipeline\\{closure}(Object(Illuminate\\Http\\Request))
#56 C:\\xampp\\htdocs\\laravel-dev-assessment\\vendor\\laravel\\framework\\src\\Illuminate\\Routing\\Router.php(807): Illuminate\\Pipeline\\Pipeline->then(Object(Closure))
#57 C:\\xampp\\htdocs\\laravel-dev-assessment\\vendor\\laravel\\framework\\src\\Illuminate\\Routing\\Router.php(786): Illuminate\\Routing\\Router->runRouteWithinStack(Object(Illuminate\\Routing\\Route), Object(Illuminate\\Http\\Request))
#58 C:\\xampp\\htdocs\\laravel-dev-assessment\\vendor\\laravel\\framework\\src\\Illuminate\\Routing\\Router.php(750): Illuminate\\Routing\\Router->runRoute(Object(Illuminate\\Http\\Request), Object(Illuminate\\Routing\\Route))
#59 C:\\xampp\\htdocs\\laravel-dev-assessment\\vendor\\laravel\\framework\\src\\Illuminate\\Routing\\Router.php(739): Illuminate\\Routing\\Router->dispatchToRoute(Object(Illuminate\\Http\\Request))
#60 C:\\xampp\\htdocs\\laravel-dev-assessment\\vendor\\laravel\\framework\\src\\Illuminate\\Foundation\\Http\\Kernel.php(201): Illuminate\\Routing\\Router->dispatch(Object(Illuminate\\Http\\Request))
#61 C:\\xampp\\htdocs\\laravel-dev-assessment\\vendor\\laravel\\framework\\src\\Illuminate\\Pipeline\\Pipeline.php(144): Illuminate\\Foundation\\Http\\Kernel->Illuminate\\Foundation\\Http\\{closure}(Object(Illuminate\\Http\\Request))
#62 C:\\xampp\\htdocs\\laravel-dev-assessment\\vendor\\livewire\\livewire\\src\\Features\\SupportDisablingBackButtonCache\\DisableBackButtonCacheMiddleware.php(19): Illuminate\\Pipeline\\Pipeline->Illuminate\\Pipeline\\{closure}(Object(Illuminate\\Http\\Request))
#63 C:\\xampp\\htdocs\\laravel-dev-assessment\\vendor\\laravel\\framework\\src\\Illuminate\\Pipeline\\Pipeline.php(183): Livewire\\Features\\SupportDisablingBackButtonCache\\DisableBackButtonCacheMiddleware->handle(Object(Illuminate\\Http\\Request), Object(Closure))
#64 C:\\xampp\\htdocs\\laravel-dev-assessment\\vendor\\barryvdh\\laravel-debugbar\\src\\Middleware\\InjectDebugbar.php(66): Illuminate\\Pipeline\\Pipeline->Illuminate\\Pipeline\\{closure}(Object(Illuminate\\Http\\Request))
#65 C:\\xampp\\htdocs\\laravel-dev-assessment\\vendor\\laravel\\framework\\src\\Illuminate\\Pipeline\\Pipeline.php(183): Barryvdh\\Debugbar\\Middleware\\InjectDebugbar->handle(Object(Illuminate\\Http\\Request), Object(Closure))
#66 C:\\xampp\\htdocs\\laravel-dev-assessment\\vendor\\laravel\\framework\\src\\Illuminate\\Foundation\\Http\\Middleware\\TransformsRequest.php(21): Illuminate\\Pipeline\\Pipeline->Illuminate\\Pipeline\\{closure}(Object(Illuminate\\Http\\Request))
#67 C:\\xampp\\htdocs\\laravel-dev-assessment\\vendor\\laravel\\framework\\src\\Illuminate\\Foundation\\Http\\Middleware\\ConvertEmptyStringsToNull.php(31): Illuminate\\Foundation\\Http\\Middleware\\TransformsRequest->handle(Object(Illuminate\\Http\\Request), Object(Closure))
#68 C:\\xampp\\htdocs\\laravel-dev-assessment\\vendor\\laravel\\framework\\src\\Illuminate\\Pipeline\\Pipeline.php(183): Illuminate\\Foundation\\Http\\Middleware\\ConvertEmptyStringsToNull->handle(Object(Illuminate\\Http\\Request), Object(Closure))
#69 C:\\xampp\\htdocs\\laravel-dev-assessment\\vendor\\laravel\\framework\\src\\Illuminate\\Foundation\\Http\\Middleware\\TransformsRequest.php(21): Illuminate\\Pipeline\\Pipeline->Illuminate\\Pipeline\\{closure}(Object(Illuminate\\Http\\Request))
#70 C:\\xampp\\htdocs\\laravel-dev-assessment\\vendor\\laravel\\framework\\src\\Illuminate\\Foundation\\Http\\Middleware\\TrimStrings.php(51): Illuminate\\Foundation\\Http\\Middleware\\TransformsRequest->handle(Object(Illuminate\\Http\\Request), Object(Closure))
#71 C:\\xampp\\htdocs\\laravel-dev-assessment\\vendor\\laravel\\framework\\src\\Illuminate\\Pipeline\\Pipeline.php(183): Illuminate\\Foundation\\Http\\Middleware\\TrimStrings->handle(Object(Illuminate\\Http\\Request), Object(Closure))
#72 C:\\xampp\\htdocs\\laravel-dev-assessment\\vendor\\laravel\\framework\\src\\Illuminate\\Http\\Middleware\\ValidatePostSize.php(27): Illuminate\\Pipeline\\Pipeline->Illuminate\\Pipeline\\{closure}(Object(Illuminate\\Http\\Request))
#73 C:\\xampp\\htdocs\\laravel-dev-assessment\\vendor\\laravel\\framework\\src\\Illuminate\\Pipeline\\Pipeline.php(183): Illuminate\\Http\\Middleware\\ValidatePostSize->handle(Object(Illuminate\\Http\\Request), Object(Closure))
#74 C:\\xampp\\htdocs\\laravel-dev-assessment\\vendor\\laravel\\framework\\src\\Illuminate\\Foundation\\Http\\Middleware\\PreventRequestsDuringMaintenance.php(110): Illuminate\\Pipeline\\Pipeline->Illuminate\\Pipeline\\{closure}(Object(Illuminate\\Http\\Request))
#75 C:\\xampp\\htdocs\\laravel-dev-assessment\\vendor\\laravel\\framework\\src\\Illuminate\\Pipeline\\Pipeline.php(183): Illuminate\\Foundation\\Http\\Middleware\\PreventRequestsDuringMaintenance->handle(Object(Illuminate\\Http\\Request), Object(Closure))
#76 C:\\xampp\\htdocs\\laravel-dev-assessment\\vendor\\laravel\\framework\\src\\Illuminate\\Http\\Middleware\\HandleCors.php(49): Illuminate\\Pipeline\\Pipeline->Illuminate\\Pipeline\\{closure}(Object(Illuminate\\Http\\Request))
#77 C:\\xampp\\htdocs\\laravel-dev-assessment\\vendor\\laravel\\framework\\src\\Illuminate\\Pipeline\\Pipeline.php(183): Illuminate\\Http\\Middleware\\HandleCors->handle(Object(Illuminate\\Http\\Request), Object(Closure))
#78 C:\\xampp\\htdocs\\laravel-dev-assessment\\vendor\\laravel\\framework\\src\\Illuminate\\Http\\Middleware\\TrustProxies.php(58): Illuminate\\Pipeline\\Pipeline->Illuminate\\Pipeline\\{closure}(Object(Illuminate\\Http\\Request))
#79 C:\\xampp\\htdocs\\laravel-dev-assessment\\vendor\\laravel\\framework\\src\\Illuminate\\Pipeline\\Pipeline.php(183): Illuminate\\Http\\Middleware\\TrustProxies->handle(Object(Illuminate\\Http\\Request), Object(Closure))
#80 C:\\xampp\\htdocs\\laravel-dev-assessment\\vendor\\laravel\\framework\\src\\Illuminate\\Foundation\\Http\\Middleware\\InvokeDeferredCallbacks.php(22): Illuminate\\Pipeline\\Pipeline->Illuminate\\Pipeline\\{closure}(Object(Illuminate\\Http\\Request))
#81 C:\\xampp\\htdocs\\laravel-dev-assessment\\vendor\\laravel\\framework\\src\\Illuminate\\Pipeline\\Pipeline.php(183): Illuminate\\Foundation\\Http\\Middleware\\InvokeDeferredCallbacks->handle(Object(Illuminate\\Http\\Request), Object(Closure))
#82 C:\\xampp\\htdocs\\laravel-dev-assessment\\vendor\\laravel\\framework\\src\\Illuminate\\Pipeline\\Pipeline.php(119): Illuminate\\Pipeline\\Pipeline->Illuminate\\Pipeline\\{closure}(Object(Illuminate\\Http\\Request))
#83 C:\\xampp\\htdocs\\laravel-dev-assessment\\vendor\\laravel\\framework\\src\\Illuminate\\Foundation\\Http\\Kernel.php(176): Illuminate\\Pipeline\\Pipeline->then(Object(Closure))
#84 C:\\xampp\\htdocs\\laravel-dev-assessment\\vendor\\laravel\\framework\\src\\Illuminate\\Foundation\\Http\\Kernel.php(145): Illuminate\\Foundation\\Http\\Kernel->sendRequestThroughRouter(Object(Illuminate\\Http\\Request))
#85 C:\\xampp\\htdocs\\laravel-dev-assessment\\vendor\\laravel\\framework\\src\\Illuminate\\Foundation\\Application.php(1190): Illuminate\\Foundation\\Http\\Kernel->handle(Object(Illuminate\\Http\\Request))
#86 C:\\xampp\\htdocs\\laravel-dev-assessment\\public\\index.php(17): Illuminate\\Foundation\\Application->handleRequest(Object(Illuminate\\Http\\Request))
#87 {main}
"} 
[2025-02-04 09:25:05] local.ERROR: Undefined variable $editId (View: C:\xampp\htdocs\laravel-dev-assessment\resources\views\livewire\pages\skills\index.blade.php) {"userId":1,"exception":"[object] (Illuminate\\View\\ViewException(code: 0): Undefined variable $editId (View: C:\\xampp\\htdocs\\laravel-dev-assessment\\resources\\views\\livewire\\pages\\skills\\index.blade.php) at C:\\xampp\\htdocs\\laravel-dev-assessment\\storage\\framework\\views\\d7a7c0e2aa085b72573f2f4dd2bd719a.php:14)
[stacktrace]
#0 C:\\xampp\\htdocs\\laravel-dev-assessment\\vendor\\livewire\\livewire\\src\\Mechanisms\\ExtendBlade\\ExtendedCompilerEngine.php(58): Illuminate\\View\\Engines\\CompilerEngine->handleViewException(Object(ErrorException), 1)
#1 C:\\xampp\\htdocs\\laravel-dev-assessment\\vendor\\livewire\\livewire\\src\\Mechanisms\\ExtendBlade\\ExtendedCompilerEngine.php(40): Livewire\\Mechanisms\\ExtendBlade\\ExtendedCompilerEngine->handleViewException(Object(ErrorException), 1)
#2 C:\\xampp\\htdocs\\laravel-dev-assessment\\vendor\\laravel\\framework\\src\\Illuminate\\View\\Engines\\CompilerEngine.php(74): Livewire\\Mechanisms\\ExtendBlade\\ExtendedCompilerEngine->evaluatePath('C:\\\\xampp\\\\htdocs...', Array)
#3 C:\\xampp\\htdocs\\laravel-dev-assessment\\vendor\\livewire\\livewire\\src\\Mechanisms\\ExtendBlade\\ExtendedCompilerEngine.php(16): Illuminate\\View\\Engines\\CompilerEngine->get('C:\\\\xampp\\\\htdocs...', Array)
#4 C:\\xampp\\htdocs\\laravel-dev-assessment\\vendor\\laravel\\framework\\src\\Illuminate\\View\\View.php(209): Livewire\\Mechanisms\\ExtendBlade\\ExtendedCompilerEngine->get('C:\\\\xampp\\\\htdocs...', Array)
#5 C:\\xampp\\htdocs\\laravel-dev-assessment\\vendor\\laravel\\framework\\src\\Illuminate\\View\\View.php(192): Illuminate\\View\\View->getContents()
#6 C:\\xampp\\htdocs\\laravel-dev-assessment\\vendor\\laravel\\framework\\src\\Illuminate\\View\\View.php(161): Illuminate\\View\\View->renderContents()
#7 C:\\xampp\\htdocs\\laravel-dev-assessment\\vendor\\livewire\\livewire\\src\\Mechanisms\\HandleComponents\\HandleComponents.php(241): Illuminate\\View\\View->render(Object(Closure))
#8 C:\\xampp\\htdocs\\laravel-dev-assessment\\vendor\\livewire\\livewire\\src\\Mechanisms\\HandleComponents\\HandleComponents.php(285): Livewire\\Mechanisms\\HandleComponents\\HandleComponents->Livewire\\Mechanisms\\HandleComponents\\{closure}()
#9 C:\\xampp\\htdocs\\laravel-dev-assessment\\vendor\\livewire\\livewire\\src\\Mechanisms\\HandleComponents\\HandleComponents.php(233): Livewire\\Mechanisms\\HandleComponents\\HandleComponents->trackInRenderStack(Object(App\\Livewire\\Pages\\Skills\\Index), Object(Closure))
#10 C:\\xampp\\htdocs\\laravel-dev-assessment\\vendor\\livewire\\livewire\\src\\Mechanisms\\HandleComponents\\HandleComponents.php(54): Livewire\\Mechanisms\\HandleComponents\\HandleComponents->render(Object(App\\Livewire\\Pages\\Skills\\Index), '<div></div>')
#11 C:\\xampp\\htdocs\\laravel-dev-assessment\\vendor\\livewire\\livewire\\src\\LivewireManager.php(73): Livewire\\Mechanisms\\HandleComponents\\HandleComponents->mount('App\\\\Livewire\\\\Pa...', Array, NULL)
#12 C:\\xampp\\htdocs\\laravel-dev-assessment\\vendor\\livewire\\livewire\\src\\Features\\SupportPageComponents\\HandlesPageComponents.php(17): Livewire\\LivewireManager->mount('App\\\\Livewire\\\\Pa...', Array)
#13 C:\\xampp\\htdocs\\laravel-dev-assessment\\vendor\\livewire\\livewire\\src\\Features\\SupportPageComponents\\SupportPageComponents.php(117): Livewire\\Component->Livewire\\Features\\SupportPageComponents\\{closure}()
#14 C:\\xampp\\htdocs\\laravel-dev-assessment\\vendor\\livewire\\livewire\\src\\Features\\SupportPageComponents\\HandlesPageComponents.php(14): Livewire\\Features\\SupportPageComponents\\SupportPageComponents::interceptTheRenderOfTheComponentAndRetreiveTheLayoutConfiguration(Object(Closure))
#15 C:\\xampp\\htdocs\\laravel-dev-assessment\\vendor\\laravel\\framework\\src\\Illuminate\\Routing\\ControllerDispatcher.php(47): Livewire\\Component->__invoke()
#16 C:\\xampp\\htdocs\\laravel-dev-assessment\\vendor\\laravel\\framework\\src\\Illuminate\\Routing\\Route.php(266): Illuminate\\Routing\\ControllerDispatcher->dispatch(Object(Illuminate\\Routing\\Route), Object(App\\Livewire\\Pages\\Skills\\Index), '__invoke')
#17 C:\\xampp\\htdocs\\laravel-dev-assessment\\vendor\\laravel\\framework\\src\\Illuminate\\Routing\\Route.php(212): Illuminate\\Routing\\Route->runController()
#18 C:\\xampp\\htdocs\\laravel-dev-assessment\\vendor\\laravel\\framework\\src\\Illuminate\\Routing\\Router.php(808): Illuminate\\Routing\\Route->run()
#19 C:\\xampp\\htdocs\\laravel-dev-assessment\\vendor\\laravel\\framework\\src\\Illuminate\\Pipeline\\Pipeline.php(144): Illuminate\\Routing\\Router->Illuminate\\Routing\\{closure}(Object(Illuminate\\Http\\Request))
#20 C:\\xampp\\htdocs\\laravel-dev-assessment\\vendor\\spatie\\laravel-permission\\src\\Middleware\\RoleMiddleware.php(39): Illuminate\\Pipeline\\Pipeline->Illuminate\\Pipeline\\{closure}(Object(Illuminate\\Http\\Request))
#21 C:\\xampp\\htdocs\\laravel-dev-assessment\\vendor\\laravel\\framework\\src\\Illuminate\\Pipeline\\Pipeline.php(183): Spatie\\Permission\\Middleware\\RoleMiddleware->handle(Object(Illuminate\\Http\\Request), Object(Closure), 'admin')
#22 C:\\xampp\\htdocs\\laravel-dev-assessment\\vendor\\laravel\\framework\\src\\Illuminate\\Http\\Middleware\\AddLinkHeadersForPreloadedAssets.php(20): Illuminate\\Pipeline\\Pipeline->Illuminate\\Pipeline\\{closure}(Object(Illuminate\\Http\\Request))
#23 C:\\xampp\\htdocs\\laravel-dev-assessment\\vendor\\laravel\\framework\\src\\Illuminate\\Pipeline\\Pipeline.php(183): Illuminate\\Http\\Middleware\\AddLinkHeadersForPreloadedAssets->handle(Object(Illuminate\\Http\\Request), Object(Closure))
#24 C:\\xampp\\htdocs\\laravel-dev-assessment\\vendor\\inertiajs\\inertia-laravel\\src\\Middleware.php(86): Illuminate\\Pipeline\\Pipeline->Illuminate\\Pipeline\\{closure}(Object(Illuminate\\Http\\Request))
#25 C:\\xampp\\htdocs\\laravel-dev-assessment\\vendor\\laravel\\framework\\src\\Illuminate\\Pipeline\\Pipeline.php(183): Inertia\\Middleware->handle(Object(Illuminate\\Http\\Request), Object(Closure))
#26 C:\\xampp\\htdocs\\laravel-dev-assessment\\vendor\\laravel\\framework\\src\\Illuminate\\Routing\\Middleware\\SubstituteBindings.php(51): Illuminate\\Pipeline\\Pipeline->Illuminate\\Pipeline\\{closure}(Object(Illuminate\\Http\\Request))
#27 C:\\xampp\\htdocs\\laravel-dev-assessment\\vendor\\laravel\\framework\\src\\Illuminate\\Pipeline\\Pipeline.php(183): Illuminate\\Routing\\Middleware\\SubstituteBindings->handle(Object(Illuminate\\Http\\Request), Object(Closure))
#28 C:\\xampp\\htdocs\\laravel-dev-assessment\\vendor\\laravel\\framework\\src\\Illuminate\\Auth\\Middleware\\Authenticate.php(64): Illuminate\\Pipeline\\Pipeline->Illuminate\\Pipeline\\{closure}(Object(Illuminate\\Http\\Request))
#29 C:\\xampp\\htdocs\\laravel-dev-assessment\\vendor\\laravel\\framework\\src\\Illuminate\\Pipeline\\Pipeline.php(183): Illuminate\\Auth\\Middleware\\Authenticate->handle(Object(Illuminate\\Http\\Request), Object(Closure))
#30 C:\\xampp\\htdocs\\laravel-dev-assessment\\vendor\\laravel\\framework\\src\\Illuminate\\Foundation\\Http\\Middleware\\VerifyCsrfToken.php(88): Illuminate\\Pipeline\\Pipeline->Illuminate\\Pipeline\\{closure}(Object(Illuminate\\Http\\Request))
#31 C:\\xampp\\htdocs\\laravel-dev-assessment\\vendor\\laravel\\framework\\src\\Illuminate\\Pipeline\\Pipeline.php(183): Illuminate\\Foundation\\Http\\Middleware\\VerifyCsrfToken->handle(Object(Illuminate\\Http\\Request), Object(Closure))
#32 C:\\xampp\\htdocs\\laravel-dev-assessment\\vendor\\laravel\\framework\\src\\Illuminate\\View\\Middleware\\ShareErrorsFromSession.php(49): Illuminate\\Pipeline\\Pipeline->Illuminate\\Pipeline\\{closure}(Object(Illuminate\\Http\\Request))
#33 C:\\xampp\\htdocs\\laravel-dev-assessment\\vendor\\laravel\\framework\\src\\Illuminate\\Pipeline\\Pipeline.php(183): Illuminate\\View\\Middleware\\ShareErrorsFromSession->handle(Object(Illuminate\\Http\\Request), Object(Closure))
#34 C:\\xampp\\htdocs\\laravel-dev-assessment\\vendor\\laravel\\framework\\src\\Illuminate\\Session\\Middleware\\StartSession.php(121): Illuminate\\Pipeline\\Pipeline->Illuminate\\Pipeline\\{closure}(Object(Illuminate\\Http\\Request))
#35 C:\\xampp\\htdocs\\laravel-dev-assessment\\vendor\\laravel\\framework\\src\\Illuminate\\Session\\Middleware\\StartSession.php(64): Illuminate\\Session\\Middleware\\StartSession->handleStatefulRequest(Object(Illuminate\\Http\\Request), Object(Illuminate\\Session\\Store), Object(Closure))
#36 C:\\xampp\\htdocs\\laravel-dev-assessment\\vendor\\laravel\\framework\\src\\Illuminate\\Pipeline\\Pipeline.php(183): Illuminate\\Session\\Middleware\\StartSession->handle(Object(Illuminate\\Http\\Request), Object(Closure))
#37 C:\\xampp\\htdocs\\laravel-dev-assessment\\vendor\\laravel\\framework\\src\\Illuminate\\Cookie\\Middleware\\AddQueuedCookiesToResponse.php(37): Illuminate\\Pipeline\\Pipeline->Illuminate\\Pipeline\\{closure}(Object(Illuminate\\Http\\Request))
#38 C:\\xampp\\htdocs\\laravel-dev-assessment\\vendor\\laravel\\framework\\src\\Illuminate\\Pipeline\\Pipeline.php(183): Illuminate\\Cookie\\Middleware\\AddQueuedCookiesToResponse->handle(Object(Illuminate\\Http\\Request), Object(Closure))
#39 C:\\xampp\\htdocs\\laravel-dev-assessment\\vendor\\laravel\\framework\\src\\Illuminate\\Cookie\\Middleware\\EncryptCookies.php(75): Illuminate\\Pipeline\\Pipeline->Illuminate\\Pipeline\\{closure}(Object(Illuminate\\Http\\Request))
#40 C:\\xampp\\htdocs\\laravel-dev-assessment\\vendor\\laravel\\framework\\src\\Illuminate\\Pipeline\\Pipeline.php(183): Illuminate\\Cookie\\Middleware\\EncryptCookies->handle(Object(Illuminate\\Http\\Request), Object(Closure))
#41 C:\\xampp\\htdocs\\laravel-dev-assessment\\vendor\\laravel\\framework\\src\\Illuminate\\Pipeline\\Pipeline.php(119): Illuminate\\Pipeline\\Pipeline->Illuminate\\Pipeline\\{closure}(Object(Illuminate\\Http\\Request))
#42 C:\\xampp\\htdocs\\laravel-dev-assessment\\vendor\\laravel\\framework\\src\\Illuminate\\Routing\\Router.php(807): Illuminate\\Pipeline\\Pipeline->then(Object(Closure))
#43 C:\\xampp\\htdocs\\laravel-dev-assessment\\vendor\\laravel\\framework\\src\\Illuminate\\Routing\\Router.php(786): Illuminate\\Routing\\Router->runRouteWithinStack(Object(Illuminate\\Routing\\Route), Object(Illuminate\\Http\\Request))
#44 C:\\xampp\\htdocs\\laravel-dev-assessment\\vendor\\laravel\\framework\\src\\Illuminate\\Routing\\Router.php(750): Illuminate\\Routing\\Router->runRoute(Object(Illuminate\\Http\\Request), Object(Illuminate\\Routing\\Route))
#45 C:\\xampp\\htdocs\\laravel-dev-assessment\\vendor\\laravel\\framework\\src\\Illuminate\\Routing\\Router.php(739): Illuminate\\Routing\\Router->dispatchToRoute(Object(Illuminate\\Http\\Request))
#46 C:\\xampp\\htdocs\\laravel-dev-assessment\\vendor\\laravel\\framework\\src\\Illuminate\\Foundation\\Http\\Kernel.php(201): Illuminate\\Routing\\Router->dispatch(Object(Illuminate\\Http\\Request))
#47 C:\\xampp\\htdocs\\laravel-dev-assessment\\vendor\\laravel\\framework\\src\\Illuminate\\Pipeline\\Pipeline.php(144): Illuminate\\Foundation\\Http\\Kernel->Illuminate\\Foundation\\Http\\{closure}(Object(Illuminate\\Http\\Request))
#48 C:\\xampp\\htdocs\\laravel-dev-assessment\\vendor\\livewire\\livewire\\src\\Features\\SupportDisablingBackButtonCache\\DisableBackButtonCacheMiddleware.php(19): Illuminate\\Pipeline\\Pipeline->Illuminate\\Pipeline\\{closure}(Object(Illuminate\\Http\\Request))
#49 C:\\xampp\\htdocs\\laravel-dev-assessment\\vendor\\laravel\\framework\\src\\Illuminate\\Pipeline\\Pipeline.php(183): Livewire\\Features\\SupportDisablingBackButtonCache\\DisableBackButtonCacheMiddleware->handle(Object(Illuminate\\Http\\Request), Object(Closure))
#50 C:\\xampp\\htdocs\\laravel-dev-assessment\\vendor\\barryvdh\\laravel-debugbar\\src\\Middleware\\InjectDebugbar.php(66): Illuminate\\Pipeline\\Pipeline->Illuminate\\Pipeline\\{closure}(Object(Illuminate\\Http\\Request))
#51 C:\\xampp\\htdocs\\laravel-dev-assessment\\vendor\\laravel\\framework\\src\\Illuminate\\Pipeline\\Pipeline.php(183): Barryvdh\\Debugbar\\Middleware\\InjectDebugbar->handle(Object(Illuminate\\Http\\Request), Object(Closure))
#52 C:\\xampp\\htdocs\\laravel-dev-assessment\\vendor\\laravel\\framework\\src\\Illuminate\\Foundation\\Http\\Middleware\\TransformsRequest.php(21): Illuminate\\Pipeline\\Pipeline->Illuminate\\Pipeline\\{closure}(Object(Illuminate\\Http\\Request))
#53 C:\\xampp\\htdocs\\laravel-dev-assessment\\vendor\\laravel\\framework\\src\\Illuminate\\Foundation\\Http\\Middleware\\ConvertEmptyStringsToNull.php(31): Illuminate\\Foundation\\Http\\Middleware\\TransformsRequest->handle(Object(Illuminate\\Http\\Request), Object(Closure))
#54 C:\\xampp\\htdocs\\laravel-dev-assessment\\vendor\\laravel\\framework\\src\\Illuminate\\Pipeline\\Pipeline.php(183): Illuminate\\Foundation\\Http\\Middleware\\ConvertEmptyStringsToNull->handle(Object(Illuminate\\Http\\Request), Object(Closure))
#55 C:\\xampp\\htdocs\\laravel-dev-assessment\\vendor\\laravel\\framework\\src\\Illuminate\\Foundation\\Http\\Middleware\\TransformsRequest.php(21): Illuminate\\Pipeline\\Pipeline->Illuminate\\Pipeline\\{closure}(Object(Illuminate\\Http\\Request))
#56 C:\\xampp\\htdocs\\laravel-dev-assessment\\vendor\\laravel\\framework\\src\\Illuminate\\Foundation\\Http\\Middleware\\TrimStrings.php(51): Illuminate\\Foundation\\Http\\Middleware\\TransformsRequest->handle(Object(Illuminate\\Http\\Request), Object(Closure))
#57 C:\\xampp\\htdocs\\laravel-dev-assessment\\vendor\\laravel\\framework\\src\\Illuminate\\Pipeline\\Pipeline.php(183): Illuminate\\Foundation\\Http\\Middleware\\TrimStrings->handle(Object(Illuminate\\Http\\Request), Object(Closure))
#58 C:\\xampp\\htdocs\\laravel-dev-assessment\\vendor\\laravel\\framework\\src\\Illuminate\\Http\\Middleware\\ValidatePostSize.php(27): Illuminate\\Pipeline\\Pipeline->Illuminate\\Pipeline\\{closure}(Object(Illuminate\\Http\\Request))
#59 C:\\xampp\\htdocs\\laravel-dev-assessment\\vendor\\laravel\\framework\\src\\Illuminate\\Pipeline\\Pipeline.php(183): Illuminate\\Http\\Middleware\\ValidatePostSize->handle(Object(Illuminate\\Http\\Request), Object(Closure))
#60 C:\\xampp\\htdocs\\laravel-dev-assessment\\vendor\\laravel\\framework\\src\\Illuminate\\Foundation\\Http\\Middleware\\PreventRequestsDuringMaintenance.php(110): Illuminate\\Pipeline\\Pipeline->Illuminate\\Pipeline\\{closure}(Object(Illuminate\\Http\\Request))
#61 C:\\xampp\\htdocs\\laravel-dev-assessment\\vendor\\laravel\\framework\\src\\Illuminate\\Pipeline\\Pipeline.php(183): Illuminate\\Foundation\\Http\\Middleware\\PreventRequestsDuringMaintenance->handle(Object(Illuminate\\Http\\Request), Object(Closure))
#62 C:\\xampp\\htdocs\\laravel-dev-assessment\\vendor\\laravel\\framework\\src\\Illuminate\\Http\\Middleware\\HandleCors.php(49): Illuminate\\Pipeline\\Pipeline->Illuminate\\Pipeline\\{closure}(Object(Illuminate\\Http\\Request))
#63 C:\\xampp\\htdocs\\laravel-dev-assessment\\vendor\\laravel\\framework\\src\\Illuminate\\Pipeline\\Pipeline.php(183): Illuminate\\Http\\Middleware\\HandleCors->handle(Object(Illuminate\\Http\\Request), Object(Closure))
#64 C:\\xampp\\htdocs\\laravel-dev-assessment\\vendor\\laravel\\framework\\src\\Illuminate\\Http\\Middleware\\TrustProxies.php(58): Illuminate\\Pipeline\\Pipeline->Illuminate\\Pipeline\\{closure}(Object(Illuminate\\Http\\Request))
#65 C:\\xampp\\htdocs\\laravel-dev-assessment\\vendor\\laravel\\framework\\src\\Illuminate\\Pipeline\\Pipeline.php(183): Illuminate\\Http\\Middleware\\TrustProxies->handle(Object(Illuminate\\Http\\Request), Object(Closure))
#66 C:\\xampp\\htdocs\\laravel-dev-assessment\\vendor\\laravel\\framework\\src\\Illuminate\\Foundation\\Http\\Middleware\\InvokeDeferredCallbacks.php(22): Illuminate\\Pipeline\\Pipeline->Illuminate\\Pipeline\\{closure}(Object(Illuminate\\Http\\Request))
#67 C:\\xampp\\htdocs\\laravel-dev-assessment\\vendor\\laravel\\framework\\src\\Illuminate\\Pipeline\\Pipeline.php(183): Illuminate\\Foundation\\Http\\Middleware\\InvokeDeferredCallbacks->handle(Object(Illuminate\\Http\\Request), Object(Closure))
#68 C:\\xampp\\htdocs\\laravel-dev-assessment\\vendor\\laravel\\framework\\src\\Illuminate\\Pipeline\\Pipeline.php(119): Illuminate\\Pipeline\\Pipeline->Illuminate\\Pipeline\\{closure}(Object(Illuminate\\Http\\Request))
#69 C:\\xampp\\htdocs\\laravel-dev-assessment\\vendor\\laravel\\framework\\src\\Illuminate\\Foundation\\Http\\Kernel.php(176): Illuminate\\Pipeline\\Pipeline->then(Object(Closure))
#70 C:\\xampp\\htdocs\\laravel-dev-assessment\\vendor\\laravel\\framework\\src\\Illuminate\\Foundation\\Http\\Kernel.php(145): Illuminate\\Foundation\\Http\\Kernel->sendRequestThroughRouter(Object(Illuminate\\Http\\Request))
#71 C:\\xampp\\htdocs\\laravel-dev-assessment\\vendor\\laravel\\framework\\src\\Illuminate\\Foundation\\Application.php(1190): Illuminate\\Foundation\\Http\\Kernel->handle(Object(Illuminate\\Http\\Request))
#72 C:\\xampp\\htdocs\\laravel-dev-assessment\\public\\index.php(17): Illuminate\\Foundation\\Application->handleRequest(Object(Illuminate\\Http\\Request))
#73 {main}

[previous exception] [object] (ErrorException(code: 0): Undefined variable $editId at C:\\xampp\\htdocs\\laravel-dev-assessment\\storage\\framework\\views\\d7a7c0e2aa085b72573f2f4dd2bd719a.php:14)
[stacktrace]
#0 C:\\xampp\\htdocs\\laravel-dev-assessment\\vendor\\laravel\\framework\\src\\Illuminate\\Foundation\\Bootstrap\\HandleExceptions.php(290): Illuminate\\Foundation\\Bootstrap\\HandleExceptions->handleError(2, 'Undefined varia...', 'C:\\\\xampp\\\\htdocs...', 14)
#1 C:\\xampp\\htdocs\\laravel-dev-assessment\\storage\\framework\\views\\d7a7c0e2aa085b72573f2f4dd2bd719a.php(14): Illuminate\\Foundation\\Bootstrap\\HandleExceptions->Illuminate\\Foundation\\Bootstrap\\{closure}(2, 'Undefined varia...', 'C:\\\\xampp\\\\htdocs...', 14)
#2 C:\\xampp\\htdocs\\laravel-dev-assessment\\vendor\\livewire\\livewire\\src\\Mechanisms\\ExtendBlade\\ExtendedCompilerEngine.php(37): include('C:\\\\xampp\\\\htdocs...')
#3 C:\\xampp\\htdocs\\laravel-dev-assessment\\vendor\\livewire\\livewire\\src\\Mechanisms\\ExtendBlade\\ExtendedCompilerEngine.php(38): App\\Livewire\\Pages\\Skills\\Index->Livewire\\Mechanisms\\ExtendBlade\\{closure}()
#4 C:\\xampp\\htdocs\\laravel-dev-assessment\\vendor\\laravel\\framework\\src\\Illuminate\\View\\Engines\\CompilerEngine.php(74): Livewire\\Mechanisms\\ExtendBlade\\ExtendedCompilerEngine->evaluatePath('C:\\\\xampp\\\\htdocs...', Array)
#5 C:\\xampp\\htdocs\\laravel-dev-assessment\\vendor\\livewire\\livewire\\src\\Mechanisms\\ExtendBlade\\ExtendedCompilerEngine.php(16): Illuminate\\View\\Engines\\CompilerEngine->get('C:\\\\xampp\\\\htdocs...', Array)
#6 C:\\xampp\\htdocs\\laravel-dev-assessment\\vendor\\laravel\\framework\\src\\Illuminate\\View\\View.php(209): Livewire\\Mechanisms\\ExtendBlade\\ExtendedCompilerEngine->get('C:\\\\xampp\\\\htdocs...', Array)
#7 C:\\xampp\\htdocs\\laravel-dev-assessment\\vendor\\laravel\\framework\\src\\Illuminate\\View\\View.php(192): Illuminate\\View\\View->getContents()
#8 C:\\xampp\\htdocs\\laravel-dev-assessment\\vendor\\laravel\\framework\\src\\Illuminate\\View\\View.php(161): Illuminate\\View\\View->renderContents()
#9 C:\\xampp\\htdocs\\laravel-dev-assessment\\vendor\\livewire\\livewire\\src\\Mechanisms\\HandleComponents\\HandleComponents.php(241): Illuminate\\View\\View->render(Object(Closure))
#10 C:\\xampp\\htdocs\\laravel-dev-assessment\\vendor\\livewire\\livewire\\src\\Mechanisms\\HandleComponents\\HandleComponents.php(285): Livewire\\Mechanisms\\HandleComponents\\HandleComponents->Livewire\\Mechanisms\\HandleComponents\\{closure}()
#11 C:\\xampp\\htdocs\\laravel-dev-assessment\\vendor\\livewire\\livewire\\src\\Mechanisms\\HandleComponents\\HandleComponents.php(233): Livewire\\Mechanisms\\HandleComponents\\HandleComponents->trackInRenderStack(Object(App\\Livewire\\Pages\\Skills\\Index), Object(Closure))
#12 C:\\xampp\\htdocs\\laravel-dev-assessment\\vendor\\livewire\\livewire\\src\\Mechanisms\\HandleComponents\\HandleComponents.php(54): Livewire\\Mechanisms\\HandleComponents\\HandleComponents->render(Object(App\\Livewire\\Pages\\Skills\\Index), '<div></div>')
#13 C:\\xampp\\htdocs\\laravel-dev-assessment\\vendor\\livewire\\livewire\\src\\LivewireManager.php(73): Livewire\\Mechanisms\\HandleComponents\\HandleComponents->mount('App\\\\Livewire\\\\Pa...', Array, NULL)
#14 C:\\xampp\\htdocs\\laravel-dev-assessment\\vendor\\livewire\\livewire\\src\\Features\\SupportPageComponents\\HandlesPageComponents.php(17): Livewire\\LivewireManager->mount('App\\\\Livewire\\\\Pa...', Array)
#15 C:\\xampp\\htdocs\\laravel-dev-assessment\\vendor\\livewire\\livewire\\src\\Features\\SupportPageComponents\\SupportPageComponents.php(117): Livewire\\Component->Livewire\\Features\\SupportPageComponents\\{closure}()
#16 C:\\xampp\\htdocs\\laravel-dev-assessment\\vendor\\livewire\\livewire\\src\\Features\\SupportPageComponents\\HandlesPageComponents.php(14): Livewire\\Features\\SupportPageComponents\\SupportPageComponents::interceptTheRenderOfTheComponentAndRetreiveTheLayoutConfiguration(Object(Closure))
#17 C:\\xampp\\htdocs\\laravel-dev-assessment\\vendor\\laravel\\framework\\src\\Illuminate\\Routing\\ControllerDispatcher.php(47): Livewire\\Component->__invoke()
#18 C:\\xampp\\htdocs\\laravel-dev-assessment\\vendor\\laravel\\framework\\src\\Illuminate\\Routing\\Route.php(266): Illuminate\\Routing\\ControllerDispatcher->dispatch(Object(Illuminate\\Routing\\Route), Object(App\\Livewire\\Pages\\Skills\\Index), '__invoke')
#19 C:\\xampp\\htdocs\\laravel-dev-assessment\\vendor\\laravel\\framework\\src\\Illuminate\\Routing\\Route.php(212): Illuminate\\Routing\\Route->runController()
#20 C:\\xampp\\htdocs\\laravel-dev-assessment\\vendor\\laravel\\framework\\src\\Illuminate\\Routing\\Router.php(808): Illuminate\\Routing\\Route->run()
#21 C:\\xampp\\htdocs\\laravel-dev-assessment\\vendor\\laravel\\framework\\src\\Illuminate\\Pipeline\\Pipeline.php(144): Illuminate\\Routing\\Router->Illuminate\\Routing\\{closure}(Object(Illuminate\\Http\\Request))
#22 C:\\xampp\\htdocs\\laravel-dev-assessment\\vendor\\spatie\\laravel-permission\\src\\Middleware\\RoleMiddleware.php(39): Illuminate\\Pipeline\\Pipeline->Illuminate\\Pipeline\\{closure}(Object(Illuminate\\Http\\Request))
#23 C:\\xampp\\htdocs\\laravel-dev-assessment\\vendor\\laravel\\framework\\src\\Illuminate\\Pipeline\\Pipeline.php(183): Spatie\\Permission\\Middleware\\RoleMiddleware->handle(Object(Illuminate\\Http\\Request), Object(Closure), 'admin')
#24 C:\\xampp\\htdocs\\laravel-dev-assessment\\vendor\\laravel\\framework\\src\\Illuminate\\Http\\Middleware\\AddLinkHeadersForPreloadedAssets.php(20): Illuminate\\Pipeline\\Pipeline->Illuminate\\Pipeline\\{closure}(Object(Illuminate\\Http\\Request))
#25 C:\\xampp\\htdocs\\laravel-dev-assessment\\vendor\\laravel\\framework\\src\\Illuminate\\Pipeline\\Pipeline.php(183): Illuminate\\Http\\Middleware\\AddLinkHeadersForPreloadedAssets->handle(Object(Illuminate\\Http\\Request), Object(Closure))
#26 C:\\xampp\\htdocs\\laravel-dev-assessment\\vendor\\inertiajs\\inertia-laravel\\src\\Middleware.php(86): Illuminate\\Pipeline\\Pipeline->Illuminate\\Pipeline\\{closure}(Object(Illuminate\\Http\\Request))
#27 C:\\xampp\\htdocs\\laravel-dev-assessment\\vendor\\laravel\\framework\\src\\Illuminate\\Pipeline\\Pipeline.php(183): Inertia\\Middleware->handle(Object(Illuminate\\Http\\Request), Object(Closure))
#28 C:\\xampp\\htdocs\\laravel-dev-assessment\\vendor\\laravel\\framework\\src\\Illuminate\\Routing\\Middleware\\SubstituteBindings.php(51): Illuminate\\Pipeline\\Pipeline->Illuminate\\Pipeline\\{closure}(Object(Illuminate\\Http\\Request))
#29 C:\\xampp\\htdocs\\laravel-dev-assessment\\vendor\\laravel\\framework\\src\\Illuminate\\Pipeline\\Pipeline.php(183): Illuminate\\Routing\\Middleware\\SubstituteBindings->handle(Object(Illuminate\\Http\\Request), Object(Closure))
#30 C:\\xampp\\htdocs\\laravel-dev-assessment\\vendor\\laravel\\framework\\src\\Illuminate\\Auth\\Middleware\\Authenticate.php(64): Illuminate\\Pipeline\\Pipeline->Illuminate\\Pipeline\\{closure}(Object(Illuminate\\Http\\Request))
#31 C:\\xampp\\htdocs\\laravel-dev-assessment\\vendor\\laravel\\framework\\src\\Illuminate\\Pipeline\\Pipeline.php(183): Illuminate\\Auth\\Middleware\\Authenticate->handle(Object(Illuminate\\Http\\Request), Object(Closure))
#32 C:\\xampp\\htdocs\\laravel-dev-assessment\\vendor\\laravel\\framework\\src\\Illuminate\\Foundation\\Http\\Middleware\\VerifyCsrfToken.php(88): Illuminate\\Pipeline\\Pipeline->Illuminate\\Pipeline\\{closure}(Object(Illuminate\\Http\\Request))
#33 C:\\xampp\\htdocs\\laravel-dev-assessment\\vendor\\laravel\\framework\\src\\Illuminate\\Pipeline\\Pipeline.php(183): Illuminate\\Foundation\\Http\\Middleware\\VerifyCsrfToken->handle(Object(Illuminate\\Http\\Request), Object(Closure))
#34 C:\\xampp\\htdocs\\laravel-dev-assessment\\vendor\\laravel\\framework\\src\\Illuminate\\View\\Middleware\\ShareErrorsFromSession.php(49): Illuminate\\Pipeline\\Pipeline->Illuminate\\Pipeline\\{closure}(Object(Illuminate\\Http\\Request))
#35 C:\\xampp\\htdocs\\laravel-dev-assessment\\vendor\\laravel\\framework\\src\\Illuminate\\Pipeline\\Pipeline.php(183): Illuminate\\View\\Middleware\\ShareErrorsFromSession->handle(Object(Illuminate\\Http\\Request), Object(Closure))
#36 C:\\xampp\\htdocs\\laravel-dev-assessment\\vendor\\laravel\\framework\\src\\Illuminate\\Session\\Middleware\\StartSession.php(121): Illuminate\\Pipeline\\Pipeline->Illuminate\\Pipeline\\{closure}(Object(Illuminate\\Http\\Request))
#37 C:\\xampp\\htdocs\\laravel-dev-assessment\\vendor\\laravel\\framework\\src\\Illuminate\\Session\\Middleware\\StartSession.php(64): Illuminate\\Session\\Middleware\\StartSession->handleStatefulRequest(Object(Illuminate\\Http\\Request), Object(Illuminate\\Session\\Store), Object(Closure))
#38 C:\\xampp\\htdocs\\laravel-dev-assessment\\vendor\\laravel\\framework\\src\\Illuminate\\Pipeline\\Pipeline.php(183): Illuminate\\Session\\Middleware\\StartSession->handle(Object(Illuminate\\Http\\Request), Object(Closure))
#39 C:\\xampp\\htdocs\\laravel-dev-assessment\\vendor\\laravel\\framework\\src\\Illuminate\\Cookie\\Middleware\\AddQueuedCookiesToResponse.php(37): Illuminate\\Pipeline\\Pipeline->Illuminate\\Pipeline\\{closure}(Object(Illuminate\\Http\\Request))
#40 C:\\xampp\\htdocs\\laravel-dev-assessment\\vendor\\laravel\\framework\\src\\Illuminate\\Pipeline\\Pipeline.php(183): Illuminate\\Cookie\\Middleware\\AddQueuedCookiesToResponse->handle(Object(Illuminate\\Http\\Request), Object(Closure))
#41 C:\\xampp\\htdocs\\laravel-dev-assessment\\vendor\\laravel\\framework\\src\\Illuminate\\Cookie\\Middleware\\EncryptCookies.php(75): Illuminate\\Pipeline\\Pipeline->Illuminate\\Pipeline\\{closure}(Object(Illuminate\\Http\\Request))
#42 C:\\xampp\\htdocs\\laravel-dev-assessment\\vendor\\laravel\\framework\\src\\Illuminate\\Pipeline\\Pipeline.php(183): Illuminate\\Cookie\\Middleware\\EncryptCookies->handle(Object(Illuminate\\Http\\Request), Object(Closure))
#43 C:\\xampp\\htdocs\\laravel-dev-assessment\\vendor\\laravel\\framework\\src\\Illuminate\\Pipeline\\Pipeline.php(119): Illuminate\\Pipeline\\Pipeline->Illuminate\\Pipeline\\{closure}(Object(Illuminate\\Http\\Request))
#44 C:\\xampp\\htdocs\\laravel-dev-assessment\\vendor\\laravel\\framework\\src\\Illuminate\\Routing\\Router.php(807): Illuminate\\Pipeline\\Pipeline->then(Object(Closure))
#45 C:\\xampp\\htdocs\\laravel-dev-assessment\\vendor\\laravel\\framework\\src\\Illuminate\\Routing\\Router.php(786): Illuminate\\Routing\\Router->runRouteWithinStack(Object(Illuminate\\Routing\\Route), Object(Illuminate\\Http\\Request))
#46 C:\\xampp\\htdocs\\laravel-dev-assessment\\vendor\\laravel\\framework\\src\\Illuminate\\Routing\\Router.php(750): Illuminate\\Routing\\Router->runRoute(Object(Illuminate\\Http\\Request), Object(Illuminate\\Routing\\Route))
#47 C:\\xampp\\htdocs\\laravel-dev-assessment\\vendor\\laravel\\framework\\src\\Illuminate\\Routing\\Router.php(739): Illuminate\\Routing\\Router->dispatchToRoute(Object(Illuminate\\Http\\Request))
#48 C:\\xampp\\htdocs\\laravel-dev-assessment\\vendor\\laravel\\framework\\src\\Illuminate\\Foundation\\Http\\Kernel.php(201): Illuminate\\Routing\\Router->dispatch(Object(Illuminate\\Http\\Request))
#49 C:\\xampp\\htdocs\\laravel-dev-assessment\\vendor\\laravel\\framework\\src\\Illuminate\\Pipeline\\Pipeline.php(144): Illuminate\\Foundation\\Http\\Kernel->Illuminate\\Foundation\\Http\\{closure}(Object(Illuminate\\Http\\Request))
#50 C:\\xampp\\htdocs\\laravel-dev-assessment\\vendor\\livewire\\livewire\\src\\Features\\SupportDisablingBackButtonCache\\DisableBackButtonCacheMiddleware.php(19): Illuminate\\Pipeline\\Pipeline->Illuminate\\Pipeline\\{closure}(Object(Illuminate\\Http\\Request))
#51 C:\\xampp\\htdocs\\laravel-dev-assessment\\vendor\\laravel\\framework\\src\\Illuminate\\Pipeline\\Pipeline.php(183): Livewire\\Features\\SupportDisablingBackButtonCache\\DisableBackButtonCacheMiddleware->handle(Object(Illuminate\\Http\\Request), Object(Closure))
#52 C:\\xampp\\htdocs\\laravel-dev-assessment\\vendor\\barryvdh\\laravel-debugbar\\src\\Middleware\\InjectDebugbar.php(66): Illuminate\\Pipeline\\Pipeline->Illuminate\\Pipeline\\{closure}(Object(Illuminate\\Http\\Request))
#53 C:\\xampp\\htdocs\\laravel-dev-assessment\\vendor\\laravel\\framework\\src\\Illuminate\\Pipeline\\Pipeline.php(183): Barryvdh\\Debugbar\\Middleware\\InjectDebugbar->handle(Object(Illuminate\\Http\\Request), Object(Closure))
#54 C:\\xampp\\htdocs\\laravel-dev-assessment\\vendor\\laravel\\framework\\src\\Illuminate\\Foundation\\Http\\Middleware\\TransformsRequest.php(21): Illuminate\\Pipeline\\Pipeline->Illuminate\\Pipeline\\{closure}(Object(Illuminate\\Http\\Request))
#55 C:\\xampp\\htdocs\\laravel-dev-assessment\\vendor\\laravel\\framework\\src\\Illuminate\\Foundation\\Http\\Middleware\\ConvertEmptyStringsToNull.php(31): Illuminate\\Foundation\\Http\\Middleware\\TransformsRequest->handle(Object(Illuminate\\Http\\Request), Object(Closure))
#56 C:\\xampp\\htdocs\\laravel-dev-assessment\\vendor\\laravel\\framework\\src\\Illuminate\\Pipeline\\Pipeline.php(183): Illuminate\\Foundation\\Http\\Middleware\\ConvertEmptyStringsToNull->handle(Object(Illuminate\\Http\\Request), Object(Closure))
#57 C:\\xampp\\htdocs\\laravel-dev-assessment\\vendor\\laravel\\framework\\src\\Illuminate\\Foundation\\Http\\Middleware\\TransformsRequest.php(21): Illuminate\\Pipeline\\Pipeline->Illuminate\\Pipeline\\{closure}(Object(Illuminate\\Http\\Request))
#58 C:\\xampp\\htdocs\\laravel-dev-assessment\\vendor\\laravel\\framework\\src\\Illuminate\\Foundation\\Http\\Middleware\\TrimStrings.php(51): Illuminate\\Foundation\\Http\\Middleware\\TransformsRequest->handle(Object(Illuminate\\Http\\Request), Object(Closure))
#59 C:\\xampp\\htdocs\\laravel-dev-assessment\\vendor\\laravel\\framework\\src\\Illuminate\\Pipeline\\Pipeline.php(183): Illuminate\\Foundation\\Http\\Middleware\\TrimStrings->handle(Object(Illuminate\\Http\\Request), Object(Closure))
#60 C:\\xampp\\htdocs\\laravel-dev-assessment\\vendor\\laravel\\framework\\src\\Illuminate\\Http\\Middleware\\ValidatePostSize.php(27): Illuminate\\Pipeline\\Pipeline->Illuminate\\Pipeline\\{closure}(Object(Illuminate\\Http\\Request))
#61 C:\\xampp\\htdocs\\laravel-dev-assessment\\vendor\\laravel\\framework\\src\\Illuminate\\Pipeline\\Pipeline.php(183): Illuminate\\Http\\Middleware\\ValidatePostSize->handle(Object(Illuminate\\Http\\Request), Object(Closure))
#62 C:\\xampp\\htdocs\\laravel-dev-assessment\\vendor\\laravel\\framework\\src\\Illuminate\\Foundation\\Http\\Middleware\\PreventRequestsDuringMaintenance.php(110): Illuminate\\Pipeline\\Pipeline->Illuminate\\Pipeline\\{closure}(Object(Illuminate\\Http\\Request))
#63 C:\\xampp\\htdocs\\laravel-dev-assessment\\vendor\\laravel\\framework\\src\\Illuminate\\Pipeline\\Pipeline.php(183): Illuminate\\Foundation\\Http\\Middleware\\PreventRequestsDuringMaintenance->handle(Object(Illuminate\\Http\\Request), Object(Closure))
#64 C:\\xampp\\htdocs\\laravel-dev-assessment\\vendor\\laravel\\framework\\src\\Illuminate\\Http\\Middleware\\HandleCors.php(49): Illuminate\\Pipeline\\Pipeline->Illuminate\\Pipeline\\{closure}(Object(Illuminate\\Http\\Request))
#65 C:\\xampp\\htdocs\\laravel-dev-assessment\\vendor\\laravel\\framework\\src\\Illuminate\\Pipeline\\Pipeline.php(183): Illuminate\\Http\\Middleware\\HandleCors->handle(Object(Illuminate\\Http\\Request), Object(Closure))
#66 C:\\xampp\\htdocs\\laravel-dev-assessment\\vendor\\laravel\\framework\\src\\Illuminate\\Http\\Middleware\\TrustProxies.php(58): Illuminate\\Pipeline\\Pipeline->Illuminate\\Pipeline\\{closure}(Object(Illuminate\\Http\\Request))
#67 C:\\xampp\\htdocs\\laravel-dev-assessment\\vendor\\laravel\\framework\\src\\Illuminate\\Pipeline\\Pipeline.php(183): Illuminate\\Http\\Middleware\\TrustProxies->handle(Object(Illuminate\\Http\\Request), Object(Closure))
#68 C:\\xampp\\htdocs\\laravel-dev-assessment\\vendor\\laravel\\framework\\src\\Illuminate\\Foundation\\Http\\Middleware\\InvokeDeferredCallbacks.php(22): Illuminate\\Pipeline\\Pipeline->Illuminate\\Pipeline\\{closure}(Object(Illuminate\\Http\\Request))
#69 C:\\xampp\\htdocs\\laravel-dev-assessment\\vendor\\laravel\\framework\\src\\Illuminate\\Pipeline\\Pipeline.php(183): Illuminate\\Foundation\\Http\\Middleware\\InvokeDeferredCallbacks->handle(Object(Illuminate\\Http\\Request), Object(Closure))
#70 C:\\xampp\\htdocs\\laravel-dev-assessment\\vendor\\laravel\\framework\\src\\Illuminate\\Pipeline\\Pipeline.php(119): Illuminate\\Pipeline\\Pipeline->Illuminate\\Pipeline\\{closure}(Object(Illuminate\\Http\\Request))
#71 C:\\xampp\\htdocs\\laravel-dev-assessment\\vendor\\laravel\\framework\\src\\Illuminate\\Foundation\\Http\\Kernel.php(176): Illuminate\\Pipeline\\Pipeline->then(Object(Closure))
#72 C:\\xampp\\htdocs\\laravel-dev-assessment\\vendor\\laravel\\framework\\src\\Illuminate\\Foundation\\Http\\Kernel.php(145): Illuminate\\Foundation\\Http\\Kernel->sendRequestThroughRouter(Object(Illuminate\\Http\\Request))
#73 C:\\xampp\\htdocs\\laravel-dev-assessment\\vendor\\laravel\\framework\\src\\Illuminate\\Foundation\\Application.php(1190): Illuminate\\Foundation\\Http\\Kernel->handle(Object(Illuminate\\Http\\Request))
#74 C:\\xampp\\htdocs\\laravel-dev-assessment\\public\\index.php(17): Illuminate\\Foundation\\Application->handleRequest(Object(Illuminate\\Http\\Request))
#75 {main}
"} 
[2025-02-04 09:25:06] local.ERROR: Undefined variable $editId (View: C:\xampp\htdocs\laravel-dev-assessment\resources\views\livewire\pages\skills\index.blade.php) {"userId":1,"exception":"[object] (Illuminate\\View\\ViewException(code: 0): Undefined variable $editId (View: C:\\xampp\\htdocs\\laravel-dev-assessment\\resources\\views\\livewire\\pages\\skills\\index.blade.php) at C:\\xampp\\htdocs\\laravel-dev-assessment\\storage\\framework\\views\\d7a7c0e2aa085b72573f2f4dd2bd719a.php:14)
[stacktrace]
#0 C:\\xampp\\htdocs\\laravel-dev-assessment\\vendor\\livewire\\livewire\\src\\Mechanisms\\ExtendBlade\\ExtendedCompilerEngine.php(58): Illuminate\\View\\Engines\\CompilerEngine->handleViewException(Object(ErrorException), 1)
#1 C:\\xampp\\htdocs\\laravel-dev-assessment\\vendor\\livewire\\livewire\\src\\Mechanisms\\ExtendBlade\\ExtendedCompilerEngine.php(40): Livewire\\Mechanisms\\ExtendBlade\\ExtendedCompilerEngine->handleViewException(Object(ErrorException), 1)
#2 C:\\xampp\\htdocs\\laravel-dev-assessment\\vendor\\laravel\\framework\\src\\Illuminate\\View\\Engines\\CompilerEngine.php(74): Livewire\\Mechanisms\\ExtendBlade\\ExtendedCompilerEngine->evaluatePath('C:\\\\xampp\\\\htdocs...', Array)
#3 C:\\xampp\\htdocs\\laravel-dev-assessment\\vendor\\livewire\\livewire\\src\\Mechanisms\\ExtendBlade\\ExtendedCompilerEngine.php(16): Illuminate\\View\\Engines\\CompilerEngine->get('C:\\\\xampp\\\\htdocs...', Array)
#4 C:\\xampp\\htdocs\\laravel-dev-assessment\\vendor\\laravel\\framework\\src\\Illuminate\\View\\View.php(209): Livewire\\Mechanisms\\ExtendBlade\\ExtendedCompilerEngine->get('C:\\\\xampp\\\\htdocs...', Array)
#5 C:\\xampp\\htdocs\\laravel-dev-assessment\\vendor\\laravel\\framework\\src\\Illuminate\\View\\View.php(192): Illuminate\\View\\View->getContents()
#6 C:\\xampp\\htdocs\\laravel-dev-assessment\\vendor\\laravel\\framework\\src\\Illuminate\\View\\View.php(161): Illuminate\\View\\View->renderContents()
#7 C:\\xampp\\htdocs\\laravel-dev-assessment\\vendor\\livewire\\livewire\\src\\Mechanisms\\HandleComponents\\HandleComponents.php(241): Illuminate\\View\\View->render(Object(Closure))
#8 C:\\xampp\\htdocs\\laravel-dev-assessment\\vendor\\livewire\\livewire\\src\\Mechanisms\\HandleComponents\\HandleComponents.php(285): Livewire\\Mechanisms\\HandleComponents\\HandleComponents->Livewire\\Mechanisms\\HandleComponents\\{closure}()
#9 C:\\xampp\\htdocs\\laravel-dev-assessment\\vendor\\livewire\\livewire\\src\\Mechanisms\\HandleComponents\\HandleComponents.php(233): Livewire\\Mechanisms\\HandleComponents\\HandleComponents->trackInRenderStack(Object(App\\Livewire\\Pages\\Skills\\Index), Object(Closure))
#10 C:\\xampp\\htdocs\\laravel-dev-assessment\\vendor\\livewire\\livewire\\src\\Mechanisms\\HandleComponents\\HandleComponents.php(54): Livewire\\Mechanisms\\HandleComponents\\HandleComponents->render(Object(App\\Livewire\\Pages\\Skills\\Index), '<div></div>')
#11 C:\\xampp\\htdocs\\laravel-dev-assessment\\vendor\\livewire\\livewire\\src\\LivewireManager.php(73): Livewire\\Mechanisms\\HandleComponents\\HandleComponents->mount('App\\\\Livewire\\\\Pa...', Array, NULL)
#12 C:\\xampp\\htdocs\\laravel-dev-assessment\\vendor\\livewire\\livewire\\src\\Features\\SupportPageComponents\\HandlesPageComponents.php(17): Livewire\\LivewireManager->mount('App\\\\Livewire\\\\Pa...', Array)
#13 C:\\xampp\\htdocs\\laravel-dev-assessment\\vendor\\livewire\\livewire\\src\\Features\\SupportPageComponents\\SupportPageComponents.php(117): Livewire\\Component->Livewire\\Features\\SupportPageComponents\\{closure}()
#14 C:\\xampp\\htdocs\\laravel-dev-assessment\\vendor\\livewire\\livewire\\src\\Features\\SupportPageComponents\\HandlesPageComponents.php(14): Livewire\\Features\\SupportPageComponents\\SupportPageComponents::interceptTheRenderOfTheComponentAndRetreiveTheLayoutConfiguration(Object(Closure))
#15 C:\\xampp\\htdocs\\laravel-dev-assessment\\vendor\\laravel\\framework\\src\\Illuminate\\Routing\\ControllerDispatcher.php(47): Livewire\\Component->__invoke()
#16 C:\\xampp\\htdocs\\laravel-dev-assessment\\vendor\\laravel\\framework\\src\\Illuminate\\Routing\\Route.php(266): Illuminate\\Routing\\ControllerDispatcher->dispatch(Object(Illuminate\\Routing\\Route), Object(App\\Livewire\\Pages\\Skills\\Index), '__invoke')
#17 C:\\xampp\\htdocs\\laravel-dev-assessment\\vendor\\laravel\\framework\\src\\Illuminate\\Routing\\Route.php(212): Illuminate\\Routing\\Route->runController()
#18 C:\\xampp\\htdocs\\laravel-dev-assessment\\vendor\\laravel\\framework\\src\\Illuminate\\Routing\\Router.php(808): Illuminate\\Routing\\Route->run()
#19 C:\\xampp\\htdocs\\laravel-dev-assessment\\vendor\\laravel\\framework\\src\\Illuminate\\Pipeline\\Pipeline.php(144): Illuminate\\Routing\\Router->Illuminate\\Routing\\{closure}(Object(Illuminate\\Http\\Request))
#20 C:\\xampp\\htdocs\\laravel-dev-assessment\\vendor\\spatie\\laravel-permission\\src\\Middleware\\RoleMiddleware.php(39): Illuminate\\Pipeline\\Pipeline->Illuminate\\Pipeline\\{closure}(Object(Illuminate\\Http\\Request))
#21 C:\\xampp\\htdocs\\laravel-dev-assessment\\vendor\\laravel\\framework\\src\\Illuminate\\Pipeline\\Pipeline.php(183): Spatie\\Permission\\Middleware\\RoleMiddleware->handle(Object(Illuminate\\Http\\Request), Object(Closure), 'admin')
#22 C:\\xampp\\htdocs\\laravel-dev-assessment\\vendor\\laravel\\framework\\src\\Illuminate\\Http\\Middleware\\AddLinkHeadersForPreloadedAssets.php(20): Illuminate\\Pipeline\\Pipeline->Illuminate\\Pipeline\\{closure}(Object(Illuminate\\Http\\Request))
#23 C:\\xampp\\htdocs\\laravel-dev-assessment\\vendor\\laravel\\framework\\src\\Illuminate\\Pipeline\\Pipeline.php(183): Illuminate\\Http\\Middleware\\AddLinkHeadersForPreloadedAssets->handle(Object(Illuminate\\Http\\Request), Object(Closure))
#24 C:\\xampp\\htdocs\\laravel-dev-assessment\\vendor\\inertiajs\\inertia-laravel\\src\\Middleware.php(86): Illuminate\\Pipeline\\Pipeline->Illuminate\\Pipeline\\{closure}(Object(Illuminate\\Http\\Request))
#25 C:\\xampp\\htdocs\\laravel-dev-assessment\\vendor\\laravel\\framework\\src\\Illuminate\\Pipeline\\Pipeline.php(183): Inertia\\Middleware->handle(Object(Illuminate\\Http\\Request), Object(Closure))
#26 C:\\xampp\\htdocs\\laravel-dev-assessment\\vendor\\laravel\\framework\\src\\Illuminate\\Routing\\Middleware\\SubstituteBindings.php(51): Illuminate\\Pipeline\\Pipeline->Illuminate\\Pipeline\\{closure}(Object(Illuminate\\Http\\Request))
#27 C:\\xampp\\htdocs\\laravel-dev-assessment\\vendor\\laravel\\framework\\src\\Illuminate\\Pipeline\\Pipeline.php(183): Illuminate\\Routing\\Middleware\\SubstituteBindings->handle(Object(Illuminate\\Http\\Request), Object(Closure))
#28 C:\\xampp\\htdocs\\laravel-dev-assessment\\vendor\\laravel\\framework\\src\\Illuminate\\Auth\\Middleware\\Authenticate.php(64): Illuminate\\Pipeline\\Pipeline->Illuminate\\Pipeline\\{closure}(Object(Illuminate\\Http\\Request))
#29 C:\\xampp\\htdocs\\laravel-dev-assessment\\vendor\\laravel\\framework\\src\\Illuminate\\Pipeline\\Pipeline.php(183): Illuminate\\Auth\\Middleware\\Authenticate->handle(Object(Illuminate\\Http\\Request), Object(Closure))
#30 C:\\xampp\\htdocs\\laravel-dev-assessment\\vendor\\laravel\\framework\\src\\Illuminate\\Foundation\\Http\\Middleware\\VerifyCsrfToken.php(88): Illuminate\\Pipeline\\Pipeline->Illuminate\\Pipeline\\{closure}(Object(Illuminate\\Http\\Request))
#31 C:\\xampp\\htdocs\\laravel-dev-assessment\\vendor\\laravel\\framework\\src\\Illuminate\\Pipeline\\Pipeline.php(183): Illuminate\\Foundation\\Http\\Middleware\\VerifyCsrfToken->handle(Object(Illuminate\\Http\\Request), Object(Closure))
#32 C:\\xampp\\htdocs\\laravel-dev-assessment\\vendor\\laravel\\framework\\src\\Illuminate\\View\\Middleware\\ShareErrorsFromSession.php(49): Illuminate\\Pipeline\\Pipeline->Illuminate\\Pipeline\\{closure}(Object(Illuminate\\Http\\Request))
#33 C:\\xampp\\htdocs\\laravel-dev-assessment\\vendor\\laravel\\framework\\src\\Illuminate\\Pipeline\\Pipeline.php(183): Illuminate\\View\\Middleware\\ShareErrorsFromSession->handle(Object(Illuminate\\Http\\Request), Object(Closure))
#34 C:\\xampp\\htdocs\\laravel-dev-assessment\\vendor\\laravel\\framework\\src\\Illuminate\\Session\\Middleware\\StartSession.php(121): Illuminate\\Pipeline\\Pipeline->Illuminate\\Pipeline\\{closure}(Object(Illuminate\\Http\\Request))
#35 C:\\xampp\\htdocs\\laravel-dev-assessment\\vendor\\laravel\\framework\\src\\Illuminate\\Session\\Middleware\\StartSession.php(64): Illuminate\\Session\\Middleware\\StartSession->handleStatefulRequest(Object(Illuminate\\Http\\Request), Object(Illuminate\\Session\\Store), Object(Closure))
#36 C:\\xampp\\htdocs\\laravel-dev-assessment\\vendor\\laravel\\framework\\src\\Illuminate\\Pipeline\\Pipeline.php(183): Illuminate\\Session\\Middleware\\StartSession->handle(Object(Illuminate\\Http\\Request), Object(Closure))
#37 C:\\xampp\\htdocs\\laravel-dev-assessment\\vendor\\laravel\\framework\\src\\Illuminate\\Cookie\\Middleware\\AddQueuedCookiesToResponse.php(37): Illuminate\\Pipeline\\Pipeline->Illuminate\\Pipeline\\{closure}(Object(Illuminate\\Http\\Request))
#38 C:\\xampp\\htdocs\\laravel-dev-assessment\\vendor\\laravel\\framework\\src\\Illuminate\\Pipeline\\Pipeline.php(183): Illuminate\\Cookie\\Middleware\\AddQueuedCookiesToResponse->handle(Object(Illuminate\\Http\\Request), Object(Closure))
#39 C:\\xampp\\htdocs\\laravel-dev-assessment\\vendor\\laravel\\framework\\src\\Illuminate\\Cookie\\Middleware\\EncryptCookies.php(75): Illuminate\\Pipeline\\Pipeline->Illuminate\\Pipeline\\{closure}(Object(Illuminate\\Http\\Request))
#40 C:\\xampp\\htdocs\\laravel-dev-assessment\\vendor\\laravel\\framework\\src\\Illuminate\\Pipeline\\Pipeline.php(183): Illuminate\\Cookie\\Middleware\\EncryptCookies->handle(Object(Illuminate\\Http\\Request), Object(Closure))
#41 C:\\xampp\\htdocs\\laravel-dev-assessment\\vendor\\laravel\\framework\\src\\Illuminate\\Pipeline\\Pipeline.php(119): Illuminate\\Pipeline\\Pipeline->Illuminate\\Pipeline\\{closure}(Object(Illuminate\\Http\\Request))
#42 C:\\xampp\\htdocs\\laravel-dev-assessment\\vendor\\laravel\\framework\\src\\Illuminate\\Routing\\Router.php(807): Illuminate\\Pipeline\\Pipeline->then(Object(Closure))
#43 C:\\xampp\\htdocs\\laravel-dev-assessment\\vendor\\laravel\\framework\\src\\Illuminate\\Routing\\Router.php(786): Illuminate\\Routing\\Router->runRouteWithinStack(Object(Illuminate\\Routing\\Route), Object(Illuminate\\Http\\Request))
#44 C:\\xampp\\htdocs\\laravel-dev-assessment\\vendor\\laravel\\framework\\src\\Illuminate\\Routing\\Router.php(750): Illuminate\\Routing\\Router->runRoute(Object(Illuminate\\Http\\Request), Object(Illuminate\\Routing\\Route))
#45 C:\\xampp\\htdocs\\laravel-dev-assessment\\vendor\\laravel\\framework\\src\\Illuminate\\Routing\\Router.php(739): Illuminate\\Routing\\Router->dispatchToRoute(Object(Illuminate\\Http\\Request))
#46 C:\\xampp\\htdocs\\laravel-dev-assessment\\vendor\\laravel\\framework\\src\\Illuminate\\Foundation\\Http\\Kernel.php(201): Illuminate\\Routing\\Router->dispatch(Object(Illuminate\\Http\\Request))
#47 C:\\xampp\\htdocs\\laravel-dev-assessment\\vendor\\laravel\\framework\\src\\Illuminate\\Pipeline\\Pipeline.php(144): Illuminate\\Foundation\\Http\\Kernel->Illuminate\\Foundation\\Http\\{closure}(Object(Illuminate\\Http\\Request))
#48 C:\\xampp\\htdocs\\laravel-dev-assessment\\vendor\\livewire\\livewire\\src\\Features\\SupportDisablingBackButtonCache\\DisableBackButtonCacheMiddleware.php(19): Illuminate\\Pipeline\\Pipeline->Illuminate\\Pipeline\\{closure}(Object(Illuminate\\Http\\Request))
#49 C:\\xampp\\htdocs\\laravel-dev-assessment\\vendor\\laravel\\framework\\src\\Illuminate\\Pipeline\\Pipeline.php(183): Livewire\\Features\\SupportDisablingBackButtonCache\\DisableBackButtonCacheMiddleware->handle(Object(Illuminate\\Http\\Request), Object(Closure))
#50 C:\\xampp\\htdocs\\laravel-dev-assessment\\vendor\\barryvdh\\laravel-debugbar\\src\\Middleware\\InjectDebugbar.php(66): Illuminate\\Pipeline\\Pipeline->Illuminate\\Pipeline\\{closure}(Object(Illuminate\\Http\\Request))
#51 C:\\xampp\\htdocs\\laravel-dev-assessment\\vendor\\laravel\\framework\\src\\Illuminate\\Pipeline\\Pipeline.php(183): Barryvdh\\Debugbar\\Middleware\\InjectDebugbar->handle(Object(Illuminate\\Http\\Request), Object(Closure))
#52 C:\\xampp\\htdocs\\laravel-dev-assessment\\vendor\\laravel\\framework\\src\\Illuminate\\Foundation\\Http\\Middleware\\TransformsRequest.php(21): Illuminate\\Pipeline\\Pipeline->Illuminate\\Pipeline\\{closure}(Object(Illuminate\\Http\\Request))
#53 C:\\xampp\\htdocs\\laravel-dev-assessment\\vendor\\laravel\\framework\\src\\Illuminate\\Foundation\\Http\\Middleware\\ConvertEmptyStringsToNull.php(31): Illuminate\\Foundation\\Http\\Middleware\\TransformsRequest->handle(Object(Illuminate\\Http\\Request), Object(Closure))
#54 C:\\xampp\\htdocs\\laravel-dev-assessment\\vendor\\laravel\\framework\\src\\Illuminate\\Pipeline\\Pipeline.php(183): Illuminate\\Foundation\\Http\\Middleware\\ConvertEmptyStringsToNull->handle(Object(Illuminate\\Http\\Request), Object(Closure))
#55 C:\\xampp\\htdocs\\laravel-dev-assessment\\vendor\\laravel\\framework\\src\\Illuminate\\Foundation\\Http\\Middleware\\TransformsRequest.php(21): Illuminate\\Pipeline\\Pipeline->Illuminate\\Pipeline\\{closure}(Object(Illuminate\\Http\\Request))
#56 C:\\xampp\\htdocs\\laravel-dev-assessment\\vendor\\laravel\\framework\\src\\Illuminate\\Foundation\\Http\\Middleware\\TrimStrings.php(51): Illuminate\\Foundation\\Http\\Middleware\\TransformsRequest->handle(Object(Illuminate\\Http\\Request), Object(Closure))
#57 C:\\xampp\\htdocs\\laravel-dev-assessment\\vendor\\laravel\\framework\\src\\Illuminate\\Pipeline\\Pipeline.php(183): Illuminate\\Foundation\\Http\\Middleware\\TrimStrings->handle(Object(Illuminate\\Http\\Request), Object(Closure))
#58 C:\\xampp\\htdocs\\laravel-dev-assessment\\vendor\\laravel\\framework\\src\\Illuminate\\Http\\Middleware\\ValidatePostSize.php(27): Illuminate\\Pipeline\\Pipeline->Illuminate\\Pipeline\\{closure}(Object(Illuminate\\Http\\Request))
#59 C:\\xampp\\htdocs\\laravel-dev-assessment\\vendor\\laravel\\framework\\src\\Illuminate\\Pipeline\\Pipeline.php(183): Illuminate\\Http\\Middleware\\ValidatePostSize->handle(Object(Illuminate\\Http\\Request), Object(Closure))
#60 C:\\xampp\\htdocs\\laravel-dev-assessment\\vendor\\laravel\\framework\\src\\Illuminate\\Foundation\\Http\\Middleware\\PreventRequestsDuringMaintenance.php(110): Illuminate\\Pipeline\\Pipeline->Illuminate\\Pipeline\\{closure}(Object(Illuminate\\Http\\Request))
#61 C:\\xampp\\htdocs\\laravel-dev-assessment\\vendor\\laravel\\framework\\src\\Illuminate\\Pipeline\\Pipeline.php(183): Illuminate\\Foundation\\Http\\Middleware\\PreventRequestsDuringMaintenance->handle(Object(Illuminate\\Http\\Request), Object(Closure))
#62 C:\\xampp\\htdocs\\laravel-dev-assessment\\vendor\\laravel\\framework\\src\\Illuminate\\Http\\Middleware\\HandleCors.php(49): Illuminate\\Pipeline\\Pipeline->Illuminate\\Pipeline\\{closure}(Object(Illuminate\\Http\\Request))
#63 C:\\xampp\\htdocs\\laravel-dev-assessment\\vendor\\laravel\\framework\\src\\Illuminate\\Pipeline\\Pipeline.php(183): Illuminate\\Http\\Middleware\\HandleCors->handle(Object(Illuminate\\Http\\Request), Object(Closure))
#64 C:\\xampp\\htdocs\\laravel-dev-assessment\\vendor\\laravel\\framework\\src\\Illuminate\\Http\\Middleware\\TrustProxies.php(58): Illuminate\\Pipeline\\Pipeline->Illuminate\\Pipeline\\{closure}(Object(Illuminate\\Http\\Request))
#65 C:\\xampp\\htdocs\\laravel-dev-assessment\\vendor\\laravel\\framework\\src\\Illuminate\\Pipeline\\Pipeline.php(183): Illuminate\\Http\\Middleware\\TrustProxies->handle(Object(Illuminate\\Http\\Request), Object(Closure))
#66 C:\\xampp\\htdocs\\laravel-dev-assessment\\vendor\\laravel\\framework\\src\\Illuminate\\Foundation\\Http\\Middleware\\InvokeDeferredCallbacks.php(22): Illuminate\\Pipeline\\Pipeline->Illuminate\\Pipeline\\{closure}(Object(Illuminate\\Http\\Request))
#67 C:\\xampp\\htdocs\\laravel-dev-assessment\\vendor\\laravel\\framework\\src\\Illuminate\\Pipeline\\Pipeline.php(183): Illuminate\\Foundation\\Http\\Middleware\\InvokeDeferredCallbacks->handle(Object(Illuminate\\Http\\Request), Object(Closure))
#68 C:\\xampp\\htdocs\\laravel-dev-assessment\\vendor\\laravel\\framework\\src\\Illuminate\\Pipeline\\Pipeline.php(119): Illuminate\\Pipeline\\Pipeline->Illuminate\\Pipeline\\{closure}(Object(Illuminate\\Http\\Request))
#69 C:\\xampp\\htdocs\\laravel-dev-assessment\\vendor\\laravel\\framework\\src\\Illuminate\\Foundation\\Http\\Kernel.php(176): Illuminate\\Pipeline\\Pipeline->then(Object(Closure))
#70 C:\\xampp\\htdocs\\laravel-dev-assessment\\vendor\\laravel\\framework\\src\\Illuminate\\Foundation\\Http\\Kernel.php(145): Illuminate\\Foundation\\Http\\Kernel->sendRequestThroughRouter(Object(Illuminate\\Http\\Request))
#71 C:\\xampp\\htdocs\\laravel-dev-assessment\\vendor\\laravel\\framework\\src\\Illuminate\\Foundation\\Application.php(1190): Illuminate\\Foundation\\Http\\Kernel->handle(Object(Illuminate\\Http\\Request))
#72 C:\\xampp\\htdocs\\laravel-dev-assessment\\public\\index.php(17): Illuminate\\Foundation\\Application->handleRequest(Object(Illuminate\\Http\\Request))
#73 {main}

[previous exception] [object] (ErrorException(code: 0): Undefined variable $editId at C:\\xampp\\htdocs\\laravel-dev-assessment\\storage\\framework\\views\\d7a7c0e2aa085b72573f2f4dd2bd719a.php:14)
[stacktrace]
#0 C:\\xampp\\htdocs\\laravel-dev-assessment\\vendor\\laravel\\framework\\src\\Illuminate\\Foundation\\Bootstrap\\HandleExceptions.php(290): Illuminate\\Foundation\\Bootstrap\\HandleExceptions->handleError(2, 'Undefined varia...', 'C:\\\\xampp\\\\htdocs...', 14)
#1 C:\\xampp\\htdocs\\laravel-dev-assessment\\storage\\framework\\views\\d7a7c0e2aa085b72573f2f4dd2bd719a.php(14): Illuminate\\Foundation\\Bootstrap\\HandleExceptions->Illuminate\\Foundation\\Bootstrap\\{closure}(2, 'Undefined varia...', 'C:\\\\xampp\\\\htdocs...', 14)
#2 C:\\xampp\\htdocs\\laravel-dev-assessment\\vendor\\livewire\\livewire\\src\\Mechanisms\\ExtendBlade\\ExtendedCompilerEngine.php(37): include('C:\\\\xampp\\\\htdocs...')
#3 C:\\xampp\\htdocs\\laravel-dev-assessment\\vendor\\livewire\\livewire\\src\\Mechanisms\\ExtendBlade\\ExtendedCompilerEngine.php(38): App\\Livewire\\Pages\\Skills\\Index->Livewire\\Mechanisms\\ExtendBlade\\{closure}()
#4 C:\\xampp\\htdocs\\laravel-dev-assessment\\vendor\\laravel\\framework\\src\\Illuminate\\View\\Engines\\CompilerEngine.php(74): Livewire\\Mechanisms\\ExtendBlade\\ExtendedCompilerEngine->evaluatePath('C:\\\\xampp\\\\htdocs...', Array)
#5 C:\\xampp\\htdocs\\laravel-dev-assessment\\vendor\\livewire\\livewire\\src\\Mechanisms\\ExtendBlade\\ExtendedCompilerEngine.php(16): Illuminate\\View\\Engines\\CompilerEngine->get('C:\\\\xampp\\\\htdocs...', Array)
#6 C:\\xampp\\htdocs\\laravel-dev-assessment\\vendor\\laravel\\framework\\src\\Illuminate\\View\\View.php(209): Livewire\\Mechanisms\\ExtendBlade\\ExtendedCompilerEngine->get('C:\\\\xampp\\\\htdocs...', Array)
#7 C:\\xampp\\htdocs\\laravel-dev-assessment\\vendor\\laravel\\framework\\src\\Illuminate\\View\\View.php(192): Illuminate\\View\\View->getContents()
#8 C:\\xampp\\htdocs\\laravel-dev-assessment\\vendor\\laravel\\framework\\src\\Illuminate\\View\\View.php(161): Illuminate\\View\\View->renderContents()
#9 C:\\xampp\\htdocs\\laravel-dev-assessment\\vendor\\livewire\\livewire\\src\\Mechanisms\\HandleComponents\\HandleComponents.php(241): Illuminate\\View\\View->render(Object(Closure))
#10 C:\\xampp\\htdocs\\laravel-dev-assessment\\vendor\\livewire\\livewire\\src\\Mechanisms\\HandleComponents\\HandleComponents.php(285): Livewire\\Mechanisms\\HandleComponents\\HandleComponents->Livewire\\Mechanisms\\HandleComponents\\{closure}()
#11 C:\\xampp\\htdocs\\laravel-dev-assessment\\vendor\\livewire\\livewire\\src\\Mechanisms\\HandleComponents\\HandleComponents.php(233): Livewire\\Mechanisms\\HandleComponents\\HandleComponents->trackInRenderStack(Object(App\\Livewire\\Pages\\Skills\\Index), Object(Closure))
#12 C:\\xampp\\htdocs\\laravel-dev-assessment\\vendor\\livewire\\livewire\\src\\Mechanisms\\HandleComponents\\HandleComponents.php(54): Livewire\\Mechanisms\\HandleComponents\\HandleComponents->render(Object(App\\Livewire\\Pages\\Skills\\Index), '<div></div>')
#13 C:\\xampp\\htdocs\\laravel-dev-assessment\\vendor\\livewire\\livewire\\src\\LivewireManager.php(73): Livewire\\Mechanisms\\HandleComponents\\HandleComponents->mount('App\\\\Livewire\\\\Pa...', Array, NULL)
#14 C:\\xampp\\htdocs\\laravel-dev-assessment\\vendor\\livewire\\livewire\\src\\Features\\SupportPageComponents\\HandlesPageComponents.php(17): Livewire\\LivewireManager->mount('App\\\\Livewire\\\\Pa...', Array)
#15 C:\\xampp\\htdocs\\laravel-dev-assessment\\vendor\\livewire\\livewire\\src\\Features\\SupportPageComponents\\SupportPageComponents.php(117): Livewire\\Component->Livewire\\Features\\SupportPageComponents\\{closure}()
#16 C:\\xampp\\htdocs\\laravel-dev-assessment\\vendor\\livewire\\livewire\\src\\Features\\SupportPageComponents\\HandlesPageComponents.php(14): Livewire\\Features\\SupportPageComponents\\SupportPageComponents::interceptTheRenderOfTheComponentAndRetreiveTheLayoutConfiguration(Object(Closure))
#17 C:\\xampp\\htdocs\\laravel-dev-assessment\\vendor\\laravel\\framework\\src\\Illuminate\\Routing\\ControllerDispatcher.php(47): Livewire\\Component->__invoke()
#18 C:\\xampp\\htdocs\\laravel-dev-assessment\\vendor\\laravel\\framework\\src\\Illuminate\\Routing\\Route.php(266): Illuminate\\Routing\\ControllerDispatcher->dispatch(Object(Illuminate\\Routing\\Route), Object(App\\Livewire\\Pages\\Skills\\Index), '__invoke')
#19 C:\\xampp\\htdocs\\laravel-dev-assessment\\vendor\\laravel\\framework\\src\\Illuminate\\Routing\\Route.php(212): Illuminate\\Routing\\Route->runController()
#20 C:\\xampp\\htdocs\\laravel-dev-assessment\\vendor\\laravel\\framework\\src\\Illuminate\\Routing\\Router.php(808): Illuminate\\Routing\\Route->run()
#21 C:\\xampp\\htdocs\\laravel-dev-assessment\\vendor\\laravel\\framework\\src\\Illuminate\\Pipeline\\Pipeline.php(144): Illuminate\\Routing\\Router->Illuminate\\Routing\\{closure}(Object(Illuminate\\Http\\Request))
#22 C:\\xampp\\htdocs\\laravel-dev-assessment\\vendor\\spatie\\laravel-permission\\src\\Middleware\\RoleMiddleware.php(39): Illuminate\\Pipeline\\Pipeline->Illuminate\\Pipeline\\{closure}(Object(Illuminate\\Http\\Request))
#23 C:\\xampp\\htdocs\\laravel-dev-assessment\\vendor\\laravel\\framework\\src\\Illuminate\\Pipeline\\Pipeline.php(183): Spatie\\Permission\\Middleware\\RoleMiddleware->handle(Object(Illuminate\\Http\\Request), Object(Closure), 'admin')
#24 C:\\xampp\\htdocs\\laravel-dev-assessment\\vendor\\laravel\\framework\\src\\Illuminate\\Http\\Middleware\\AddLinkHeadersForPreloadedAssets.php(20): Illuminate\\Pipeline\\Pipeline->Illuminate\\Pipeline\\{closure}(Object(Illuminate\\Http\\Request))
#25 C:\\xampp\\htdocs\\laravel-dev-assessment\\vendor\\laravel\\framework\\src\\Illuminate\\Pipeline\\Pipeline.php(183): Illuminate\\Http\\Middleware\\AddLinkHeadersForPreloadedAssets->handle(Object(Illuminate\\Http\\Request), Object(Closure))
#26 C:\\xampp\\htdocs\\laravel-dev-assessment\\vendor\\inertiajs\\inertia-laravel\\src\\Middleware.php(86): Illuminate\\Pipeline\\Pipeline->Illuminate\\Pipeline\\{closure}(Object(Illuminate\\Http\\Request))
#27 C:\\xampp\\htdocs\\laravel-dev-assessment\\vendor\\laravel\\framework\\src\\Illuminate\\Pipeline\\Pipeline.php(183): Inertia\\Middleware->handle(Object(Illuminate\\Http\\Request), Object(Closure))
#28 C:\\xampp\\htdocs\\laravel-dev-assessment\\vendor\\laravel\\framework\\src\\Illuminate\\Routing\\Middleware\\SubstituteBindings.php(51): Illuminate\\Pipeline\\Pipeline->Illuminate\\Pipeline\\{closure}(Object(Illuminate\\Http\\Request))
#29 C:\\xampp\\htdocs\\laravel-dev-assessment\\vendor\\laravel\\framework\\src\\Illuminate\\Pipeline\\Pipeline.php(183): Illuminate\\Routing\\Middleware\\SubstituteBindings->handle(Object(Illuminate\\Http\\Request), Object(Closure))
#30 C:\\xampp\\htdocs\\laravel-dev-assessment\\vendor\\laravel\\framework\\src\\Illuminate\\Auth\\Middleware\\Authenticate.php(64): Illuminate\\Pipeline\\Pipeline->Illuminate\\Pipeline\\{closure}(Object(Illuminate\\Http\\Request))
#31 C:\\xampp\\htdocs\\laravel-dev-assessment\\vendor\\laravel\\framework\\src\\Illuminate\\Pipeline\\Pipeline.php(183): Illuminate\\Auth\\Middleware\\Authenticate->handle(Object(Illuminate\\Http\\Request), Object(Closure))
#32 C:\\xampp\\htdocs\\laravel-dev-assessment\\vendor\\laravel\\framework\\src\\Illuminate\\Foundation\\Http\\Middleware\\VerifyCsrfToken.php(88): Illuminate\\Pipeline\\Pipeline->Illuminate\\Pipeline\\{closure}(Object(Illuminate\\Http\\Request))
#33 C:\\xampp\\htdocs\\laravel-dev-assessment\\vendor\\laravel\\framework\\src\\Illuminate\\Pipeline\\Pipeline.php(183): Illuminate\\Foundation\\Http\\Middleware\\VerifyCsrfToken->handle(Object(Illuminate\\Http\\Request), Object(Closure))
#34 C:\\xampp\\htdocs\\laravel-dev-assessment\\vendor\\laravel\\framework\\src\\Illuminate\\View\\Middleware\\ShareErrorsFromSession.php(49): Illuminate\\Pipeline\\Pipeline->Illuminate\\Pipeline\\{closure}(Object(Illuminate\\Http\\Request))
#35 C:\\xampp\\htdocs\\laravel-dev-assessment\\vendor\\laravel\\framework\\src\\Illuminate\\Pipeline\\Pipeline.php(183): Illuminate\\View\\Middleware\\ShareErrorsFromSession->handle(Object(Illuminate\\Http\\Request), Object(Closure))
#36 C:\\xampp\\htdocs\\laravel-dev-assessment\\vendor\\laravel\\framework\\src\\Illuminate\\Session\\Middleware\\StartSession.php(121): Illuminate\\Pipeline\\Pipeline->Illuminate\\Pipeline\\{closure}(Object(Illuminate\\Http\\Request))
#37 C:\\xampp\\htdocs\\laravel-dev-assessment\\vendor\\laravel\\framework\\src\\Illuminate\\Session\\Middleware\\StartSession.php(64): Illuminate\\Session\\Middleware\\StartSession->handleStatefulRequest(Object(Illuminate\\Http\\Request), Object(Illuminate\\Session\\Store), Object(Closure))
#38 C:\\xampp\\htdocs\\laravel-dev-assessment\\vendor\\laravel\\framework\\src\\Illuminate\\Pipeline\\Pipeline.php(183): Illuminate\\Session\\Middleware\\StartSession->handle(Object(Illuminate\\Http\\Request), Object(Closure))
#39 C:\\xampp\\htdocs\\laravel-dev-assessment\\vendor\\laravel\\framework\\src\\Illuminate\\Cookie\\Middleware\\AddQueuedCookiesToResponse.php(37): Illuminate\\Pipeline\\Pipeline->Illuminate\\Pipeline\\{closure}(Object(Illuminate\\Http\\Request))
#40 C:\\xampp\\htdocs\\laravel-dev-assessment\\vendor\\laravel\\framework\\src\\Illuminate\\Pipeline\\Pipeline.php(183): Illuminate\\Cookie\\Middleware\\AddQueuedCookiesToResponse->handle(Object(Illuminate\\Http\\Request), Object(Closure))
#41 C:\\xampp\\htdocs\\laravel-dev-assessment\\vendor\\laravel\\framework\\src\\Illuminate\\Cookie\\Middleware\\EncryptCookies.php(75): Illuminate\\Pipeline\\Pipeline->Illuminate\\Pipeline\\{closure}(Object(Illuminate\\Http\\Request))
#42 C:\\xampp\\htdocs\\laravel-dev-assessment\\vendor\\laravel\\framework\\src\\Illuminate\\Pipeline\\Pipeline.php(183): Illuminate\\Cookie\\Middleware\\EncryptCookies->handle(Object(Illuminate\\Http\\Request), Object(Closure))
#43 C:\\xampp\\htdocs\\laravel-dev-assessment\\vendor\\laravel\\framework\\src\\Illuminate\\Pipeline\\Pipeline.php(119): Illuminate\\Pipeline\\Pipeline->Illuminate\\Pipeline\\{closure}(Object(Illuminate\\Http\\Request))
#44 C:\\xampp\\htdocs\\laravel-dev-assessment\\vendor\\laravel\\framework\\src\\Illuminate\\Routing\\Router.php(807): Illuminate\\Pipeline\\Pipeline->then(Object(Closure))
#45 C:\\xampp\\htdocs\\laravel-dev-assessment\\vendor\\laravel\\framework\\src\\Illuminate\\Routing\\Router.php(786): Illuminate\\Routing\\Router->runRouteWithinStack(Object(Illuminate\\Routing\\Route), Object(Illuminate\\Http\\Request))
#46 C:\\xampp\\htdocs\\laravel-dev-assessment\\vendor\\laravel\\framework\\src\\Illuminate\\Routing\\Router.php(750): Illuminate\\Routing\\Router->runRoute(Object(Illuminate\\Http\\Request), Object(Illuminate\\Routing\\Route))
#47 C:\\xampp\\htdocs\\laravel-dev-assessment\\vendor\\laravel\\framework\\src\\Illuminate\\Routing\\Router.php(739): Illuminate\\Routing\\Router->dispatchToRoute(Object(Illuminate\\Http\\Request))
#48 C:\\xampp\\htdocs\\laravel-dev-assessment\\vendor\\laravel\\framework\\src\\Illuminate\\Foundation\\Http\\Kernel.php(201): Illuminate\\Routing\\Router->dispatch(Object(Illuminate\\Http\\Request))
#49 C:\\xampp\\htdocs\\laravel-dev-assessment\\vendor\\laravel\\framework\\src\\Illuminate\\Pipeline\\Pipeline.php(144): Illuminate\\Foundation\\Http\\Kernel->Illuminate\\Foundation\\Http\\{closure}(Object(Illuminate\\Http\\Request))
#50 C:\\xampp\\htdocs\\laravel-dev-assessment\\vendor\\livewire\\livewire\\src\\Features\\SupportDisablingBackButtonCache\\DisableBackButtonCacheMiddleware.php(19): Illuminate\\Pipeline\\Pipeline->Illuminate\\Pipeline\\{closure}(Object(Illuminate\\Http\\Request))
#51 C:\\xampp\\htdocs\\laravel-dev-assessment\\vendor\\laravel\\framework\\src\\Illuminate\\Pipeline\\Pipeline.php(183): Livewire\\Features\\SupportDisablingBackButtonCache\\DisableBackButtonCacheMiddleware->handle(Object(Illuminate\\Http\\Request), Object(Closure))
#52 C:\\xampp\\htdocs\\laravel-dev-assessment\\vendor\\barryvdh\\laravel-debugbar\\src\\Middleware\\InjectDebugbar.php(66): Illuminate\\Pipeline\\Pipeline->Illuminate\\Pipeline\\{closure}(Object(Illuminate\\Http\\Request))
#53 C:\\xampp\\htdocs\\laravel-dev-assessment\\vendor\\laravel\\framework\\src\\Illuminate\\Pipeline\\Pipeline.php(183): Barryvdh\\Debugbar\\Middleware\\InjectDebugbar->handle(Object(Illuminate\\Http\\Request), Object(Closure))
#54 C:\\xampp\\htdocs\\laravel-dev-assessment\\vendor\\laravel\\framework\\src\\Illuminate\\Foundation\\Http\\Middleware\\TransformsRequest.php(21): Illuminate\\Pipeline\\Pipeline->Illuminate\\Pipeline\\{closure}(Object(Illuminate\\Http\\Request))
#55 C:\\xampp\\htdocs\\laravel-dev-assessment\\vendor\\laravel\\framework\\src\\Illuminate\\Foundation\\Http\\Middleware\\ConvertEmptyStringsToNull.php(31): Illuminate\\Foundation\\Http\\Middleware\\TransformsRequest->handle(Object(Illuminate\\Http\\Request), Object(Closure))
#56 C:\\xampp\\htdocs\\laravel-dev-assessment\\vendor\\laravel\\framework\\src\\Illuminate\\Pipeline\\Pipeline.php(183): Illuminate\\Foundation\\Http\\Middleware\\ConvertEmptyStringsToNull->handle(Object(Illuminate\\Http\\Request), Object(Closure))
#57 C:\\xampp\\htdocs\\laravel-dev-assessment\\vendor\\laravel\\framework\\src\\Illuminate\\Foundation\\Http\\Middleware\\TransformsRequest.php(21): Illuminate\\Pipeline\\Pipeline->Illuminate\\Pipeline\\{closure}(Object(Illuminate\\Http\\Request))
#58 C:\\xampp\\htdocs\\laravel-dev-assessment\\vendor\\laravel\\framework\\src\\Illuminate\\Foundation\\Http\\Middleware\\TrimStrings.php(51): Illuminate\\Foundation\\Http\\Middleware\\TransformsRequest->handle(Object(Illuminate\\Http\\Request), Object(Closure))
#59 C:\\xampp\\htdocs\\laravel-dev-assessment\\vendor\\laravel\\framework\\src\\Illuminate\\Pipeline\\Pipeline.php(183): Illuminate\\Foundation\\Http\\Middleware\\TrimStrings->handle(Object(Illuminate\\Http\\Request), Object(Closure))
#60 C:\\xampp\\htdocs\\laravel-dev-assessment\\vendor\\laravel\\framework\\src\\Illuminate\\Http\\Middleware\\ValidatePostSize.php(27): Illuminate\\Pipeline\\Pipeline->Illuminate\\Pipeline\\{closure}(Object(Illuminate\\Http\\Request))
#61 C:\\xampp\\htdocs\\laravel-dev-assessment\\vendor\\laravel\\framework\\src\\Illuminate\\Pipeline\\Pipeline.php(183): Illuminate\\Http\\Middleware\\ValidatePostSize->handle(Object(Illuminate\\Http\\Request), Object(Closure))
#62 C:\\xampp\\htdocs\\laravel-dev-assessment\\vendor\\laravel\\framework\\src\\Illuminate\\Foundation\\Http\\Middleware\\PreventRequestsDuringMaintenance.php(110): Illuminate\\Pipeline\\Pipeline->Illuminate\\Pipeline\\{closure}(Object(Illuminate\\Http\\Request))
#63 C:\\xampp\\htdocs\\laravel-dev-assessment\\vendor\\laravel\\framework\\src\\Illuminate\\Pipeline\\Pipeline.php(183): Illuminate\\Foundation\\Http\\Middleware\\PreventRequestsDuringMaintenance->handle(Object(Illuminate\\Http\\Request), Object(Closure))
#64 C:\\xampp\\htdocs\\laravel-dev-assessment\\vendor\\laravel\\framework\\src\\Illuminate\\Http\\Middleware\\HandleCors.php(49): Illuminate\\Pipeline\\Pipeline->Illuminate\\Pipeline\\{closure}(Object(Illuminate\\Http\\Request))
#65 C:\\xampp\\htdocs\\laravel-dev-assessment\\vendor\\laravel\\framework\\src\\Illuminate\\Pipeline\\Pipeline.php(183): Illuminate\\Http\\Middleware\\HandleCors->handle(Object(Illuminate\\Http\\Request), Object(Closure))
#66 C:\\xampp\\htdocs\\laravel-dev-assessment\\vendor\\laravel\\framework\\src\\Illuminate\\Http\\Middleware\\TrustProxies.php(58): Illuminate\\Pipeline\\Pipeline->Illuminate\\Pipeline\\{closure}(Object(Illuminate\\Http\\Request))
#67 C:\\xampp\\htdocs\\laravel-dev-assessment\\vendor\\laravel\\framework\\src\\Illuminate\\Pipeline\\Pipeline.php(183): Illuminate\\Http\\Middleware\\TrustProxies->handle(Object(Illuminate\\Http\\Request), Object(Closure))
#68 C:\\xampp\\htdocs\\laravel-dev-assessment\\vendor\\laravel\\framework\\src\\Illuminate\\Foundation\\Http\\Middleware\\InvokeDeferredCallbacks.php(22): Illuminate\\Pipeline\\Pipeline->Illuminate\\Pipeline\\{closure}(Object(Illuminate\\Http\\Request))
#69 C:\\xampp\\htdocs\\laravel-dev-assessment\\vendor\\laravel\\framework\\src\\Illuminate\\Pipeline\\Pipeline.php(183): Illuminate\\Foundation\\Http\\Middleware\\InvokeDeferredCallbacks->handle(Object(Illuminate\\Http\\Request), Object(Closure))
#70 C:\\xampp\\htdocs\\laravel-dev-assessment\\vendor\\laravel\\framework\\src\\Illuminate\\Pipeline\\Pipeline.php(119): Illuminate\\Pipeline\\Pipeline->Illuminate\\Pipeline\\{closure}(Object(Illuminate\\Http\\Request))
#71 C:\\xampp\\htdocs\\laravel-dev-assessment\\vendor\\laravel\\framework\\src\\Illuminate\\Foundation\\Http\\Kernel.php(176): Illuminate\\Pipeline\\Pipeline->then(Object(Closure))
#72 C:\\xampp\\htdocs\\laravel-dev-assessment\\vendor\\laravel\\framework\\src\\Illuminate\\Foundation\\Http\\Kernel.php(145): Illuminate\\Foundation\\Http\\Kernel->sendRequestThroughRouter(Object(Illuminate\\Http\\Request))
#73 C:\\xampp\\htdocs\\laravel-dev-assessment\\vendor\\laravel\\framework\\src\\Illuminate\\Foundation\\Application.php(1190): Illuminate\\Foundation\\Http\\Kernel->handle(Object(Illuminate\\Http\\Request))
#74 C:\\xampp\\htdocs\\laravel-dev-assessment\\public\\index.php(17): Illuminate\\Foundation\\Application->handleRequest(Object(Illuminate\\Http\\Request))
#75 {main}
"} 
[2025-02-04 09:29:00] local.ERROR: syntax error, unexpected variable "$this" {"exception":"[object] (ParseError(code: 0): syntax error, unexpected variable \"$this\" at C:\\xampp\\htdocs\\laravel-dev-assessment\\app\\Livewire\\Pages\\Skills\\Index.php:39)
[stacktrace]
#0 C:\\xampp\\htdocs\\laravel-dev-assessment\\vendor\\composer\\ClassLoader.php(427): Composer\\Autoload\\{closure}('C:\\\\xampp\\\\htdocs...')
#1 [internal function]: Composer\\Autoload\\ClassLoader->loadClass('App\\\\Livewire\\\\Pa...')
#2 C:\\xampp\\htdocs\\laravel-dev-assessment\\vendor\\laravel\\framework\\src\\Illuminate\\Routing\\RouteAction.php(91): method_exists('App\\\\Livewire\\\\Pa...', '__invoke')
#3 C:\\xampp\\htdocs\\laravel-dev-assessment\\vendor\\laravel\\framework\\src\\Illuminate\\Routing\\RouteAction.php(47): Illuminate\\Routing\\RouteAction::makeInvokable('App\\\\Livewire\\\\Pa...')
#4 C:\\xampp\\htdocs\\laravel-dev-assessment\\vendor\\laravel\\framework\\src\\Illuminate\\Routing\\Route.php(198): Illuminate\\Routing\\RouteAction::parse('admin/skills', Array)
#5 C:\\xampp\\htdocs\\laravel-dev-assessment\\vendor\\laravel\\framework\\src\\Illuminate\\Routing\\Route.php(179): Illuminate\\Routing\\Route->parseAction(Array)
#6 C:\\xampp\\htdocs\\laravel-dev-assessment\\vendor\\laravel\\framework\\src\\Illuminate\\Routing\\Router.php(671): Illuminate\\Routing\\Route->__construct(Array, 'admin/skills', Array)
#7 C:\\xampp\\htdocs\\laravel-dev-assessment\\vendor\\laravel\\framework\\src\\Illuminate\\Routing\\Router.php(563): Illuminate\\Routing\\Router->newRoute(Array, 'admin/skills', Array)
#8 C:\\xampp\\htdocs\\laravel-dev-assessment\\vendor\\laravel\\framework\\src\\Illuminate\\Routing\\Router.php(543): Illuminate\\Routing\\Router->createRoute(Array, '/skills', Array)
#9 C:\\xampp\\htdocs\\laravel-dev-assessment\\vendor\\laravel\\framework\\src\\Illuminate\\Routing\\Router.php(161): Illuminate\\Routing\\Router->addRoute(Array, '/skills', 'App\\\\Livewire\\\\Pa...')
#10 C:\\xampp\\htdocs\\laravel-dev-assessment\\vendor\\laravel\\framework\\src\\Illuminate\\Support\\Facades\\Facade.php(359): Illuminate\\Routing\\Router->get('/skills', 'App\\\\Livewire\\\\Pa...')
#11 C:\\xampp\\htdocs\\laravel-dev-assessment\\routes\\admin.php(18): Illuminate\\Support\\Facades\\Facade::__callStatic('get', Array)
#12 C:\\xampp\\htdocs\\laravel-dev-assessment\\vendor\\laravel\\framework\\src\\Illuminate\\Routing\\RouteFileRegistrar.php(35): require('C:\\\\xampp\\\\htdocs...')
#13 C:\\xampp\\htdocs\\laravel-dev-assessment\\vendor\\laravel\\framework\\src\\Illuminate\\Routing\\Router.php(513): Illuminate\\Routing\\RouteFileRegistrar->register('C:\\\\xampp\\\\htdocs...')
#14 C:\\xampp\\htdocs\\laravel-dev-assessment\\vendor\\laravel\\framework\\src\\Illuminate\\Routing\\Router.php(467): Illuminate\\Routing\\Router->loadRoutes('C:\\\\xampp\\\\htdocs...')
#15 C:\\xampp\\htdocs\\laravel-dev-assessment\\vendor\\laravel\\framework\\src\\Illuminate\\Routing\\RouteRegistrar.php(199): Illuminate\\Routing\\Router->group(Array, 'C:\\\\xampp\\\\htdocs...')
#16 C:\\xampp\\htdocs\\laravel-dev-assessment\\bootstrap\\app.php(16): Illuminate\\Routing\\RouteRegistrar->group('C:\\\\xampp\\\\htdocs...')
#17 C:\\xampp\\htdocs\\laravel-dev-assessment\\vendor\\laravel\\framework\\src\\Illuminate\\Foundation\\Configuration\\ApplicationBuilder.php(261): {closure}(Object(Illuminate\\Foundation\\Application))
#18 C:\\xampp\\htdocs\\laravel-dev-assessment\\vendor\\laravel\\framework\\src\\Illuminate\\Container\\BoundMethod.php(36): Illuminate\\Foundation\\Configuration\\ApplicationBuilder->Illuminate\\Foundation\\Configuration\\{closure}()
#19 C:\\xampp\\htdocs\\laravel-dev-assessment\\vendor\\laravel\\framework\\src\\Illuminate\\Container\\Util.php(43): Illuminate\\Container\\BoundMethod::Illuminate\\Container\\{closure}()
#20 C:\\xampp\\htdocs\\laravel-dev-assessment\\vendor\\laravel\\framework\\src\\Illuminate\\Container\\BoundMethod.php(83): Illuminate\\Container\\Util::unwrapIfClosure(Object(Closure))
#21 C:\\xampp\\htdocs\\laravel-dev-assessment\\vendor\\laravel\\framework\\src\\Illuminate\\Container\\BoundMethod.php(35): Illuminate\\Container\\BoundMethod::callBoundMethod(Object(Illuminate\\Foundation\\Application), Object(Closure), Object(Closure))
#22 C:\\xampp\\htdocs\\laravel-dev-assessment\\vendor\\laravel\\framework\\src\\Illuminate\\Container\\Container.php(694): Illuminate\\Container\\BoundMethod::call(Object(Illuminate\\Foundation\\Application), Object(Closure), Array, NULL)
#23 C:\\xampp\\htdocs\\laravel-dev-assessment\\vendor\\laravel\\framework\\src\\Illuminate\\Foundation\\Support\\Providers\\RouteServiceProvider.php(162): Illuminate\\Container\\Container->call(Object(Closure))
#24 C:\\xampp\\htdocs\\laravel-dev-assessment\\vendor\\laravel\\framework\\src\\Illuminate\\Foundation\\Support\\Providers\\RouteServiceProvider.php(59): Illuminate\\Foundation\\Support\\Providers\\RouteServiceProvider->loadRoutes()
#25 C:\\xampp\\htdocs\\laravel-dev-assessment\\vendor\\laravel\\framework\\src\\Illuminate\\Container\\BoundMethod.php(36): Illuminate\\Foundation\\Support\\Providers\\RouteServiceProvider->Illuminate\\Foundation\\Support\\Providers\\{closure}()
#26 C:\\xampp\\htdocs\\laravel-dev-assessment\\vendor\\laravel\\framework\\src\\Illuminate\\Container\\Util.php(43): Illuminate\\Container\\BoundMethod::Illuminate\\Container\\{closure}()
#27 C:\\xampp\\htdocs\\laravel-dev-assessment\\vendor\\laravel\\framework\\src\\Illuminate\\Container\\BoundMethod.php(83): Illuminate\\Container\\Util::unwrapIfClosure(Object(Closure))
#28 C:\\xampp\\htdocs\\laravel-dev-assessment\\vendor\\laravel\\framework\\src\\Illuminate\\Container\\BoundMethod.php(35): Illuminate\\Container\\BoundMethod::callBoundMethod(Object(Illuminate\\Foundation\\Application), Object(Closure), Object(Closure))
#29 C:\\xampp\\htdocs\\laravel-dev-assessment\\vendor\\laravel\\framework\\src\\Illuminate\\Container\\Container.php(694): Illuminate\\Container\\BoundMethod::call(Object(Illuminate\\Foundation\\Application), Object(Closure), Array, NULL)
#30 C:\\xampp\\htdocs\\laravel-dev-assessment\\vendor\\laravel\\framework\\src\\Illuminate\\Support\\ServiceProvider.php(144): Illuminate\\Container\\Container->call(Object(Closure))
#31 C:\\xampp\\htdocs\\laravel-dev-assessment\\vendor\\laravel\\framework\\src\\Illuminate\\Foundation\\Application.php(1124): Illuminate\\Support\\ServiceProvider->callBootedCallbacks()
#32 C:\\xampp\\htdocs\\laravel-dev-assessment\\vendor\\laravel\\framework\\src\\Illuminate\\Foundation\\Application.php(1102): Illuminate\\Foundation\\Application->bootProvider(Object(Illuminate\\Foundation\\Support\\Providers\\RouteServiceProvider))
#33 [internal function]: Illuminate\\Foundation\\Application->Illuminate\\Foundation\\{closure}(Object(Illuminate\\Foundation\\Support\\Providers\\RouteServiceProvider), 'Illuminate\\\\Foun...')
#34 C:\\xampp\\htdocs\\laravel-dev-assessment\\vendor\\laravel\\framework\\src\\Illuminate\\Foundation\\Application.php(1101): array_walk(Array, Object(Closure))
#35 C:\\xampp\\htdocs\\laravel-dev-assessment\\vendor\\laravel\\framework\\src\\Illuminate\\Foundation\\Bootstrap\\BootProviders.php(17): Illuminate\\Foundation\\Application->boot()
#36 C:\\xampp\\htdocs\\laravel-dev-assessment\\vendor\\laravel\\framework\\src\\Illuminate\\Foundation\\Application.php(316): Illuminate\\Foundation\\Bootstrap\\BootProviders->bootstrap(Object(Illuminate\\Foundation\\Application))
#37 C:\\xampp\\htdocs\\laravel-dev-assessment\\vendor\\laravel\\framework\\src\\Illuminate\\Foundation\\Console\\Kernel.php(474): Illuminate\\Foundation\\Application->bootstrapWith(Array)
#38 C:\\xampp\\htdocs\\laravel-dev-assessment\\vendor\\laravel\\framework\\src\\Illuminate\\Foundation\\Console\\Kernel.php(196): Illuminate\\Foundation\\Console\\Kernel->bootstrap()
#39 C:\\xampp\\htdocs\\laravel-dev-assessment\\vendor\\laravel\\framework\\src\\Illuminate\\Foundation\\Application.php(1205): Illuminate\\Foundation\\Console\\Kernel->handle(Object(Symfony\\Component\\Console\\Input\\ArgvInput), Object(Symfony\\Component\\Console\\Output\\ConsoleOutput))
#40 C:\\xampp\\htdocs\\laravel-dev-assessment\\artisan(13): Illuminate\\Foundation\\Application->handleCommand(Object(Symfony\\Component\\Console\\Input\\ArgvInput))
#41 {main}
"} 
[2025-02-04 09:29:00] local.ERROR: syntax error, unexpected variable "$this" {"exception":"[object] (ParseError(code: 0): syntax error, unexpected variable \"$this\" at C:\\xampp\\htdocs\\laravel-dev-assessment\\app\\Livewire\\Pages\\Skills\\Index.php:39)
[stacktrace]
#0 C:\\xampp\\htdocs\\laravel-dev-assessment\\vendor\\composer\\ClassLoader.php(427): Composer\\Autoload\\{closure}('C:\\\\xampp\\\\htdocs...')
#1 [internal function]: Composer\\Autoload\\ClassLoader->loadClass('App\\\\Livewire\\\\Pa...')
#2 C:\\xampp\\htdocs\\laravel-dev-assessment\\vendor\\laravel\\framework\\src\\Illuminate\\Routing\\RouteAction.php(91): method_exists('App\\\\Livewire\\\\Pa...', '__invoke')
#3 C:\\xampp\\htdocs\\laravel-dev-assessment\\vendor\\laravel\\framework\\src\\Illuminate\\Routing\\RouteAction.php(47): Illuminate\\Routing\\RouteAction::makeInvokable('App\\\\Livewire\\\\Pa...')
#4 C:\\xampp\\htdocs\\laravel-dev-assessment\\vendor\\laravel\\framework\\src\\Illuminate\\Routing\\Route.php(198): Illuminate\\Routing\\RouteAction::parse('admin/skills', Array)
#5 C:\\xampp\\htdocs\\laravel-dev-assessment\\vendor\\laravel\\framework\\src\\Illuminate\\Routing\\Route.php(179): Illuminate\\Routing\\Route->parseAction(Array)
#6 C:\\xampp\\htdocs\\laravel-dev-assessment\\vendor\\laravel\\framework\\src\\Illuminate\\Routing\\Router.php(671): Illuminate\\Routing\\Route->__construct(Array, 'admin/skills', Array)
#7 C:\\xampp\\htdocs\\laravel-dev-assessment\\vendor\\laravel\\framework\\src\\Illuminate\\Routing\\Router.php(563): Illuminate\\Routing\\Router->newRoute(Array, 'admin/skills', Array)
#8 C:\\xampp\\htdocs\\laravel-dev-assessment\\vendor\\laravel\\framework\\src\\Illuminate\\Routing\\Router.php(543): Illuminate\\Routing\\Router->createRoute(Array, '/skills', Array)
#9 C:\\xampp\\htdocs\\laravel-dev-assessment\\vendor\\laravel\\framework\\src\\Illuminate\\Routing\\Router.php(161): Illuminate\\Routing\\Router->addRoute(Array, '/skills', 'App\\\\Livewire\\\\Pa...')
#10 C:\\xampp\\htdocs\\laravel-dev-assessment\\vendor\\laravel\\framework\\src\\Illuminate\\Support\\Facades\\Facade.php(359): Illuminate\\Routing\\Router->get('/skills', 'App\\\\Livewire\\\\Pa...')
#11 C:\\xampp\\htdocs\\laravel-dev-assessment\\routes\\admin.php(18): Illuminate\\Support\\Facades\\Facade::__callStatic('get', Array)
#12 C:\\xampp\\htdocs\\laravel-dev-assessment\\vendor\\laravel\\framework\\src\\Illuminate\\Routing\\RouteFileRegistrar.php(35): require('C:\\\\xampp\\\\htdocs...')
#13 C:\\xampp\\htdocs\\laravel-dev-assessment\\vendor\\laravel\\framework\\src\\Illuminate\\Routing\\Router.php(513): Illuminate\\Routing\\RouteFileRegistrar->register('C:\\\\xampp\\\\htdocs...')
#14 C:\\xampp\\htdocs\\laravel-dev-assessment\\vendor\\laravel\\framework\\src\\Illuminate\\Routing\\Router.php(467): Illuminate\\Routing\\Router->loadRoutes('C:\\\\xampp\\\\htdocs...')
#15 C:\\xampp\\htdocs\\laravel-dev-assessment\\vendor\\laravel\\framework\\src\\Illuminate\\Routing\\RouteRegistrar.php(199): Illuminate\\Routing\\Router->group(Array, 'C:\\\\xampp\\\\htdocs...')
#16 C:\\xampp\\htdocs\\laravel-dev-assessment\\bootstrap\\app.php(16): Illuminate\\Routing\\RouteRegistrar->group('C:\\\\xampp\\\\htdocs...')
#17 C:\\xampp\\htdocs\\laravel-dev-assessment\\vendor\\laravel\\framework\\src\\Illuminate\\Foundation\\Configuration\\ApplicationBuilder.php(261): {closure}(Object(Illuminate\\Foundation\\Application))
#18 C:\\xampp\\htdocs\\laravel-dev-assessment\\vendor\\laravel\\framework\\src\\Illuminate\\Container\\BoundMethod.php(36): Illuminate\\Foundation\\Configuration\\ApplicationBuilder->Illuminate\\Foundation\\Configuration\\{closure}()
#19 C:\\xampp\\htdocs\\laravel-dev-assessment\\vendor\\laravel\\framework\\src\\Illuminate\\Container\\Util.php(43): Illuminate\\Container\\BoundMethod::Illuminate\\Container\\{closure}()
#20 C:\\xampp\\htdocs\\laravel-dev-assessment\\vendor\\laravel\\framework\\src\\Illuminate\\Container\\BoundMethod.php(83): Illuminate\\Container\\Util::unwrapIfClosure(Object(Closure))
#21 C:\\xampp\\htdocs\\laravel-dev-assessment\\vendor\\laravel\\framework\\src\\Illuminate\\Container\\BoundMethod.php(35): Illuminate\\Container\\BoundMethod::callBoundMethod(Object(Illuminate\\Foundation\\Application), Object(Closure), Object(Closure))
#22 C:\\xampp\\htdocs\\laravel-dev-assessment\\vendor\\laravel\\framework\\src\\Illuminate\\Container\\Container.php(694): Illuminate\\Container\\BoundMethod::call(Object(Illuminate\\Foundation\\Application), Object(Closure), Array, NULL)
#23 C:\\xampp\\htdocs\\laravel-dev-assessment\\vendor\\laravel\\framework\\src\\Illuminate\\Foundation\\Support\\Providers\\RouteServiceProvider.php(162): Illuminate\\Container\\Container->call(Object(Closure))
#24 C:\\xampp\\htdocs\\laravel-dev-assessment\\vendor\\laravel\\framework\\src\\Illuminate\\Foundation\\Support\\Providers\\RouteServiceProvider.php(59): Illuminate\\Foundation\\Support\\Providers\\RouteServiceProvider->loadRoutes()
#25 C:\\xampp\\htdocs\\laravel-dev-assessment\\vendor\\laravel\\framework\\src\\Illuminate\\Container\\BoundMethod.php(36): Illuminate\\Foundation\\Support\\Providers\\RouteServiceProvider->Illuminate\\Foundation\\Support\\Providers\\{closure}()
#26 C:\\xampp\\htdocs\\laravel-dev-assessment\\vendor\\laravel\\framework\\src\\Illuminate\\Container\\Util.php(43): Illuminate\\Container\\BoundMethod::Illuminate\\Container\\{closure}()
#27 C:\\xampp\\htdocs\\laravel-dev-assessment\\vendor\\laravel\\framework\\src\\Illuminate\\Container\\BoundMethod.php(83): Illuminate\\Container\\Util::unwrapIfClosure(Object(Closure))
#28 C:\\xampp\\htdocs\\laravel-dev-assessment\\vendor\\laravel\\framework\\src\\Illuminate\\Container\\BoundMethod.php(35): Illuminate\\Container\\BoundMethod::callBoundMethod(Object(Illuminate\\Foundation\\Application), Object(Closure), Object(Closure))
#29 C:\\xampp\\htdocs\\laravel-dev-assessment\\vendor\\laravel\\framework\\src\\Illuminate\\Container\\Container.php(694): Illuminate\\Container\\BoundMethod::call(Object(Illuminate\\Foundation\\Application), Object(Closure), Array, NULL)
#30 C:\\xampp\\htdocs\\laravel-dev-assessment\\vendor\\laravel\\framework\\src\\Illuminate\\Support\\ServiceProvider.php(144): Illuminate\\Container\\Container->call(Object(Closure))
#31 C:\\xampp\\htdocs\\laravel-dev-assessment\\vendor\\laravel\\framework\\src\\Illuminate\\Foundation\\Application.php(1124): Illuminate\\Support\\ServiceProvider->callBootedCallbacks()
#32 C:\\xampp\\htdocs\\laravel-dev-assessment\\vendor\\laravel\\framework\\src\\Illuminate\\Foundation\\Application.php(1102): Illuminate\\Foundation\\Application->bootProvider(Object(Illuminate\\Foundation\\Support\\Providers\\RouteServiceProvider))
#33 [internal function]: Illuminate\\Foundation\\Application->Illuminate\\Foundation\\{closure}(Object(Illuminate\\Foundation\\Support\\Providers\\RouteServiceProvider), 'Illuminate\\\\Foun...')
#34 C:\\xampp\\htdocs\\laravel-dev-assessment\\vendor\\laravel\\framework\\src\\Illuminate\\Foundation\\Application.php(1101): array_walk(Array, Object(Closure))
#35 C:\\xampp\\htdocs\\laravel-dev-assessment\\vendor\\laravel\\framework\\src\\Illuminate\\Foundation\\Bootstrap\\BootProviders.php(17): Illuminate\\Foundation\\Application->boot()
#36 C:\\xampp\\htdocs\\laravel-dev-assessment\\vendor\\laravel\\framework\\src\\Illuminate\\Foundation\\Application.php(316): Illuminate\\Foundation\\Bootstrap\\BootProviders->bootstrap(Object(Illuminate\\Foundation\\Application))
#37 C:\\xampp\\htdocs\\laravel-dev-assessment\\vendor\\laravel\\framework\\src\\Illuminate\\Foundation\\Http\\Kernel.php(187): Illuminate\\Foundation\\Application->bootstrapWith(Array)
#38 C:\\xampp\\htdocs\\laravel-dev-assessment\\vendor\\laravel\\framework\\src\\Illuminate\\Foundation\\Http\\Kernel.php(171): Illuminate\\Foundation\\Http\\Kernel->bootstrap()
#39 C:\\xampp\\htdocs\\laravel-dev-assessment\\vendor\\laravel\\framework\\src\\Illuminate\\Foundation\\Http\\Kernel.php(145): Illuminate\\Foundation\\Http\\Kernel->sendRequestThroughRouter(Object(Illuminate\\Http\\Request))
#40 C:\\xampp\\htdocs\\laravel-dev-assessment\\vendor\\laravel\\framework\\src\\Illuminate\\Foundation\\Application.php(1190): Illuminate\\Foundation\\Http\\Kernel->handle(Object(Illuminate\\Http\\Request))
#41 C:\\xampp\\htdocs\\laravel-dev-assessment\\public\\index.php(17): Illuminate\\Foundation\\Application->handleRequest(Object(Illuminate\\Http\\Request))
#42 {main}
"} 
[2025-02-04 09:36:49] local.ERROR: syntax error, unexpected token "\" {"exception":"[object] (ParseError(code: 0): syntax error, unexpected token \"\\\" at C:\\xampp\\htdocs\\laravel-dev-assessment\\app\\Livewire\\Pages\\Skills\\Index.php:54)
[stacktrace]
#0 C:\\xampp\\htdocs\\laravel-dev-assessment\\vendor\\composer\\ClassLoader.php(427): Composer\\Autoload\\{closure}('C:\\\\xampp\\\\htdocs...')
#1 [internal function]: Composer\\Autoload\\ClassLoader->loadClass('App\\\\Livewire\\\\Pa...')
#2 C:\\xampp\\htdocs\\laravel-dev-assessment\\vendor\\laravel\\framework\\src\\Illuminate\\Routing\\RouteAction.php(91): method_exists('App\\\\Livewire\\\\Pa...', '__invoke')
#3 C:\\xampp\\htdocs\\laravel-dev-assessment\\vendor\\laravel\\framework\\src\\Illuminate\\Routing\\RouteAction.php(47): Illuminate\\Routing\\RouteAction::makeInvokable('App\\\\Livewire\\\\Pa...')
#4 C:\\xampp\\htdocs\\laravel-dev-assessment\\vendor\\laravel\\framework\\src\\Illuminate\\Routing\\Route.php(198): Illuminate\\Routing\\RouteAction::parse('admin/skills', Array)
#5 C:\\xampp\\htdocs\\laravel-dev-assessment\\vendor\\laravel\\framework\\src\\Illuminate\\Routing\\Route.php(179): Illuminate\\Routing\\Route->parseAction(Array)
#6 C:\\xampp\\htdocs\\laravel-dev-assessment\\vendor\\laravel\\framework\\src\\Illuminate\\Routing\\Router.php(671): Illuminate\\Routing\\Route->__construct(Array, 'admin/skills', Array)
#7 C:\\xampp\\htdocs\\laravel-dev-assessment\\vendor\\laravel\\framework\\src\\Illuminate\\Routing\\Router.php(563): Illuminate\\Routing\\Router->newRoute(Array, 'admin/skills', Array)
#8 C:\\xampp\\htdocs\\laravel-dev-assessment\\vendor\\laravel\\framework\\src\\Illuminate\\Routing\\Router.php(543): Illuminate\\Routing\\Router->createRoute(Array, '/skills', Array)
#9 C:\\xampp\\htdocs\\laravel-dev-assessment\\vendor\\laravel\\framework\\src\\Illuminate\\Routing\\Router.php(161): Illuminate\\Routing\\Router->addRoute(Array, '/skills', 'App\\\\Livewire\\\\Pa...')
#10 C:\\xampp\\htdocs\\laravel-dev-assessment\\vendor\\laravel\\framework\\src\\Illuminate\\Support\\Facades\\Facade.php(359): Illuminate\\Routing\\Router->get('/skills', 'App\\\\Livewire\\\\Pa...')
#11 C:\\xampp\\htdocs\\laravel-dev-assessment\\routes\\admin.php(18): Illuminate\\Support\\Facades\\Facade::__callStatic('get', Array)
#12 C:\\xampp\\htdocs\\laravel-dev-assessment\\vendor\\laravel\\framework\\src\\Illuminate\\Routing\\RouteFileRegistrar.php(35): require('C:\\\\xampp\\\\htdocs...')
#13 C:\\xampp\\htdocs\\laravel-dev-assessment\\vendor\\laravel\\framework\\src\\Illuminate\\Routing\\Router.php(513): Illuminate\\Routing\\RouteFileRegistrar->register('C:\\\\xampp\\\\htdocs...')
#14 C:\\xampp\\htdocs\\laravel-dev-assessment\\vendor\\laravel\\framework\\src\\Illuminate\\Routing\\Router.php(467): Illuminate\\Routing\\Router->loadRoutes('C:\\\\xampp\\\\htdocs...')
#15 C:\\xampp\\htdocs\\laravel-dev-assessment\\vendor\\laravel\\framework\\src\\Illuminate\\Routing\\RouteRegistrar.php(199): Illuminate\\Routing\\Router->group(Array, 'C:\\\\xampp\\\\htdocs...')
#16 C:\\xampp\\htdocs\\laravel-dev-assessment\\bootstrap\\app.php(16): Illuminate\\Routing\\RouteRegistrar->group('C:\\\\xampp\\\\htdocs...')
#17 C:\\xampp\\htdocs\\laravel-dev-assessment\\vendor\\laravel\\framework\\src\\Illuminate\\Foundation\\Configuration\\ApplicationBuilder.php(261): {closure}(Object(Illuminate\\Foundation\\Application))
#18 C:\\xampp\\htdocs\\laravel-dev-assessment\\vendor\\laravel\\framework\\src\\Illuminate\\Container\\BoundMethod.php(36): Illuminate\\Foundation\\Configuration\\ApplicationBuilder->Illuminate\\Foundation\\Configuration\\{closure}()
#19 C:\\xampp\\htdocs\\laravel-dev-assessment\\vendor\\laravel\\framework\\src\\Illuminate\\Container\\Util.php(43): Illuminate\\Container\\BoundMethod::Illuminate\\Container\\{closure}()
#20 C:\\xampp\\htdocs\\laravel-dev-assessment\\vendor\\laravel\\framework\\src\\Illuminate\\Container\\BoundMethod.php(83): Illuminate\\Container\\Util::unwrapIfClosure(Object(Closure))
#21 C:\\xampp\\htdocs\\laravel-dev-assessment\\vendor\\laravel\\framework\\src\\Illuminate\\Container\\BoundMethod.php(35): Illuminate\\Container\\BoundMethod::callBoundMethod(Object(Illuminate\\Foundation\\Application), Object(Closure), Object(Closure))
#22 C:\\xampp\\htdocs\\laravel-dev-assessment\\vendor\\laravel\\framework\\src\\Illuminate\\Container\\Container.php(694): Illuminate\\Container\\BoundMethod::call(Object(Illuminate\\Foundation\\Application), Object(Closure), Array, NULL)
#23 C:\\xampp\\htdocs\\laravel-dev-assessment\\vendor\\laravel\\framework\\src\\Illuminate\\Foundation\\Support\\Providers\\RouteServiceProvider.php(162): Illuminate\\Container\\Container->call(Object(Closure))
#24 C:\\xampp\\htdocs\\laravel-dev-assessment\\vendor\\laravel\\framework\\src\\Illuminate\\Foundation\\Support\\Providers\\RouteServiceProvider.php(59): Illuminate\\Foundation\\Support\\Providers\\RouteServiceProvider->loadRoutes()
#25 C:\\xampp\\htdocs\\laravel-dev-assessment\\vendor\\laravel\\framework\\src\\Illuminate\\Container\\BoundMethod.php(36): Illuminate\\Foundation\\Support\\Providers\\RouteServiceProvider->Illuminate\\Foundation\\Support\\Providers\\{closure}()
#26 C:\\xampp\\htdocs\\laravel-dev-assessment\\vendor\\laravel\\framework\\src\\Illuminate\\Container\\Util.php(43): Illuminate\\Container\\BoundMethod::Illuminate\\Container\\{closure}()
#27 C:\\xampp\\htdocs\\laravel-dev-assessment\\vendor\\laravel\\framework\\src\\Illuminate\\Container\\BoundMethod.php(83): Illuminate\\Container\\Util::unwrapIfClosure(Object(Closure))
#28 C:\\xampp\\htdocs\\laravel-dev-assessment\\vendor\\laravel\\framework\\src\\Illuminate\\Container\\BoundMethod.php(35): Illuminate\\Container\\BoundMethod::callBoundMethod(Object(Illuminate\\Foundation\\Application), Object(Closure), Object(Closure))
#29 C:\\xampp\\htdocs\\laravel-dev-assessment\\vendor\\laravel\\framework\\src\\Illuminate\\Container\\Container.php(694): Illuminate\\Container\\BoundMethod::call(Object(Illuminate\\Foundation\\Application), Object(Closure), Array, NULL)
#30 C:\\xampp\\htdocs\\laravel-dev-assessment\\vendor\\laravel\\framework\\src\\Illuminate\\Support\\ServiceProvider.php(144): Illuminate\\Container\\Container->call(Object(Closure))
#31 C:\\xampp\\htdocs\\laravel-dev-assessment\\vendor\\laravel\\framework\\src\\Illuminate\\Foundation\\Application.php(1124): Illuminate\\Support\\ServiceProvider->callBootedCallbacks()
#32 C:\\xampp\\htdocs\\laravel-dev-assessment\\vendor\\laravel\\framework\\src\\Illuminate\\Foundation\\Application.php(1102): Illuminate\\Foundation\\Application->bootProvider(Object(Illuminate\\Foundation\\Support\\Providers\\RouteServiceProvider))
#33 [internal function]: Illuminate\\Foundation\\Application->Illuminate\\Foundation\\{closure}(Object(Illuminate\\Foundation\\Support\\Providers\\RouteServiceProvider), 'Illuminate\\\\Foun...')
#34 C:\\xampp\\htdocs\\laravel-dev-assessment\\vendor\\laravel\\framework\\src\\Illuminate\\Foundation\\Application.php(1101): array_walk(Array, Object(Closure))
#35 C:\\xampp\\htdocs\\laravel-dev-assessment\\vendor\\laravel\\framework\\src\\Illuminate\\Foundation\\Bootstrap\\BootProviders.php(17): Illuminate\\Foundation\\Application->boot()
#36 C:\\xampp\\htdocs\\laravel-dev-assessment\\vendor\\laravel\\framework\\src\\Illuminate\\Foundation\\Application.php(316): Illuminate\\Foundation\\Bootstrap\\BootProviders->bootstrap(Object(Illuminate\\Foundation\\Application))
#37 C:\\xampp\\htdocs\\laravel-dev-assessment\\vendor\\laravel\\framework\\src\\Illuminate\\Foundation\\Http\\Kernel.php(187): Illuminate\\Foundation\\Application->bootstrapWith(Array)
#38 C:\\xampp\\htdocs\\laravel-dev-assessment\\vendor\\laravel\\framework\\src\\Illuminate\\Foundation\\Http\\Kernel.php(171): Illuminate\\Foundation\\Http\\Kernel->bootstrap()
#39 C:\\xampp\\htdocs\\laravel-dev-assessment\\vendor\\laravel\\framework\\src\\Illuminate\\Foundation\\Http\\Kernel.php(145): Illuminate\\Foundation\\Http\\Kernel->sendRequestThroughRouter(Object(Illuminate\\Http\\Request))
#40 C:\\xampp\\htdocs\\laravel-dev-assessment\\vendor\\laravel\\framework\\src\\Illuminate\\Foundation\\Application.php(1190): Illuminate\\Foundation\\Http\\Kernel->handle(Object(Illuminate\\Http\\Request))
#41 C:\\xampp\\htdocs\\laravel-dev-assessment\\public\\index.php(17): Illuminate\\Foundation\\Application->handleRequest(Object(Illuminate\\Http\\Request))
#42 {main}
"} 
[2025-02-04 09:36:49] local.ERROR: syntax error, unexpected token "\" {"exception":"[object] (ParseError(code: 0): syntax error, unexpected token \"\\\" at C:\\xampp\\htdocs\\laravel-dev-assessment\\app\\Livewire\\Pages\\Skills\\Index.php:54)
[stacktrace]
#0 C:\\xampp\\htdocs\\laravel-dev-assessment\\vendor\\composer\\ClassLoader.php(427): Composer\\Autoload\\{closure}('C:\\\\xampp\\\\htdocs...')
#1 [internal function]: Composer\\Autoload\\ClassLoader->loadClass('App\\\\Livewire\\\\Pa...')
#2 C:\\xampp\\htdocs\\laravel-dev-assessment\\vendor\\laravel\\framework\\src\\Illuminate\\Routing\\RouteAction.php(91): method_exists('App\\\\Livewire\\\\Pa...', '__invoke')
#3 C:\\xampp\\htdocs\\laravel-dev-assessment\\vendor\\laravel\\framework\\src\\Illuminate\\Routing\\RouteAction.php(47): Illuminate\\Routing\\RouteAction::makeInvokable('App\\\\Livewire\\\\Pa...')
#4 C:\\xampp\\htdocs\\laravel-dev-assessment\\vendor\\laravel\\framework\\src\\Illuminate\\Routing\\Route.php(198): Illuminate\\Routing\\RouteAction::parse('admin/skills', Array)
#5 C:\\xampp\\htdocs\\laravel-dev-assessment\\vendor\\laravel\\framework\\src\\Illuminate\\Routing\\Route.php(179): Illuminate\\Routing\\Route->parseAction(Array)
#6 C:\\xampp\\htdocs\\laravel-dev-assessment\\vendor\\laravel\\framework\\src\\Illuminate\\Routing\\Router.php(671): Illuminate\\Routing\\Route->__construct(Array, 'admin/skills', Array)
#7 C:\\xampp\\htdocs\\laravel-dev-assessment\\vendor\\laravel\\framework\\src\\Illuminate\\Routing\\Router.php(563): Illuminate\\Routing\\Router->newRoute(Array, 'admin/skills', Array)
#8 C:\\xampp\\htdocs\\laravel-dev-assessment\\vendor\\laravel\\framework\\src\\Illuminate\\Routing\\Router.php(543): Illuminate\\Routing\\Router->createRoute(Array, '/skills', Array)
#9 C:\\xampp\\htdocs\\laravel-dev-assessment\\vendor\\laravel\\framework\\src\\Illuminate\\Routing\\Router.php(161): Illuminate\\Routing\\Router->addRoute(Array, '/skills', 'App\\\\Livewire\\\\Pa...')
#10 C:\\xampp\\htdocs\\laravel-dev-assessment\\vendor\\laravel\\framework\\src\\Illuminate\\Support\\Facades\\Facade.php(359): Illuminate\\Routing\\Router->get('/skills', 'App\\\\Livewire\\\\Pa...')
#11 C:\\xampp\\htdocs\\laravel-dev-assessment\\routes\\admin.php(18): Illuminate\\Support\\Facades\\Facade::__callStatic('get', Array)
#12 C:\\xampp\\htdocs\\laravel-dev-assessment\\vendor\\laravel\\framework\\src\\Illuminate\\Routing\\RouteFileRegistrar.php(35): require('C:\\\\xampp\\\\htdocs...')
#13 C:\\xampp\\htdocs\\laravel-dev-assessment\\vendor\\laravel\\framework\\src\\Illuminate\\Routing\\Router.php(513): Illuminate\\Routing\\RouteFileRegistrar->register('C:\\\\xampp\\\\htdocs...')
#14 C:\\xampp\\htdocs\\laravel-dev-assessment\\vendor\\laravel\\framework\\src\\Illuminate\\Routing\\Router.php(467): Illuminate\\Routing\\Router->loadRoutes('C:\\\\xampp\\\\htdocs...')
#15 C:\\xampp\\htdocs\\laravel-dev-assessment\\vendor\\laravel\\framework\\src\\Illuminate\\Routing\\RouteRegistrar.php(199): Illuminate\\Routing\\Router->group(Array, 'C:\\\\xampp\\\\htdocs...')
#16 C:\\xampp\\htdocs\\laravel-dev-assessment\\bootstrap\\app.php(16): Illuminate\\Routing\\RouteRegistrar->group('C:\\\\xampp\\\\htdocs...')
#17 C:\\xampp\\htdocs\\laravel-dev-assessment\\vendor\\laravel\\framework\\src\\Illuminate\\Foundation\\Configuration\\ApplicationBuilder.php(261): {closure}(Object(Illuminate\\Foundation\\Application))
#18 C:\\xampp\\htdocs\\laravel-dev-assessment\\vendor\\laravel\\framework\\src\\Illuminate\\Container\\BoundMethod.php(36): Illuminate\\Foundation\\Configuration\\ApplicationBuilder->Illuminate\\Foundation\\Configuration\\{closure}()
#19 C:\\xampp\\htdocs\\laravel-dev-assessment\\vendor\\laravel\\framework\\src\\Illuminate\\Container\\Util.php(43): Illuminate\\Container\\BoundMethod::Illuminate\\Container\\{closure}()
#20 C:\\xampp\\htdocs\\laravel-dev-assessment\\vendor\\laravel\\framework\\src\\Illuminate\\Container\\BoundMethod.php(83): Illuminate\\Container\\Util::unwrapIfClosure(Object(Closure))
#21 C:\\xampp\\htdocs\\laravel-dev-assessment\\vendor\\laravel\\framework\\src\\Illuminate\\Container\\BoundMethod.php(35): Illuminate\\Container\\BoundMethod::callBoundMethod(Object(Illuminate\\Foundation\\Application), Object(Closure), Object(Closure))
#22 C:\\xampp\\htdocs\\laravel-dev-assessment\\vendor\\laravel\\framework\\src\\Illuminate\\Container\\Container.php(694): Illuminate\\Container\\BoundMethod::call(Object(Illuminate\\Foundation\\Application), Object(Closure), Array, NULL)
#23 C:\\xampp\\htdocs\\laravel-dev-assessment\\vendor\\laravel\\framework\\src\\Illuminate\\Foundation\\Support\\Providers\\RouteServiceProvider.php(162): Illuminate\\Container\\Container->call(Object(Closure))
#24 C:\\xampp\\htdocs\\laravel-dev-assessment\\vendor\\laravel\\framework\\src\\Illuminate\\Foundation\\Support\\Providers\\RouteServiceProvider.php(59): Illuminate\\Foundation\\Support\\Providers\\RouteServiceProvider->loadRoutes()
#25 C:\\xampp\\htdocs\\laravel-dev-assessment\\vendor\\laravel\\framework\\src\\Illuminate\\Container\\BoundMethod.php(36): Illuminate\\Foundation\\Support\\Providers\\RouteServiceProvider->Illuminate\\Foundation\\Support\\Providers\\{closure}()
#26 C:\\xampp\\htdocs\\laravel-dev-assessment\\vendor\\laravel\\framework\\src\\Illuminate\\Container\\Util.php(43): Illuminate\\Container\\BoundMethod::Illuminate\\Container\\{closure}()
#27 C:\\xampp\\htdocs\\laravel-dev-assessment\\vendor\\laravel\\framework\\src\\Illuminate\\Container\\BoundMethod.php(83): Illuminate\\Container\\Util::unwrapIfClosure(Object(Closure))
#28 C:\\xampp\\htdocs\\laravel-dev-assessment\\vendor\\laravel\\framework\\src\\Illuminate\\Container\\BoundMethod.php(35): Illuminate\\Container\\BoundMethod::callBoundMethod(Object(Illuminate\\Foundation\\Application), Object(Closure), Object(Closure))
#29 C:\\xampp\\htdocs\\laravel-dev-assessment\\vendor\\laravel\\framework\\src\\Illuminate\\Container\\Container.php(694): Illuminate\\Container\\BoundMethod::call(Object(Illuminate\\Foundation\\Application), Object(Closure), Array, NULL)
#30 C:\\xampp\\htdocs\\laravel-dev-assessment\\vendor\\laravel\\framework\\src\\Illuminate\\Support\\ServiceProvider.php(144): Illuminate\\Container\\Container->call(Object(Closure))
#31 C:\\xampp\\htdocs\\laravel-dev-assessment\\vendor\\laravel\\framework\\src\\Illuminate\\Foundation\\Application.php(1124): Illuminate\\Support\\ServiceProvider->callBootedCallbacks()
#32 C:\\xampp\\htdocs\\laravel-dev-assessment\\vendor\\laravel\\framework\\src\\Illuminate\\Foundation\\Application.php(1102): Illuminate\\Foundation\\Application->bootProvider(Object(Illuminate\\Foundation\\Support\\Providers\\RouteServiceProvider))
#33 [internal function]: Illuminate\\Foundation\\Application->Illuminate\\Foundation\\{closure}(Object(Illuminate\\Foundation\\Support\\Providers\\RouteServiceProvider), 'Illuminate\\\\Foun...')
#34 C:\\xampp\\htdocs\\laravel-dev-assessment\\vendor\\laravel\\framework\\src\\Illuminate\\Foundation\\Application.php(1101): array_walk(Array, Object(Closure))
#35 C:\\xampp\\htdocs\\laravel-dev-assessment\\vendor\\laravel\\framework\\src\\Illuminate\\Foundation\\Bootstrap\\BootProviders.php(17): Illuminate\\Foundation\\Application->boot()
#36 C:\\xampp\\htdocs\\laravel-dev-assessment\\vendor\\laravel\\framework\\src\\Illuminate\\Foundation\\Application.php(316): Illuminate\\Foundation\\Bootstrap\\BootProviders->bootstrap(Object(Illuminate\\Foundation\\Application))
#37 C:\\xampp\\htdocs\\laravel-dev-assessment\\vendor\\laravel\\framework\\src\\Illuminate\\Foundation\\Console\\Kernel.php(474): Illuminate\\Foundation\\Application->bootstrapWith(Array)
#38 C:\\xampp\\htdocs\\laravel-dev-assessment\\vendor\\laravel\\framework\\src\\Illuminate\\Foundation\\Console\\Kernel.php(196): Illuminate\\Foundation\\Console\\Kernel->bootstrap()
#39 C:\\xampp\\htdocs\\laravel-dev-assessment\\vendor\\laravel\\framework\\src\\Illuminate\\Foundation\\Application.php(1205): Illuminate\\Foundation\\Console\\Kernel->handle(Object(Symfony\\Component\\Console\\Input\\ArgvInput), Object(Symfony\\Component\\Console\\Output\\ConsoleOutput))
#40 C:\\xampp\\htdocs\\laravel-dev-assessment\\artisan(13): Illuminate\\Foundation\\Application->handleCommand(Object(Symfony\\Component\\Console\\Input\\ArgvInput))
#41 {main}
"} 
[2025-02-04 09:36:53] local.ERROR: syntax error, unexpected variable "$skill" {"exception":"[object] (ParseError(code: 0): syntax error, unexpected variable \"$skill\" at C:\\xampp\\htdocs\\laravel-dev-assessment\\app\\Livewire\\Pages\\Skills\\Index.php:55)
[stacktrace]
#0 C:\\xampp\\htdocs\\laravel-dev-assessment\\vendor\\composer\\ClassLoader.php(427): Composer\\Autoload\\{closure}('C:\\\\xampp\\\\htdocs...')
#1 [internal function]: Composer\\Autoload\\ClassLoader->loadClass('App\\\\Livewire\\\\Pa...')
#2 C:\\xampp\\htdocs\\laravel-dev-assessment\\vendor\\laravel\\framework\\src\\Illuminate\\Routing\\RouteAction.php(91): method_exists('App\\\\Livewire\\\\Pa...', '__invoke')
#3 C:\\xampp\\htdocs\\laravel-dev-assessment\\vendor\\laravel\\framework\\src\\Illuminate\\Routing\\RouteAction.php(47): Illuminate\\Routing\\RouteAction::makeInvokable('App\\\\Livewire\\\\Pa...')
#4 C:\\xampp\\htdocs\\laravel-dev-assessment\\vendor\\laravel\\framework\\src\\Illuminate\\Routing\\Route.php(198): Illuminate\\Routing\\RouteAction::parse('admin/skills', Array)
#5 C:\\xampp\\htdocs\\laravel-dev-assessment\\vendor\\laravel\\framework\\src\\Illuminate\\Routing\\Route.php(179): Illuminate\\Routing\\Route->parseAction(Array)
#6 C:\\xampp\\htdocs\\laravel-dev-assessment\\vendor\\laravel\\framework\\src\\Illuminate\\Routing\\Router.php(671): Illuminate\\Routing\\Route->__construct(Array, 'admin/skills', Array)
#7 C:\\xampp\\htdocs\\laravel-dev-assessment\\vendor\\laravel\\framework\\src\\Illuminate\\Routing\\Router.php(563): Illuminate\\Routing\\Router->newRoute(Array, 'admin/skills', Array)
#8 C:\\xampp\\htdocs\\laravel-dev-assessment\\vendor\\laravel\\framework\\src\\Illuminate\\Routing\\Router.php(543): Illuminate\\Routing\\Router->createRoute(Array, '/skills', Array)
#9 C:\\xampp\\htdocs\\laravel-dev-assessment\\vendor\\laravel\\framework\\src\\Illuminate\\Routing\\Router.php(161): Illuminate\\Routing\\Router->addRoute(Array, '/skills', 'App\\\\Livewire\\\\Pa...')
#10 C:\\xampp\\htdocs\\laravel-dev-assessment\\vendor\\laravel\\framework\\src\\Illuminate\\Support\\Facades\\Facade.php(359): Illuminate\\Routing\\Router->get('/skills', 'App\\\\Livewire\\\\Pa...')
#11 C:\\xampp\\htdocs\\laravel-dev-assessment\\routes\\admin.php(18): Illuminate\\Support\\Facades\\Facade::__callStatic('get', Array)
#12 C:\\xampp\\htdocs\\laravel-dev-assessment\\vendor\\laravel\\framework\\src\\Illuminate\\Routing\\RouteFileRegistrar.php(35): require('C:\\\\xampp\\\\htdocs...')
#13 C:\\xampp\\htdocs\\laravel-dev-assessment\\vendor\\laravel\\framework\\src\\Illuminate\\Routing\\Router.php(513): Illuminate\\Routing\\RouteFileRegistrar->register('C:\\\\xampp\\\\htdocs...')
#14 C:\\xampp\\htdocs\\laravel-dev-assessment\\vendor\\laravel\\framework\\src\\Illuminate\\Routing\\Router.php(467): Illuminate\\Routing\\Router->loadRoutes('C:\\\\xampp\\\\htdocs...')
#15 C:\\xampp\\htdocs\\laravel-dev-assessment\\vendor\\laravel\\framework\\src\\Illuminate\\Routing\\RouteRegistrar.php(199): Illuminate\\Routing\\Router->group(Array, 'C:\\\\xampp\\\\htdocs...')
#16 C:\\xampp\\htdocs\\laravel-dev-assessment\\bootstrap\\app.php(16): Illuminate\\Routing\\RouteRegistrar->group('C:\\\\xampp\\\\htdocs...')
#17 C:\\xampp\\htdocs\\laravel-dev-assessment\\vendor\\laravel\\framework\\src\\Illuminate\\Foundation\\Configuration\\ApplicationBuilder.php(261): {closure}(Object(Illuminate\\Foundation\\Application))
#18 C:\\xampp\\htdocs\\laravel-dev-assessment\\vendor\\laravel\\framework\\src\\Illuminate\\Container\\BoundMethod.php(36): Illuminate\\Foundation\\Configuration\\ApplicationBuilder->Illuminate\\Foundation\\Configuration\\{closure}()
#19 C:\\xampp\\htdocs\\laravel-dev-assessment\\vendor\\laravel\\framework\\src\\Illuminate\\Container\\Util.php(43): Illuminate\\Container\\BoundMethod::Illuminate\\Container\\{closure}()
#20 C:\\xampp\\htdocs\\laravel-dev-assessment\\vendor\\laravel\\framework\\src\\Illuminate\\Container\\BoundMethod.php(83): Illuminate\\Container\\Util::unwrapIfClosure(Object(Closure))
#21 C:\\xampp\\htdocs\\laravel-dev-assessment\\vendor\\laravel\\framework\\src\\Illuminate\\Container\\BoundMethod.php(35): Illuminate\\Container\\BoundMethod::callBoundMethod(Object(Illuminate\\Foundation\\Application), Object(Closure), Object(Closure))
#22 C:\\xampp\\htdocs\\laravel-dev-assessment\\vendor\\laravel\\framework\\src\\Illuminate\\Container\\Container.php(694): Illuminate\\Container\\BoundMethod::call(Object(Illuminate\\Foundation\\Application), Object(Closure), Array, NULL)
#23 C:\\xampp\\htdocs\\laravel-dev-assessment\\vendor\\laravel\\framework\\src\\Illuminate\\Foundation\\Support\\Providers\\RouteServiceProvider.php(162): Illuminate\\Container\\Container->call(Object(Closure))
#24 C:\\xampp\\htdocs\\laravel-dev-assessment\\vendor\\laravel\\framework\\src\\Illuminate\\Foundation\\Support\\Providers\\RouteServiceProvider.php(59): Illuminate\\Foundation\\Support\\Providers\\RouteServiceProvider->loadRoutes()
#25 C:\\xampp\\htdocs\\laravel-dev-assessment\\vendor\\laravel\\framework\\src\\Illuminate\\Container\\BoundMethod.php(36): Illuminate\\Foundation\\Support\\Providers\\RouteServiceProvider->Illuminate\\Foundation\\Support\\Providers\\{closure}()
#26 C:\\xampp\\htdocs\\laravel-dev-assessment\\vendor\\laravel\\framework\\src\\Illuminate\\Container\\Util.php(43): Illuminate\\Container\\BoundMethod::Illuminate\\Container\\{closure}()
#27 C:\\xampp\\htdocs\\laravel-dev-assessment\\vendor\\laravel\\framework\\src\\Illuminate\\Container\\BoundMethod.php(83): Illuminate\\Container\\Util::unwrapIfClosure(Object(Closure))
#28 C:\\xampp\\htdocs\\laravel-dev-assessment\\vendor\\laravel\\framework\\src\\Illuminate\\Container\\BoundMethod.php(35): Illuminate\\Container\\BoundMethod::callBoundMethod(Object(Illuminate\\Foundation\\Application), Object(Closure), Object(Closure))
#29 C:\\xampp\\htdocs\\laravel-dev-assessment\\vendor\\laravel\\framework\\src\\Illuminate\\Container\\Container.php(694): Illuminate\\Container\\BoundMethod::call(Object(Illuminate\\Foundation\\Application), Object(Closure), Array, NULL)
#30 C:\\xampp\\htdocs\\laravel-dev-assessment\\vendor\\laravel\\framework\\src\\Illuminate\\Support\\ServiceProvider.php(144): Illuminate\\Container\\Container->call(Object(Closure))
#31 C:\\xampp\\htdocs\\laravel-dev-assessment\\vendor\\laravel\\framework\\src\\Illuminate\\Foundation\\Application.php(1124): Illuminate\\Support\\ServiceProvider->callBootedCallbacks()
#32 C:\\xampp\\htdocs\\laravel-dev-assessment\\vendor\\laravel\\framework\\src\\Illuminate\\Foundation\\Application.php(1102): Illuminate\\Foundation\\Application->bootProvider(Object(Illuminate\\Foundation\\Support\\Providers\\RouteServiceProvider))
#33 [internal function]: Illuminate\\Foundation\\Application->Illuminate\\Foundation\\{closure}(Object(Illuminate\\Foundation\\Support\\Providers\\RouteServiceProvider), 'Illuminate\\\\Foun...')
#34 C:\\xampp\\htdocs\\laravel-dev-assessment\\vendor\\laravel\\framework\\src\\Illuminate\\Foundation\\Application.php(1101): array_walk(Array, Object(Closure))
#35 C:\\xampp\\htdocs\\laravel-dev-assessment\\vendor\\laravel\\framework\\src\\Illuminate\\Foundation\\Bootstrap\\BootProviders.php(17): Illuminate\\Foundation\\Application->boot()
#36 C:\\xampp\\htdocs\\laravel-dev-assessment\\vendor\\laravel\\framework\\src\\Illuminate\\Foundation\\Application.php(316): Illuminate\\Foundation\\Bootstrap\\BootProviders->bootstrap(Object(Illuminate\\Foundation\\Application))
#37 C:\\xampp\\htdocs\\laravel-dev-assessment\\vendor\\laravel\\framework\\src\\Illuminate\\Foundation\\Console\\Kernel.php(474): Illuminate\\Foundation\\Application->bootstrapWith(Array)
#38 C:\\xampp\\htdocs\\laravel-dev-assessment\\vendor\\laravel\\framework\\src\\Illuminate\\Foundation\\Console\\Kernel.php(196): Illuminate\\Foundation\\Console\\Kernel->bootstrap()
#39 C:\\xampp\\htdocs\\laravel-dev-assessment\\vendor\\laravel\\framework\\src\\Illuminate\\Foundation\\Application.php(1205): Illuminate\\Foundation\\Console\\Kernel->handle(Object(Symfony\\Component\\Console\\Input\\ArgvInput), Object(Symfony\\Component\\Console\\Output\\ConsoleOutput))
#40 C:\\xampp\\htdocs\\laravel-dev-assessment\\artisan(13): Illuminate\\Foundation\\Application->handleCommand(Object(Symfony\\Component\\Console\\Input\\ArgvInput))
#41 {main}
"} 
[2025-02-04 09:36:53] local.ERROR: syntax error, unexpected variable "$skill" {"exception":"[object] (ParseError(code: 0): syntax error, unexpected variable \"$skill\" at C:\\xampp\\htdocs\\laravel-dev-assessment\\app\\Livewire\\Pages\\Skills\\Index.php:55)
[stacktrace]
#0 C:\\xampp\\htdocs\\laravel-dev-assessment\\vendor\\composer\\ClassLoader.php(427): Composer\\Autoload\\{closure}('C:\\\\xampp\\\\htdocs...')
#1 [internal function]: Composer\\Autoload\\ClassLoader->loadClass('App\\\\Livewire\\\\Pa...')
#2 C:\\xampp\\htdocs\\laravel-dev-assessment\\vendor\\laravel\\framework\\src\\Illuminate\\Routing\\RouteAction.php(91): method_exists('App\\\\Livewire\\\\Pa...', '__invoke')
#3 C:\\xampp\\htdocs\\laravel-dev-assessment\\vendor\\laravel\\framework\\src\\Illuminate\\Routing\\RouteAction.php(47): Illuminate\\Routing\\RouteAction::makeInvokable('App\\\\Livewire\\\\Pa...')
#4 C:\\xampp\\htdocs\\laravel-dev-assessment\\vendor\\laravel\\framework\\src\\Illuminate\\Routing\\Route.php(198): Illuminate\\Routing\\RouteAction::parse('admin/skills', Array)
#5 C:\\xampp\\htdocs\\laravel-dev-assessment\\vendor\\laravel\\framework\\src\\Illuminate\\Routing\\Route.php(179): Illuminate\\Routing\\Route->parseAction(Array)
#6 C:\\xampp\\htdocs\\laravel-dev-assessment\\vendor\\laravel\\framework\\src\\Illuminate\\Routing\\Router.php(671): Illuminate\\Routing\\Route->__construct(Array, 'admin/skills', Array)
#7 C:\\xampp\\htdocs\\laravel-dev-assessment\\vendor\\laravel\\framework\\src\\Illuminate\\Routing\\Router.php(563): Illuminate\\Routing\\Router->newRoute(Array, 'admin/skills', Array)
#8 C:\\xampp\\htdocs\\laravel-dev-assessment\\vendor\\laravel\\framework\\src\\Illuminate\\Routing\\Router.php(543): Illuminate\\Routing\\Router->createRoute(Array, '/skills', Array)
#9 C:\\xampp\\htdocs\\laravel-dev-assessment\\vendor\\laravel\\framework\\src\\Illuminate\\Routing\\Router.php(161): Illuminate\\Routing\\Router->addRoute(Array, '/skills', 'App\\\\Livewire\\\\Pa...')
#10 C:\\xampp\\htdocs\\laravel-dev-assessment\\vendor\\laravel\\framework\\src\\Illuminate\\Support\\Facades\\Facade.php(359): Illuminate\\Routing\\Router->get('/skills', 'App\\\\Livewire\\\\Pa...')
#11 C:\\xampp\\htdocs\\laravel-dev-assessment\\routes\\admin.php(18): Illuminate\\Support\\Facades\\Facade::__callStatic('get', Array)
#12 C:\\xampp\\htdocs\\laravel-dev-assessment\\vendor\\laravel\\framework\\src\\Illuminate\\Routing\\RouteFileRegistrar.php(35): require('C:\\\\xampp\\\\htdocs...')
#13 C:\\xampp\\htdocs\\laravel-dev-assessment\\vendor\\laravel\\framework\\src\\Illuminate\\Routing\\Router.php(513): Illuminate\\Routing\\RouteFileRegistrar->register('C:\\\\xampp\\\\htdocs...')
#14 C:\\xampp\\htdocs\\laravel-dev-assessment\\vendor\\laravel\\framework\\src\\Illuminate\\Routing\\Router.php(467): Illuminate\\Routing\\Router->loadRoutes('C:\\\\xampp\\\\htdocs...')
#15 C:\\xampp\\htdocs\\laravel-dev-assessment\\vendor\\laravel\\framework\\src\\Illuminate\\Routing\\RouteRegistrar.php(199): Illuminate\\Routing\\Router->group(Array, 'C:\\\\xampp\\\\htdocs...')
#16 C:\\xampp\\htdocs\\laravel-dev-assessment\\bootstrap\\app.php(16): Illuminate\\Routing\\RouteRegistrar->group('C:\\\\xampp\\\\htdocs...')
#17 C:\\xampp\\htdocs\\laravel-dev-assessment\\vendor\\laravel\\framework\\src\\Illuminate\\Foundation\\Configuration\\ApplicationBuilder.php(261): {closure}(Object(Illuminate\\Foundation\\Application))
#18 C:\\xampp\\htdocs\\laravel-dev-assessment\\vendor\\laravel\\framework\\src\\Illuminate\\Container\\BoundMethod.php(36): Illuminate\\Foundation\\Configuration\\ApplicationBuilder->Illuminate\\Foundation\\Configuration\\{closure}()
#19 C:\\xampp\\htdocs\\laravel-dev-assessment\\vendor\\laravel\\framework\\src\\Illuminate\\Container\\Util.php(43): Illuminate\\Container\\BoundMethod::Illuminate\\Container\\{closure}()
#20 C:\\xampp\\htdocs\\laravel-dev-assessment\\vendor\\laravel\\framework\\src\\Illuminate\\Container\\BoundMethod.php(83): Illuminate\\Container\\Util::unwrapIfClosure(Object(Closure))
#21 C:\\xampp\\htdocs\\laravel-dev-assessment\\vendor\\laravel\\framework\\src\\Illuminate\\Container\\BoundMethod.php(35): Illuminate\\Container\\BoundMethod::callBoundMethod(Object(Illuminate\\Foundation\\Application), Object(Closure), Object(Closure))
#22 C:\\xampp\\htdocs\\laravel-dev-assessment\\vendor\\laravel\\framework\\src\\Illuminate\\Container\\Container.php(694): Illuminate\\Container\\BoundMethod::call(Object(Illuminate\\Foundation\\Application), Object(Closure), Array, NULL)
#23 C:\\xampp\\htdocs\\laravel-dev-assessment\\vendor\\laravel\\framework\\src\\Illuminate\\Foundation\\Support\\Providers\\RouteServiceProvider.php(162): Illuminate\\Container\\Container->call(Object(Closure))
#24 C:\\xampp\\htdocs\\laravel-dev-assessment\\vendor\\laravel\\framework\\src\\Illuminate\\Foundation\\Support\\Providers\\RouteServiceProvider.php(59): Illuminate\\Foundation\\Support\\Providers\\RouteServiceProvider->loadRoutes()
#25 C:\\xampp\\htdocs\\laravel-dev-assessment\\vendor\\laravel\\framework\\src\\Illuminate\\Container\\BoundMethod.php(36): Illuminate\\Foundation\\Support\\Providers\\RouteServiceProvider->Illuminate\\Foundation\\Support\\Providers\\{closure}()
#26 C:\\xampp\\htdocs\\laravel-dev-assessment\\vendor\\laravel\\framework\\src\\Illuminate\\Container\\Util.php(43): Illuminate\\Container\\BoundMethod::Illuminate\\Container\\{closure}()
#27 C:\\xampp\\htdocs\\laravel-dev-assessment\\vendor\\laravel\\framework\\src\\Illuminate\\Container\\BoundMethod.php(83): Illuminate\\Container\\Util::unwrapIfClosure(Object(Closure))
#28 C:\\xampp\\htdocs\\laravel-dev-assessment\\vendor\\laravel\\framework\\src\\Illuminate\\Container\\BoundMethod.php(35): Illuminate\\Container\\BoundMethod::callBoundMethod(Object(Illuminate\\Foundation\\Application), Object(Closure), Object(Closure))
#29 C:\\xampp\\htdocs\\laravel-dev-assessment\\vendor\\laravel\\framework\\src\\Illuminate\\Container\\Container.php(694): Illuminate\\Container\\BoundMethod::call(Object(Illuminate\\Foundation\\Application), Object(Closure), Array, NULL)
#30 C:\\xampp\\htdocs\\laravel-dev-assessment\\vendor\\laravel\\framework\\src\\Illuminate\\Support\\ServiceProvider.php(144): Illuminate\\Container\\Container->call(Object(Closure))
#31 C:\\xampp\\htdocs\\laravel-dev-assessment\\vendor\\laravel\\framework\\src\\Illuminate\\Foundation\\Application.php(1124): Illuminate\\Support\\ServiceProvider->callBootedCallbacks()
#32 C:\\xampp\\htdocs\\laravel-dev-assessment\\vendor\\laravel\\framework\\src\\Illuminate\\Foundation\\Application.php(1102): Illuminate\\Foundation\\Application->bootProvider(Object(Illuminate\\Foundation\\Support\\Providers\\RouteServiceProvider))
#33 [internal function]: Illuminate\\Foundation\\Application->Illuminate\\Foundation\\{closure}(Object(Illuminate\\Foundation\\Support\\Providers\\RouteServiceProvider), 'Illuminate\\\\Foun...')
#34 C:\\xampp\\htdocs\\laravel-dev-assessment\\vendor\\laravel\\framework\\src\\Illuminate\\Foundation\\Application.php(1101): array_walk(Array, Object(Closure))
#35 C:\\xampp\\htdocs\\laravel-dev-assessment\\vendor\\laravel\\framework\\src\\Illuminate\\Foundation\\Bootstrap\\BootProviders.php(17): Illuminate\\Foundation\\Application->boot()
#36 C:\\xampp\\htdocs\\laravel-dev-assessment\\vendor\\laravel\\framework\\src\\Illuminate\\Foundation\\Application.php(316): Illuminate\\Foundation\\Bootstrap\\BootProviders->bootstrap(Object(Illuminate\\Foundation\\Application))
#37 C:\\xampp\\htdocs\\laravel-dev-assessment\\vendor\\laravel\\framework\\src\\Illuminate\\Foundation\\Http\\Kernel.php(187): Illuminate\\Foundation\\Application->bootstrapWith(Array)
#38 C:\\xampp\\htdocs\\laravel-dev-assessment\\vendor\\laravel\\framework\\src\\Illuminate\\Foundation\\Http\\Kernel.php(171): Illuminate\\Foundation\\Http\\Kernel->bootstrap()
#39 C:\\xampp\\htdocs\\laravel-dev-assessment\\vendor\\laravel\\framework\\src\\Illuminate\\Foundation\\Http\\Kernel.php(145): Illuminate\\Foundation\\Http\\Kernel->sendRequestThroughRouter(Object(Illuminate\\Http\\Request))
#40 C:\\xampp\\htdocs\\laravel-dev-assessment\\vendor\\laravel\\framework\\src\\Illuminate\\Foundation\\Application.php(1190): Illuminate\\Foundation\\Http\\Kernel->handle(Object(Illuminate\\Http\\Request))
#41 C:\\xampp\\htdocs\\laravel-dev-assessment\\public\\index.php(17): Illuminate\\Foundation\\Application->handleRequest(Object(Illuminate\\Http\\Request))
#42 {main}
"} 
[2025-02-04 09:36:56] local.ERROR: syntax error, unexpected identifier "message", expecting ")" {"exception":"[object] (ParseError(code: 0): syntax error, unexpected identifier \"message\", expecting \")\" at C:\\xampp\\htdocs\\laravel-dev-assessment\\app\\Livewire\\Pages\\Skills\\Index.php:63)
[stacktrace]
#0 C:\\xampp\\htdocs\\laravel-dev-assessment\\vendor\\composer\\ClassLoader.php(427): Composer\\Autoload\\{closure}('C:\\\\xampp\\\\htdocs...')
#1 [internal function]: Composer\\Autoload\\ClassLoader->loadClass('App\\\\Livewire\\\\Pa...')
#2 C:\\xampp\\htdocs\\laravel-dev-assessment\\vendor\\laravel\\framework\\src\\Illuminate\\Routing\\RouteAction.php(91): method_exists('App\\\\Livewire\\\\Pa...', '__invoke')
#3 C:\\xampp\\htdocs\\laravel-dev-assessment\\vendor\\laravel\\framework\\src\\Illuminate\\Routing\\RouteAction.php(47): Illuminate\\Routing\\RouteAction::makeInvokable('App\\\\Livewire\\\\Pa...')
#4 C:\\xampp\\htdocs\\laravel-dev-assessment\\vendor\\laravel\\framework\\src\\Illuminate\\Routing\\Route.php(198): Illuminate\\Routing\\RouteAction::parse('admin/skills', Array)
#5 C:\\xampp\\htdocs\\laravel-dev-assessment\\vendor\\laravel\\framework\\src\\Illuminate\\Routing\\Route.php(179): Illuminate\\Routing\\Route->parseAction(Array)
#6 C:\\xampp\\htdocs\\laravel-dev-assessment\\vendor\\laravel\\framework\\src\\Illuminate\\Routing\\Router.php(671): Illuminate\\Routing\\Route->__construct(Array, 'admin/skills', Array)
#7 C:\\xampp\\htdocs\\laravel-dev-assessment\\vendor\\laravel\\framework\\src\\Illuminate\\Routing\\Router.php(563): Illuminate\\Routing\\Router->newRoute(Array, 'admin/skills', Array)
#8 C:\\xampp\\htdocs\\laravel-dev-assessment\\vendor\\laravel\\framework\\src\\Illuminate\\Routing\\Router.php(543): Illuminate\\Routing\\Router->createRoute(Array, '/skills', Array)
#9 C:\\xampp\\htdocs\\laravel-dev-assessment\\vendor\\laravel\\framework\\src\\Illuminate\\Routing\\Router.php(161): Illuminate\\Routing\\Router->addRoute(Array, '/skills', 'App\\\\Livewire\\\\Pa...')
#10 C:\\xampp\\htdocs\\laravel-dev-assessment\\vendor\\laravel\\framework\\src\\Illuminate\\Support\\Facades\\Facade.php(359): Illuminate\\Routing\\Router->get('/skills', 'App\\\\Livewire\\\\Pa...')
#11 C:\\xampp\\htdocs\\laravel-dev-assessment\\routes\\admin.php(18): Illuminate\\Support\\Facades\\Facade::__callStatic('get', Array)
#12 C:\\xampp\\htdocs\\laravel-dev-assessment\\vendor\\laravel\\framework\\src\\Illuminate\\Routing\\RouteFileRegistrar.php(35): require('C:\\\\xampp\\\\htdocs...')
#13 C:\\xampp\\htdocs\\laravel-dev-assessment\\vendor\\laravel\\framework\\src\\Illuminate\\Routing\\Router.php(513): Illuminate\\Routing\\RouteFileRegistrar->register('C:\\\\xampp\\\\htdocs...')
#14 C:\\xampp\\htdocs\\laravel-dev-assessment\\vendor\\laravel\\framework\\src\\Illuminate\\Routing\\Router.php(467): Illuminate\\Routing\\Router->loadRoutes('C:\\\\xampp\\\\htdocs...')
#15 C:\\xampp\\htdocs\\laravel-dev-assessment\\vendor\\laravel\\framework\\src\\Illuminate\\Routing\\RouteRegistrar.php(199): Illuminate\\Routing\\Router->group(Array, 'C:\\\\xampp\\\\htdocs...')
#16 C:\\xampp\\htdocs\\laravel-dev-assessment\\bootstrap\\app.php(16): Illuminate\\Routing\\RouteRegistrar->group('C:\\\\xampp\\\\htdocs...')
#17 C:\\xampp\\htdocs\\laravel-dev-assessment\\vendor\\laravel\\framework\\src\\Illuminate\\Foundation\\Configuration\\ApplicationBuilder.php(261): {closure}(Object(Illuminate\\Foundation\\Application))
#18 C:\\xampp\\htdocs\\laravel-dev-assessment\\vendor\\laravel\\framework\\src\\Illuminate\\Container\\BoundMethod.php(36): Illuminate\\Foundation\\Configuration\\ApplicationBuilder->Illuminate\\Foundation\\Configuration\\{closure}()
#19 C:\\xampp\\htdocs\\laravel-dev-assessment\\vendor\\laravel\\framework\\src\\Illuminate\\Container\\Util.php(43): Illuminate\\Container\\BoundMethod::Illuminate\\Container\\{closure}()
#20 C:\\xampp\\htdocs\\laravel-dev-assessment\\vendor\\laravel\\framework\\src\\Illuminate\\Container\\BoundMethod.php(83): Illuminate\\Container\\Util::unwrapIfClosure(Object(Closure))
#21 C:\\xampp\\htdocs\\laravel-dev-assessment\\vendor\\laravel\\framework\\src\\Illuminate\\Container\\BoundMethod.php(35): Illuminate\\Container\\BoundMethod::callBoundMethod(Object(Illuminate\\Foundation\\Application), Object(Closure), Object(Closure))
#22 C:\\xampp\\htdocs\\laravel-dev-assessment\\vendor\\laravel\\framework\\src\\Illuminate\\Container\\Container.php(694): Illuminate\\Container\\BoundMethod::call(Object(Illuminate\\Foundation\\Application), Object(Closure), Array, NULL)
#23 C:\\xampp\\htdocs\\laravel-dev-assessment\\vendor\\laravel\\framework\\src\\Illuminate\\Foundation\\Support\\Providers\\RouteServiceProvider.php(162): Illuminate\\Container\\Container->call(Object(Closure))
#24 C:\\xampp\\htdocs\\laravel-dev-assessment\\vendor\\laravel\\framework\\src\\Illuminate\\Foundation\\Support\\Providers\\RouteServiceProvider.php(59): Illuminate\\Foundation\\Support\\Providers\\RouteServiceProvider->loadRoutes()
#25 C:\\xampp\\htdocs\\laravel-dev-assessment\\vendor\\laravel\\framework\\src\\Illuminate\\Container\\BoundMethod.php(36): Illuminate\\Foundation\\Support\\Providers\\RouteServiceProvider->Illuminate\\Foundation\\Support\\Providers\\{closure}()
#26 C:\\xampp\\htdocs\\laravel-dev-assessment\\vendor\\laravel\\framework\\src\\Illuminate\\Container\\Util.php(43): Illuminate\\Container\\BoundMethod::Illuminate\\Container\\{closure}()
#27 C:\\xampp\\htdocs\\laravel-dev-assessment\\vendor\\laravel\\framework\\src\\Illuminate\\Container\\BoundMethod.php(83): Illuminate\\Container\\Util::unwrapIfClosure(Object(Closure))
#28 C:\\xampp\\htdocs\\laravel-dev-assessment\\vendor\\laravel\\framework\\src\\Illuminate\\Container\\BoundMethod.php(35): Illuminate\\Container\\BoundMethod::callBoundMethod(Object(Illuminate\\Foundation\\Application), Object(Closure), Object(Closure))
#29 C:\\xampp\\htdocs\\laravel-dev-assessment\\vendor\\laravel\\framework\\src\\Illuminate\\Container\\Container.php(694): Illuminate\\Container\\BoundMethod::call(Object(Illuminate\\Foundation\\Application), Object(Closure), Array, NULL)
#30 C:\\xampp\\htdocs\\laravel-dev-assessment\\vendor\\laravel\\framework\\src\\Illuminate\\Support\\ServiceProvider.php(144): Illuminate\\Container\\Container->call(Object(Closure))
#31 C:\\xampp\\htdocs\\laravel-dev-assessment\\vendor\\laravel\\framework\\src\\Illuminate\\Foundation\\Application.php(1124): Illuminate\\Support\\ServiceProvider->callBootedCallbacks()
#32 C:\\xampp\\htdocs\\laravel-dev-assessment\\vendor\\laravel\\framework\\src\\Illuminate\\Foundation\\Application.php(1102): Illuminate\\Foundation\\Application->bootProvider(Object(Illuminate\\Foundation\\Support\\Providers\\RouteServiceProvider))
#33 [internal function]: Illuminate\\Foundation\\Application->Illuminate\\Foundation\\{closure}(Object(Illuminate\\Foundation\\Support\\Providers\\RouteServiceProvider), 'Illuminate\\\\Foun...')
#34 C:\\xampp\\htdocs\\laravel-dev-assessment\\vendor\\laravel\\framework\\src\\Illuminate\\Foundation\\Application.php(1101): array_walk(Array, Object(Closure))
#35 C:\\xampp\\htdocs\\laravel-dev-assessment\\vendor\\laravel\\framework\\src\\Illuminate\\Foundation\\Bootstrap\\BootProviders.php(17): Illuminate\\Foundation\\Application->boot()
#36 C:\\xampp\\htdocs\\laravel-dev-assessment\\vendor\\laravel\\framework\\src\\Illuminate\\Foundation\\Application.php(316): Illuminate\\Foundation\\Bootstrap\\BootProviders->bootstrap(Object(Illuminate\\Foundation\\Application))
#37 C:\\xampp\\htdocs\\laravel-dev-assessment\\vendor\\laravel\\framework\\src\\Illuminate\\Foundation\\Http\\Kernel.php(187): Illuminate\\Foundation\\Application->bootstrapWith(Array)
#38 C:\\xampp\\htdocs\\laravel-dev-assessment\\vendor\\laravel\\framework\\src\\Illuminate\\Foundation\\Http\\Kernel.php(171): Illuminate\\Foundation\\Http\\Kernel->bootstrap()
#39 C:\\xampp\\htdocs\\laravel-dev-assessment\\vendor\\laravel\\framework\\src\\Illuminate\\Foundation\\Http\\Kernel.php(145): Illuminate\\Foundation\\Http\\Kernel->sendRequestThroughRouter(Object(Illuminate\\Http\\Request))
#40 C:\\xampp\\htdocs\\laravel-dev-assessment\\vendor\\laravel\\framework\\src\\Illuminate\\Foundation\\Application.php(1190): Illuminate\\Foundation\\Http\\Kernel->handle(Object(Illuminate\\Http\\Request))
#41 C:\\xampp\\htdocs\\laravel-dev-assessment\\public\\index.php(17): Illuminate\\Foundation\\Application->handleRequest(Object(Illuminate\\Http\\Request))
#42 {main}
"} 
[2025-02-04 09:36:56] local.ERROR: syntax error, unexpected identifier "message", expecting ")" {"exception":"[object] (ParseError(code: 0): syntax error, unexpected identifier \"message\", expecting \")\" at C:\\xampp\\htdocs\\laravel-dev-assessment\\app\\Livewire\\Pages\\Skills\\Index.php:63)
[stacktrace]
#0 C:\\xampp\\htdocs\\laravel-dev-assessment\\vendor\\composer\\ClassLoader.php(427): Composer\\Autoload\\{closure}('C:\\\\xampp\\\\htdocs...')
#1 [internal function]: Composer\\Autoload\\ClassLoader->loadClass('App\\\\Livewire\\\\Pa...')
#2 C:\\xampp\\htdocs\\laravel-dev-assessment\\vendor\\laravel\\framework\\src\\Illuminate\\Routing\\RouteAction.php(91): method_exists('App\\\\Livewire\\\\Pa...', '__invoke')
#3 C:\\xampp\\htdocs\\laravel-dev-assessment\\vendor\\laravel\\framework\\src\\Illuminate\\Routing\\RouteAction.php(47): Illuminate\\Routing\\RouteAction::makeInvokable('App\\\\Livewire\\\\Pa...')
#4 C:\\xampp\\htdocs\\laravel-dev-assessment\\vendor\\laravel\\framework\\src\\Illuminate\\Routing\\Route.php(198): Illuminate\\Routing\\RouteAction::parse('admin/skills', Array)
#5 C:\\xampp\\htdocs\\laravel-dev-assessment\\vendor\\laravel\\framework\\src\\Illuminate\\Routing\\Route.php(179): Illuminate\\Routing\\Route->parseAction(Array)
#6 C:\\xampp\\htdocs\\laravel-dev-assessment\\vendor\\laravel\\framework\\src\\Illuminate\\Routing\\Router.php(671): Illuminate\\Routing\\Route->__construct(Array, 'admin/skills', Array)
#7 C:\\xampp\\htdocs\\laravel-dev-assessment\\vendor\\laravel\\framework\\src\\Illuminate\\Routing\\Router.php(563): Illuminate\\Routing\\Router->newRoute(Array, 'admin/skills', Array)
#8 C:\\xampp\\htdocs\\laravel-dev-assessment\\vendor\\laravel\\framework\\src\\Illuminate\\Routing\\Router.php(543): Illuminate\\Routing\\Router->createRoute(Array, '/skills', Array)
#9 C:\\xampp\\htdocs\\laravel-dev-assessment\\vendor\\laravel\\framework\\src\\Illuminate\\Routing\\Router.php(161): Illuminate\\Routing\\Router->addRoute(Array, '/skills', 'App\\\\Livewire\\\\Pa...')
#10 C:\\xampp\\htdocs\\laravel-dev-assessment\\vendor\\laravel\\framework\\src\\Illuminate\\Support\\Facades\\Facade.php(359): Illuminate\\Routing\\Router->get('/skills', 'App\\\\Livewire\\\\Pa...')
#11 C:\\xampp\\htdocs\\laravel-dev-assessment\\routes\\admin.php(18): Illuminate\\Support\\Facades\\Facade::__callStatic('get', Array)
#12 C:\\xampp\\htdocs\\laravel-dev-assessment\\vendor\\laravel\\framework\\src\\Illuminate\\Routing\\RouteFileRegistrar.php(35): require('C:\\\\xampp\\\\htdocs...')
#13 C:\\xampp\\htdocs\\laravel-dev-assessment\\vendor\\laravel\\framework\\src\\Illuminate\\Routing\\Router.php(513): Illuminate\\Routing\\RouteFileRegistrar->register('C:\\\\xampp\\\\htdocs...')
#14 C:\\xampp\\htdocs\\laravel-dev-assessment\\vendor\\laravel\\framework\\src\\Illuminate\\Routing\\Router.php(467): Illuminate\\Routing\\Router->loadRoutes('C:\\\\xampp\\\\htdocs...')
#15 C:\\xampp\\htdocs\\laravel-dev-assessment\\vendor\\laravel\\framework\\src\\Illuminate\\Routing\\RouteRegistrar.php(199): Illuminate\\Routing\\Router->group(Array, 'C:\\\\xampp\\\\htdocs...')
#16 C:\\xampp\\htdocs\\laravel-dev-assessment\\bootstrap\\app.php(16): Illuminate\\Routing\\RouteRegistrar->group('C:\\\\xampp\\\\htdocs...')
#17 C:\\xampp\\htdocs\\laravel-dev-assessment\\vendor\\laravel\\framework\\src\\Illuminate\\Foundation\\Configuration\\ApplicationBuilder.php(261): {closure}(Object(Illuminate\\Foundation\\Application))
#18 C:\\xampp\\htdocs\\laravel-dev-assessment\\vendor\\laravel\\framework\\src\\Illuminate\\Container\\BoundMethod.php(36): Illuminate\\Foundation\\Configuration\\ApplicationBuilder->Illuminate\\Foundation\\Configuration\\{closure}()
#19 C:\\xampp\\htdocs\\laravel-dev-assessment\\vendor\\laravel\\framework\\src\\Illuminate\\Container\\Util.php(43): Illuminate\\Container\\BoundMethod::Illuminate\\Container\\{closure}()
#20 C:\\xampp\\htdocs\\laravel-dev-assessment\\vendor\\laravel\\framework\\src\\Illuminate\\Container\\BoundMethod.php(83): Illuminate\\Container\\Util::unwrapIfClosure(Object(Closure))
#21 C:\\xampp\\htdocs\\laravel-dev-assessment\\vendor\\laravel\\framework\\src\\Illuminate\\Container\\BoundMethod.php(35): Illuminate\\Container\\BoundMethod::callBoundMethod(Object(Illuminate\\Foundation\\Application), Object(Closure), Object(Closure))
#22 C:\\xampp\\htdocs\\laravel-dev-assessment\\vendor\\laravel\\framework\\src\\Illuminate\\Container\\Container.php(694): Illuminate\\Container\\BoundMethod::call(Object(Illuminate\\Foundation\\Application), Object(Closure), Array, NULL)
#23 C:\\xampp\\htdocs\\laravel-dev-assessment\\vendor\\laravel\\framework\\src\\Illuminate\\Foundation\\Support\\Providers\\RouteServiceProvider.php(162): Illuminate\\Container\\Container->call(Object(Closure))
#24 C:\\xampp\\htdocs\\laravel-dev-assessment\\vendor\\laravel\\framework\\src\\Illuminate\\Foundation\\Support\\Providers\\RouteServiceProvider.php(59): Illuminate\\Foundation\\Support\\Providers\\RouteServiceProvider->loadRoutes()
#25 C:\\xampp\\htdocs\\laravel-dev-assessment\\vendor\\laravel\\framework\\src\\Illuminate\\Container\\BoundMethod.php(36): Illuminate\\Foundation\\Support\\Providers\\RouteServiceProvider->Illuminate\\Foundation\\Support\\Providers\\{closure}()
#26 C:\\xampp\\htdocs\\laravel-dev-assessment\\vendor\\laravel\\framework\\src\\Illuminate\\Container\\Util.php(43): Illuminate\\Container\\BoundMethod::Illuminate\\Container\\{closure}()
#27 C:\\xampp\\htdocs\\laravel-dev-assessment\\vendor\\laravel\\framework\\src\\Illuminate\\Container\\BoundMethod.php(83): Illuminate\\Container\\Util::unwrapIfClosure(Object(Closure))
#28 C:\\xampp\\htdocs\\laravel-dev-assessment\\vendor\\laravel\\framework\\src\\Illuminate\\Container\\BoundMethod.php(35): Illuminate\\Container\\BoundMethod::callBoundMethod(Object(Illuminate\\Foundation\\Application), Object(Closure), Object(Closure))
#29 C:\\xampp\\htdocs\\laravel-dev-assessment\\vendor\\laravel\\framework\\src\\Illuminate\\Container\\Container.php(694): Illuminate\\Container\\BoundMethod::call(Object(Illuminate\\Foundation\\Application), Object(Closure), Array, NULL)
#30 C:\\xampp\\htdocs\\laravel-dev-assessment\\vendor\\laravel\\framework\\src\\Illuminate\\Support\\ServiceProvider.php(144): Illuminate\\Container\\Container->call(Object(Closure))
#31 C:\\xampp\\htdocs\\laravel-dev-assessment\\vendor\\laravel\\framework\\src\\Illuminate\\Foundation\\Application.php(1124): Illuminate\\Support\\ServiceProvider->callBootedCallbacks()
#32 C:\\xampp\\htdocs\\laravel-dev-assessment\\vendor\\laravel\\framework\\src\\Illuminate\\Foundation\\Application.php(1102): Illuminate\\Foundation\\Application->bootProvider(Object(Illuminate\\Foundation\\Support\\Providers\\RouteServiceProvider))
#33 [internal function]: Illuminate\\Foundation\\Application->Illuminate\\Foundation\\{closure}(Object(Illuminate\\Foundation\\Support\\Providers\\RouteServiceProvider), 'Illuminate\\\\Foun...')
#34 C:\\xampp\\htdocs\\laravel-dev-assessment\\vendor\\laravel\\framework\\src\\Illuminate\\Foundation\\Application.php(1101): array_walk(Array, Object(Closure))
#35 C:\\xampp\\htdocs\\laravel-dev-assessment\\vendor\\laravel\\framework\\src\\Illuminate\\Foundation\\Bootstrap\\BootProviders.php(17): Illuminate\\Foundation\\Application->boot()
#36 C:\\xampp\\htdocs\\laravel-dev-assessment\\vendor\\laravel\\framework\\src\\Illuminate\\Foundation\\Application.php(316): Illuminate\\Foundation\\Bootstrap\\BootProviders->bootstrap(Object(Illuminate\\Foundation\\Application))
#37 C:\\xampp\\htdocs\\laravel-dev-assessment\\vendor\\laravel\\framework\\src\\Illuminate\\Foundation\\Console\\Kernel.php(474): Illuminate\\Foundation\\Application->bootstrapWith(Array)
#38 C:\\xampp\\htdocs\\laravel-dev-assessment\\vendor\\laravel\\framework\\src\\Illuminate\\Foundation\\Console\\Kernel.php(196): Illuminate\\Foundation\\Console\\Kernel->bootstrap()
#39 C:\\xampp\\htdocs\\laravel-dev-assessment\\vendor\\laravel\\framework\\src\\Illuminate\\Foundation\\Application.php(1205): Illuminate\\Foundation\\Console\\Kernel->handle(Object(Symfony\\Component\\Console\\Input\\ArgvInput), Object(Symfony\\Component\\Console\\Output\\ConsoleOutput))
#40 C:\\xampp\\htdocs\\laravel-dev-assessment\\artisan(13): Illuminate\\Foundation\\Application->handleCommand(Object(Symfony\\Component\\Console\\Input\\ArgvInput))
#41 {main}
"} 
[2025-02-04 09:36:58] local.ERROR: syntax error, unexpected variable "$skill" {"exception":"[object] (ParseError(code: 0): syntax error, unexpected variable \"$skill\" at C:\\xampp\\htdocs\\laravel-dev-assessment\\app\\Livewire\\Pages\\Skills\\Index.php:55)
[stacktrace]
#0 C:\\xampp\\htdocs\\laravel-dev-assessment\\vendor\\composer\\ClassLoader.php(427): Composer\\Autoload\\{closure}('C:\\\\xampp\\\\htdocs...')
#1 [internal function]: Composer\\Autoload\\ClassLoader->loadClass('App\\\\Livewire\\\\Pa...')
#2 C:\\xampp\\htdocs\\laravel-dev-assessment\\vendor\\laravel\\framework\\src\\Illuminate\\Routing\\RouteAction.php(91): method_exists('App\\\\Livewire\\\\Pa...', '__invoke')
#3 C:\\xampp\\htdocs\\laravel-dev-assessment\\vendor\\laravel\\framework\\src\\Illuminate\\Routing\\RouteAction.php(47): Illuminate\\Routing\\RouteAction::makeInvokable('App\\\\Livewire\\\\Pa...')
#4 C:\\xampp\\htdocs\\laravel-dev-assessment\\vendor\\laravel\\framework\\src\\Illuminate\\Routing\\Route.php(198): Illuminate\\Routing\\RouteAction::parse('admin/skills', Array)
#5 C:\\xampp\\htdocs\\laravel-dev-assessment\\vendor\\laravel\\framework\\src\\Illuminate\\Routing\\Route.php(179): Illuminate\\Routing\\Route->parseAction(Array)
#6 C:\\xampp\\htdocs\\laravel-dev-assessment\\vendor\\laravel\\framework\\src\\Illuminate\\Routing\\Router.php(671): Illuminate\\Routing\\Route->__construct(Array, 'admin/skills', Array)
#7 C:\\xampp\\htdocs\\laravel-dev-assessment\\vendor\\laravel\\framework\\src\\Illuminate\\Routing\\Router.php(563): Illuminate\\Routing\\Router->newRoute(Array, 'admin/skills', Array)
#8 C:\\xampp\\htdocs\\laravel-dev-assessment\\vendor\\laravel\\framework\\src\\Illuminate\\Routing\\Router.php(543): Illuminate\\Routing\\Router->createRoute(Array, '/skills', Array)
#9 C:\\xampp\\htdocs\\laravel-dev-assessment\\vendor\\laravel\\framework\\src\\Illuminate\\Routing\\Router.php(161): Illuminate\\Routing\\Router->addRoute(Array, '/skills', 'App\\\\Livewire\\\\Pa...')
#10 C:\\xampp\\htdocs\\laravel-dev-assessment\\vendor\\laravel\\framework\\src\\Illuminate\\Support\\Facades\\Facade.php(359): Illuminate\\Routing\\Router->get('/skills', 'App\\\\Livewire\\\\Pa...')
#11 C:\\xampp\\htdocs\\laravel-dev-assessment\\routes\\admin.php(18): Illuminate\\Support\\Facades\\Facade::__callStatic('get', Array)
#12 C:\\xampp\\htdocs\\laravel-dev-assessment\\vendor\\laravel\\framework\\src\\Illuminate\\Routing\\RouteFileRegistrar.php(35): require('C:\\\\xampp\\\\htdocs...')
#13 C:\\xampp\\htdocs\\laravel-dev-assessment\\vendor\\laravel\\framework\\src\\Illuminate\\Routing\\Router.php(513): Illuminate\\Routing\\RouteFileRegistrar->register('C:\\\\xampp\\\\htdocs...')
#14 C:\\xampp\\htdocs\\laravel-dev-assessment\\vendor\\laravel\\framework\\src\\Illuminate\\Routing\\Router.php(467): Illuminate\\Routing\\Router->loadRoutes('C:\\\\xampp\\\\htdocs...')
#15 C:\\xampp\\htdocs\\laravel-dev-assessment\\vendor\\laravel\\framework\\src\\Illuminate\\Routing\\RouteRegistrar.php(199): Illuminate\\Routing\\Router->group(Array, 'C:\\\\xampp\\\\htdocs...')
#16 C:\\xampp\\htdocs\\laravel-dev-assessment\\bootstrap\\app.php(16): Illuminate\\Routing\\RouteRegistrar->group('C:\\\\xampp\\\\htdocs...')
#17 C:\\xampp\\htdocs\\laravel-dev-assessment\\vendor\\laravel\\framework\\src\\Illuminate\\Foundation\\Configuration\\ApplicationBuilder.php(261): {closure}(Object(Illuminate\\Foundation\\Application))
#18 C:\\xampp\\htdocs\\laravel-dev-assessment\\vendor\\laravel\\framework\\src\\Illuminate\\Container\\BoundMethod.php(36): Illuminate\\Foundation\\Configuration\\ApplicationBuilder->Illuminate\\Foundation\\Configuration\\{closure}()
#19 C:\\xampp\\htdocs\\laravel-dev-assessment\\vendor\\laravel\\framework\\src\\Illuminate\\Container\\Util.php(43): Illuminate\\Container\\BoundMethod::Illuminate\\Container\\{closure}()
#20 C:\\xampp\\htdocs\\laravel-dev-assessment\\vendor\\laravel\\framework\\src\\Illuminate\\Container\\BoundMethod.php(83): Illuminate\\Container\\Util::unwrapIfClosure(Object(Closure))
#21 C:\\xampp\\htdocs\\laravel-dev-assessment\\vendor\\laravel\\framework\\src\\Illuminate\\Container\\BoundMethod.php(35): Illuminate\\Container\\BoundMethod::callBoundMethod(Object(Illuminate\\Foundation\\Application), Object(Closure), Object(Closure))
#22 C:\\xampp\\htdocs\\laravel-dev-assessment\\vendor\\laravel\\framework\\src\\Illuminate\\Container\\Container.php(694): Illuminate\\Container\\BoundMethod::call(Object(Illuminate\\Foundation\\Application), Object(Closure), Array, NULL)
#23 C:\\xampp\\htdocs\\laravel-dev-assessment\\vendor\\laravel\\framework\\src\\Illuminate\\Foundation\\Support\\Providers\\RouteServiceProvider.php(162): Illuminate\\Container\\Container->call(Object(Closure))
#24 C:\\xampp\\htdocs\\laravel-dev-assessment\\vendor\\laravel\\framework\\src\\Illuminate\\Foundation\\Support\\Providers\\RouteServiceProvider.php(59): Illuminate\\Foundation\\Support\\Providers\\RouteServiceProvider->loadRoutes()
#25 C:\\xampp\\htdocs\\laravel-dev-assessment\\vendor\\laravel\\framework\\src\\Illuminate\\Container\\BoundMethod.php(36): Illuminate\\Foundation\\Support\\Providers\\RouteServiceProvider->Illuminate\\Foundation\\Support\\Providers\\{closure}()
#26 C:\\xampp\\htdocs\\laravel-dev-assessment\\vendor\\laravel\\framework\\src\\Illuminate\\Container\\Util.php(43): Illuminate\\Container\\BoundMethod::Illuminate\\Container\\{closure}()
#27 C:\\xampp\\htdocs\\laravel-dev-assessment\\vendor\\laravel\\framework\\src\\Illuminate\\Container\\BoundMethod.php(83): Illuminate\\Container\\Util::unwrapIfClosure(Object(Closure))
#28 C:\\xampp\\htdocs\\laravel-dev-assessment\\vendor\\laravel\\framework\\src\\Illuminate\\Container\\BoundMethod.php(35): Illuminate\\Container\\BoundMethod::callBoundMethod(Object(Illuminate\\Foundation\\Application), Object(Closure), Object(Closure))
#29 C:\\xampp\\htdocs\\laravel-dev-assessment\\vendor\\laravel\\framework\\src\\Illuminate\\Container\\Container.php(694): Illuminate\\Container\\BoundMethod::call(Object(Illuminate\\Foundation\\Application), Object(Closure), Array, NULL)
#30 C:\\xampp\\htdocs\\laravel-dev-assessment\\vendor\\laravel\\framework\\src\\Illuminate\\Support\\ServiceProvider.php(144): Illuminate\\Container\\Container->call(Object(Closure))
#31 C:\\xampp\\htdocs\\laravel-dev-assessment\\vendor\\laravel\\framework\\src\\Illuminate\\Foundation\\Application.php(1124): Illuminate\\Support\\ServiceProvider->callBootedCallbacks()
#32 C:\\xampp\\htdocs\\laravel-dev-assessment\\vendor\\laravel\\framework\\src\\Illuminate\\Foundation\\Application.php(1102): Illuminate\\Foundation\\Application->bootProvider(Object(Illuminate\\Foundation\\Support\\Providers\\RouteServiceProvider))
#33 [internal function]: Illuminate\\Foundation\\Application->Illuminate\\Foundation\\{closure}(Object(Illuminate\\Foundation\\Support\\Providers\\RouteServiceProvider), 'Illuminate\\\\Foun...')
#34 C:\\xampp\\htdocs\\laravel-dev-assessment\\vendor\\laravel\\framework\\src\\Illuminate\\Foundation\\Application.php(1101): array_walk(Array, Object(Closure))
#35 C:\\xampp\\htdocs\\laravel-dev-assessment\\vendor\\laravel\\framework\\src\\Illuminate\\Foundation\\Bootstrap\\BootProviders.php(17): Illuminate\\Foundation\\Application->boot()
#36 C:\\xampp\\htdocs\\laravel-dev-assessment\\vendor\\laravel\\framework\\src\\Illuminate\\Foundation\\Application.php(316): Illuminate\\Foundation\\Bootstrap\\BootProviders->bootstrap(Object(Illuminate\\Foundation\\Application))
#37 C:\\xampp\\htdocs\\laravel-dev-assessment\\vendor\\laravel\\framework\\src\\Illuminate\\Foundation\\Console\\Kernel.php(474): Illuminate\\Foundation\\Application->bootstrapWith(Array)
#38 C:\\xampp\\htdocs\\laravel-dev-assessment\\vendor\\laravel\\framework\\src\\Illuminate\\Foundation\\Console\\Kernel.php(196): Illuminate\\Foundation\\Console\\Kernel->bootstrap()
#39 C:\\xampp\\htdocs\\laravel-dev-assessment\\vendor\\laravel\\framework\\src\\Illuminate\\Foundation\\Application.php(1205): Illuminate\\Foundation\\Console\\Kernel->handle(Object(Symfony\\Component\\Console\\Input\\ArgvInput), Object(Symfony\\Component\\Console\\Output\\ConsoleOutput))
#40 C:\\xampp\\htdocs\\laravel-dev-assessment\\artisan(13): Illuminate\\Foundation\\Application->handleCommand(Object(Symfony\\Component\\Console\\Input\\ArgvInput))
#41 {main}
"} 
